33,"Il polpo vivo..
IN TUTTO IL SUO SPLENDORE ğŸ™ğŸ˜ğŸŒŠ

#foodlover #food #foodporn #foodblogger #foodie #instafood #foodstagram #delicious #foodgasm #foodpics #foodpic #foodphotography #foodblog #yummy #dinner #foods #instagood #italy #italianfood #eat #cibo #tasty #cucina #cooking #polpo #foodart #eating #lunch #breakfast #picoftheday"
13,"Colori e sapori del mare ğŸ¦ğŸŒŠ 

#foodlover #food #foodporn #foodblogger #foodie #instafood #foodstagram #delicious #foodgasm #foodpics #foodpic #foodphotography #foodblog #yummy #dinner #foods #instagood #italy #italianfood #eat #cibo #tasty #cucina #cooking #love #foodart #eating #lunch #breakfast #picoftheday"
1,"Coffe Stand / Pour-Over Coffee Stand 
#abrakadabrahandmade #breakfast #brewerstand #camping #coffeedripperstand #coffeelover #coffepouroverstand #coffestand #coffeeshop #dripcoffestand #etsy #etsysellerofinstagram #etsyshop #etsyseller  #events #familygatherings #gardenparty #gift #hostess #motorhome #outdoor #party #pourovercoffeestand #rv #singlecoffe #specialgift #supportetsysellers #tablecoffeefilter #tablewares #upscale"
3,This can be a good idea to take your breakfast #healthylifestyle #breakfast #fit #happy #goodnutrition
63,"âœ¨Creamy Chia Pudding With @kaysnaturals Cookie Bitesâœ¨â£
â£
I've really been loving chia pudding lately, especially because I love making mine extra thick and creamy by making it with coconut creamğŸ¤¤ I also made this one extra delicious and protein packed by adding @kaysnaturals cookie bites. They have 12 grams of protein per serving and they are so delicious, crunchy, and cinnamon-ey! You can use code ""veggieworld"" to get 30% off these yummy cookie bites, or any other products from @kaysnaturals by shopping on their websiteğŸ¤—â£
â£
ğŸ¤Creamy Chia PuddingğŸ¤â£
â£
Ingredientsâ£
1 can coconut milkâ£
1/2 cup chia seedsâ£
2 tbsp maple syrupâ£
1/2 tsp vanillaâ£
@kaysnaturals cookie bitesâ£
â£
Directionsâ£
To a bowl, add the coconut milk, chia seeds, maple syrup, and vanilla. Stir all of the ingredients well. Cover the bowl with a lid and place in the fridge overnight. Your chia pudding will be thick, creamy, and ready to enjoy in the morning. Add it to a bowl and top with your cookie bites and some berriesğŸ˜‹ğŸ“â£
â£
#sponsored",#chiaseeds #chiapudding #chia #dessert #vegandessert #healthydesserts #healthydessert #vegansnacks #kidfriendlyfood #veganbowls #veganbowl #breakfast #veganbreakfast #veganbreakfastideas #healthybreakfast #healthybreakfastideas #glutenfree #glutenfreerecipes #glutenfreevegan #dairyfreerecipes #veganrecipes #healthyrecipes #plantbaseddiet #nobakedessert #eeeeeats #veganfood #vegansofig #veganfoodblog,This looks so delicious. I love the added crunch ğŸ˜,Weeee so prettyğŸ˜ğŸ˜,cookie bites sound insanely amazing!â¤ï¸,Oh so creamy indeed! Those bites sound so good,chia pudding is the bestttt!,Oh so creamy and delicious,oehhhğŸ˜ love chia pudding!!
8,"AZTEC LOVE POTION
Revel in the luxurious blend of spices and chilies added to our signature drinking chocolate. So rich and exotic itâ€™s like falling in love.

#hotchocolate #chocolate #homemade #brunch #pancakes #tistheseason #feedfeed #LoveFood #yummy #comfortfood #breakfast
#foodie #beautifulcuisines #morningslikethese #darlingweekend #hotchoco #drinks #winter #recipesideas #deliciiblog #delicious #foodblogger #foodphotography #foodstyling #hautecuisines #cookies #hotdrink #drinkaroundtheworld"
6,"Morning Breakfast ğŸ‘ Beach Vibes SANTA CRUZ ğŸŒ´ Smoked Salmon, Cream Cheese, and Purple Onions Capers Bagel ğŸ‘…  #lox #loxbagel #vegan #santacruz #fit #beachvibes #onion #smokedsalmon #coffeeporn #foodporn #bagel #beach #breakfast #nutritious #foodlover #gym #bmx #yoga #surflife #skateboarding #whiskey #bourbon #craftbeer #mood #chef #bartenderlife #greatday #foody #cigarporn #veggies"
14,"ÎšÎ±Î¹ ÎºÎ¬Ï€Ï‰Ï‚ Î­Ï„ÏƒÎ¹, Î¿Î¹ Ï€Î±ÏÎ±Î³Î¹Î½Ï‰Î¼Î­Î½ÎµÏ‚ Î¼Ï€Î±Î½Î¬Î½ÎµÏ‚ Î¼ÎµÏ„Î±Î¼Î¿ÏÏ†ÏÎ½Î¿Î½Ï„Î±Î¹ ÏƒÎµ Ï€ÎµÎ½Ï„Î±Î½ÏŒÏƒÏ„Î¹Î¼Î¿ banana bread!Î–Î¿Ï…Î¼ÎµÏÏŒ, Î±Ï†ÏÎ¬Ï„Î¿ ÎºÎ±Î¹... ÏƒÎ¿ÎºÎ¿Î»Î±Ï„Î­Î½Î¹Î¿ - Î¼ÏŒÎ»Î¹Ï‚ Î²Î³Î®ÎºÎµ Î±Ï€ÏŒ Ï„Î¿Î½ Ï†Î¿ÏÏÎ½Î¿ Ï„Î·Ï‚ Wolf.
.
.
.
.
.
.
.
.

.
#subzeroandwolf
#subzero #subzerowolf #wolf #pastry #pastrychef #alexandrospetridis #bananabread #banana #baking #food #foodie #foodporn  #bananacake #bread  #instafood #cake #chocolate #yummy #breakfast #dessert #foodstagram #delicious  #foodblogger #healthy",Delish ğŸ‘
0,"Make your Winters Special with our Taka Tak menu. ğŸ¥‡ğŸ’–

For Free Home Delivery please call us: 
+ğŸ—ğŸ ğŸ‘ğŸğŸ” ğŸğŸ”ğŸ”ğŸ”ğŸ”ğŸğŸ“

ğ—Ÿğ—®ğ—µğ—¼ğ—¿ğ—²  ğ— ğ—®ğ—»ğ—±ğ—¿ğ—®  ğ—¡ğ—®ğ—¿ğ—®ğ—»  ğ—¦ğ—®ğ—µğ—¶ğ˜„ğ—®ğ—¹ |ğ—™ğ—®ğ—¶ğ˜€ğ—®ğ—¹ğ—®ğ—¯ğ—®ğ—± (ğ—ğ—¼ğ—µğ—¶ğ—»ğ—¼ğ—¼ğ—¿ ğ—–ğ—¶ğ˜ğ˜†)  ğ—ğ—²ğ—µğ—¹ğ˜‚ğ—º  ğ——ğ—›ğ—”-ğŸ® ğ—œğ˜€ğ—¹ğ—®ğ—ºğ—®ğ—¯ğ—®ğ—±  ğ—™-ğŸ­ğŸ¬ ğ— ğ—®ğ—¿ğ—¸ğ—®ğ˜‡ ğ—œğ˜€ğ—¹ğ—®ğ—ºğ—®ğ—¯ğ—®ğ—±.

#TheRealKarahi #ButtKarahi #BestNashta #Breakfast #Lahorinashta #deals #bestkarahi #bbq #fish #nihari #paratha #lassi #Islamabad #amazingbreakfast #nashtatime #karachi #chickentikka #beefkabab #chickenkabab #bbqlovers #desifoodlover"
13,"Breakfasts like these -

Easy âœ…
Quick âœ…
Healthy âœ…
Delicious âœ…
Nutritious âœ…

Ticks all the boxes.

Fried egg, garlic saute mushrooms and broccoli, grilled halloumi cheese, grilled tomato and sautÃ©ed lentils. 

#breakfast #meal #firstmeal #healthy #nutritious #food #foodpic #breakfastideas #muscat #muscatbloggers #Bangalore #bangaloreblogger #foodie #veggies #sautÃ©ed #seasoned #health #healthy #kickstart #startday",Delicious!! â£ï¸ğŸ˜‹
1,"â¤â¤â¤ Valentines day is around the corner. We have designed a special menu filled with love and care. Book your table for you and that special someone. Running from 12 to 15 Feb 2021. â¤â¤â¤

#love#couples#valentines#eatout#izzies#coffee#breakfast#red#pink#partner#hearts#romantic#special#day"
5,"Avocado toast, egg, bacon #tasty #itsthesimplethings #bacon #avocado #avocadotoast #omnichef #texasspice @texasspiceonlamar @omnidallas #breakfast #breakfastisimportant"
6,"First breakfast. Mixed oats, bananas, apples, cinnamon, nutmeg and some honey. Avocado toast for the close out.  #yum #eattolive #foodismedicine #honeyhasalltheherbsyouneed #breakfast",Yummm!! One of my fav combinations â˜ºï¸
5,"Iâ€™ve been loving this bagel recently! ğŸ¥¯ 

I just toasted half a plain bagel and topped it with 
- @pb2foods 
-flax seeds 
-cinnamon -blueberries 

This keeps me full so itâ€™s great to have for breakfast!

Whatâ€™s your favorite breakfast food? 

#bagel #pbfit #breakfast #health #easybreakfast #breakfastideas #food #foodie #blueberrybagel #peanutbutter #peanutbutterbagel"
10,"New day, new stack of sourdough pancakes!! This is my strawberry and banana sourdough pancakes!!ğŸ˜‹ğŸ˜ This turned out to be amazing!!ğŸ‘ğŸ˜‹ A classic combination of fruit will always go so well together especially with pancakes!!ğŸ˜ Each layer of pancakes has both strawberries and bananas piled together with a nice amount of Greek yogurt underneath them and is topped with more strawberries and bananas, Greek yogurt and cinnamon!!ğŸ˜‹ğŸ˜‹ğŸ‘ğŸ‘Œ Cannot deny how great this breakfast was especially with a nice hot tea with it!!ğŸ˜‹ğŸ‘

#breakfastideas #breakfast #pancakes #pancakestack #pancake #sourdough #sourdoughdiscard #sourdoughpancakes #fruit #strawberries #bananas #strawberryandbanana #strawberryandbananapancakes #greekyogurt #tea #cinnamon #food #foodlife #delicious #deliciousbreakfast #deliciousfood #healthylifestyle #healthyfood #healthyeating #healthy #healthybreakfast #cooking #cookingathome"
3,"Good morning ğŸŒ! Create your own waffle ğŸ§‡ the way you like it!

#waffles #breakfast #wafflewithicecream #frenchtoast #breakfastcroissant #cravingsforfood #thursdayvibes #thursdaybrunch #lunchwitfriends #njsmallbusiness #newjerseygarden #openforbisiness #thursdaythoughts"
9,"HOTTER, JUICIER, TASTIER.

CLASSIC AND CRAFTED DIFFERENTLY.

ORDER SOME, GRAB SOME.

#burger #burgers #burgercombo #burgerlover #burgerlovers #restaurant #food #fastfoodrestaurant #eathealthy #AD #gaintrick #gainpost #gainfollowers #gainwithspikes #lunch #breakfast #dinner #foodie #foodlover #boogiewoogie"
0,"Banana oatmeal and carrot mango smoothie.... in a beer glass ğŸ¥¤ğŸ¥­ğŸ¥•

#breakfast #healthychange #healthyeating #thissmoothielife"
3,#amesia #doÄŸal #natural #saÄŸlÄ±klÄ±beslenme #healthyfood #freshfood #cooking #breakfast #homemade #dinner #lunch #kitchen #eat #et #meat #steak #turkish #redmeat
5,#golibaje evening snacks common guys come and join with me ğŸ˜ƒ how many of u like this wow yummy isnâ€™t !?? #foodie #foodtalkindia #travelphotography #travelfood #vegan #breakfast #idly #idlysambar #foodstagram #mysore #bangalore #traveldiaries #mtr #hanumanthubiriyani #streetfood #seafood #mangalorestyle @dgfoodies_09 @dg_videos @mr_sunyk_wonderer @dhanya_gowdthi_ @islovepa @kumuda_gowda_24 #love #dboss #car @_model_photoshoot_ #foodlover #foodtruck #mysorepalace #mysorebites #pasta #pastarecipes @bongfoodlady @kishenbilagali @varun_from_palace_city @deepa_gowdaa @anugowrinataraj @anushapakali @anusha_bk_ @anusha_kumar_mys @mysuru_memes @mysore_photograph @starofmysore @mysore__trolls @mysoreunion @preethi.jayaram @sumalathagowda @shobhashetty2400 @harshithagowda.2002 @adventure_in_coorg #madikeri #coorg #somverpet @_beingnoor
5,"Breaking my 3 day fast with this beautiful and delicious meal. Yeah you read that right. 3 days! The last thing I ate was a bite of sausage on Monday morning. 
â€¢
I intermittently fast most of the time. I donâ€™t usually have my first meal until around noon and my last meal is usually around 6-7. This is easy. 
â€¢
Every once in a while I will do a 24 hour fast. That was the plan this time. But for some reason after the first day I said to myself â€œletâ€™s see if we can do 2 daysâ€. I felt pretty good after 2 and said â€œletâ€™s do 3â€.
â€¢
In all honesty it was a lot easier than I expected. The worst part was being around food and choosing not to eat it. I didnâ€™t feel bad. I still had plenty of energy and my mood was great. I was starting to feel some effects last night. But nothing major. 
â€¢
With all that being said Iâ€™m not some crazy person. Iâ€™ve done some research on this. There are some great benefits to doing this. It is great at detoxing your body. It really helps your immune system. Not to mention the mental strength it requires to do this on purpose. 
â€¢
Iâ€™m not advocating that everyone do this. There are plenty of people that should not do this. But if you know what youâ€™re doing and you listen to your body you can accomplish great things. 
â€¢
â€¢
â€¢
#fasting #fastingforhealth #extendedfasting #healthylifestyle #goodeats #breakfast #healthyeats #trainyourmind #yourestrongerthanyouthink"
7,"CINAMON BUN BAKED OATSğŸ¤©
Swipe to see vegan yumminessğŸ˜‹ğŸ¤ª
Recipe:
ğŸ¤2/3 cup oat flour (blended oats)
ğŸ¤100ml almond milk @alpro 
ğŸ¤30g scoop vanilla protein powder @myproteinuk 
ğŸ¤1/2 mashed banana
ğŸ¤1 tbsp maple syrup
ğŸ¤1 tsp baking powder
ğŸ¤1 tsp cinnamon 
ğŸ¤1 tsp mixed spice 

Blend all ingredientsğŸ¥£

*I took some mixture out in a separate pot and added more cinnamon then swirled on topğŸ¤©* 

Cook at 180 degrees for 15-20minutes - the longer the cakier ğŸ¤¤
Topped with violife cream cheese @violife_foods mixed with icing sugar ğŸ¤¤

â€”â€”â€”â€”â€”â€”â€”â€”â€”â€”â€”â€”â€”â€”â€”â€”â€”â€”â€”â€”

 #vegan #bakedoats #breakfast #oats #proteinbreakfast #myprotein #foodporn #foodie #healthylifestyle #love #alpro #breakfastrecipe #healthyfood #instagood #fit #breakfast #violife #creamcheese #cinamonbun #cinamonroll #cinamon #icing #swirl"
1,"Itâ€™s the last day to book Valentineâ€™s Day brunch!  Reserve a table (or take it home)! Reservations close at 3pm

#stonehouseseattle #southend #freshcatch #nomnom #seattlefoodie #instafood #foodporn #foodie #eater #myfab5 #seattlemet #forkyeah #zagat #realfoodz #foodbeast #buzzfeedfood #seattle #foodie #shoplocal #eatsofseattle #venue #breakfast #lunch #dinner #happyhour #brunch  #seattlefood #seattlefoodie #eeeeeats"
2,"Yum yum breakfast ...at kapoor's cafe.
After so long, tasty punjabi foof
Absolutely tasty paranthas with lassi and pickle ...love it 
Go for it ...lots of variety in paranthas
#breakfast  #paranthas #yummy #yummyinmytummy #kapoorscafe #instafeed #instapost #instadaily #instalike #instamood  #foody #veganfoodlover"
4,"You canâ€™t go wrong with blueberry oatmeal! ğŸ«âœ¨

(oats, almond milk, water, honey + toppings)

#oatmeal #oats #oatmealbowl #oatmealrecipe #oatmeallover #breakfast #breakfastideas #porridge #blueberryoatmeal"
5,"Busy morning for us since we have Ollieâ€™s 9 months check up! Ollie got everything he loved for breakfast before his appointment. We are at his appointment now and hope this goes fast!

#babyledweaning
#BLW
#OllieEats

#whatifeedmykid #babyled #blwideas #babyfood #breakfast #lunch #dinner #fingerfood #babyeats #babyfood #instafood #yummy #newmom #firsttimemom  #blwinspiration #blwmenu #food #healthyeating #babyledweaningideas #blwbaby",What do you use for his French toast?
5,"Berries and branflakes again today ğŸ˜‹

45g @aldiuk bran flaked (HeB)
150ml semi-skimmed milk (from HeA allowance)
Strawberries (SF)
Blueberries (SF)
Raspberries (SF)
1tbsp honey (2Â½ syns)

#slimmingworld #slimmingworldjourney #sw #swjourney #slimmingworldplan #slimmingworldinsta #newstarter #newjourney #healthyextra #swuk #freefood #breakfast #weighday #porridge #breakfasttime #backtobasics #chaningitup #letsdothis #extrayeasy #breakfastideas #fooddiary #slimmingworldbreakfastidea #thatfreshstartfeeling #healthyextra  #onwardsandupwards #newfocus #planinaction  #28daysonplan"
17,"Pan Con Tortilla is going DOWN...
#breadmanmiami #breadmanmiamibakery#breadmanbakery #nutella #cakes #cubanbakery #bakery #cake #yummy #foodporn #miamilakes #westchester #hialeah #breakfast #pastelitos #coffee #qa #yum #croquetas #chocolate #cubanbread #bread #sweets #dessert #guava #foodcoma #cubanfood #nutella #chocolate #bestbakery #sandwich #dulceleche #sweets"
1,"Make Ahead Chicken Breakfast Sausage! #breakfast #breakfastsausage #chicken  VEGAN twist, can be replaced with vegan textured protein. @beyondmeat  454 grams Extra Lean Ground Chicken
1/4 cup Parsley (very finely chopped)
3 Garlic (cloves, minced)
1/4 tsp Sea Salt
1 tbsp Avocado Oil.  In a mixing bowl combine the chicken, parsley, garlic, and salt. Mix well.
Heat the oil in a non-stick pan over medium heat.
Form the mixture into thin patties approximately four inches (10-centimeters) in diameter. In batches, cook for four to five minutes per side or until cooked through. Serve and enjoy!"
15,"Buenas tardes! No aguantÃ¡bamos mÃ¡s en enseÃ±aros estas fresas que tenemos en la frute â˜ºï¸

Las hemos probado y estÃ¡n DE-LI-CIO-SAS ğŸ¤¤ğŸ¤¤ğŸ¤¤ğŸ¤¤

Os esperamos! ğŸ˜

#strawberries #strawberry #chocolate #yummy #dessert #food #chocolatecoveredstrawberries #fruit #delicious #blueberries #foodie #cake #foodporn #berries #breakfast #homemade #love #sweets #instafood #fruits #foodphotography #desserts #cupcakes #sweet #healthyfood #healthy #summer #vegan #treats #bhfyp"
21,"Good afternoon and Happy Thursday insta fam â£ï¸ 
Warm bowl of oats is much needed on a freezing cold day!!! 
@wholey.moly - cacao and orange cookie 
@bobsredmill - Oats 
@alpro - Soya milk 
@canderel_chocolate - Dark chocolate 
@traderjoes - Stevia drops 
@peanut_hottie_official - Peanut butter mix 

#plantbased #breakfast
#dessert #darkchocolate
#oats #dinner #breakfast #peanutbutter #chocolatespread #darkchocolate #berries 
#sauce #vegan #dairyfree #chocolate #milkshake #food #foodporn #simplemeals #healthy #cacaopowder #antioxidants #nutritious #cleaneating #rawchocolate #almondmilk #stevia #breakfastideas",Dreamy ğŸ˜,Every day new dish ğŸ˜
11,"ğŸ˜‚ğŸ˜‚ğŸ˜‚
-
-
-
-
-#fortnite #a #quotes #r #happy #love #sad #spring #photography #bestoftheday #breakfast #summer #winter #pc #view #explore #boys #adventure #girl #rage #top #travel #girls #memes #dark #darkhumor #new #newyear #newyork #boy",Where did u get the vid from ğŸ˜‚
2,"Good morning!ğŸŒ¤ 
#healthy #breakfast #avocadotoast #eggs #juicing #redjuice #healthyfood #yummy"
1,"Scrambled eggs and a slice of toast with unsalted butter for breakfast 

#babyledweaninginspiration #babyledweaningrecipes #babyledweaning #blw #blwideas #blwinspo #11monthsold #breakfast"
2,I just want to say good morning ğŸŒ. #motivation #morningmotivation #goodmorning #breakfast #eat #omlette #fresh #simple #spinach
3,"Donâ€™t forget to make your Lockdown Valentines Day breakfast a special one! ğŸ’â˜•ï¸

#espressocups  #valentinesgift  #valentines  #breakfast  #coffee  #breakfastinbed"
4,"If ya havenâ€™t tried it, donâ€™t knock it! ğŸ˜‰ ğŸ˜‚ #avacadotoast and #YokeyEggs damaannn goooood! #Meal #PostWorkout #Protein #Food #Foodie #YeahBuddy #Fit #FitFam #Powerlifting food #MealPrep #Breakfast"
6,"Tea Time...

#tea #teatime #coffee #tealover #chai #tealovers #love #greentea #food #teaaddict #foodie #blacktea #cafe #instagood #autismo #tealife #healthy #foodporn #organic #teacup #instagram #instatea #breakfast #snacks #photography #tealove #chailover #herbaltea #bhfyp"
4,Breakfast!! ğŸ¥“ğŸ¥‘ğŸ… #itsthesimplethingsâ¤ï¸ #findingjoy #breakfast #hmmhmmgoodğŸ˜‹ #nieceyinthekitchenğŸ‘©ğŸ½â€ğŸ³
5,"â˜† Asian Meatballs â˜†
â €
âœ¨Deliciousâœ¨ I'm not even mad I'm making it again today. ğŸ˜‚ These were beef meatballs but I reckon it'll easily work with others, too. 

Shall I share a recipe for the sauce?",#food #foodpics #foodaholic #foodphotography #healthyfood #tasty #instagram #foodiesofinstagram #foodlover #meatballs #meatball #asian #foodstagram #foodporn #seasoning  #breakfast #lunch #eat #seasonings #dinner #seasonings #delicious #yummy #homecooked #cooking #atinascookout
6,I love pancakes way too much,#food #foodporn #foodstagram #foodlover #foodie #foodblogger #pancakes #pancakeshealthy #pancake #pancakeslover #breakfast #breakfastideas #breakfasttime #healthyfood #healthylifestyle #healthysnackrecipes #healthyrecipes #healthybreakfast #healthyfoodlovers
15,"~ CHOCO CHIP PANCAKE ~
Tag a #pancake lover ğŸ¥
@ihop 
@ihopindia 
STAY SAFEğŸ’•
.
.
.
FOLLOW
â¤ï¸â¤ï¸â¤ï¸
@3shaukeen 
.
.
.
.
.
#food #foodporn #foodlove #foodphotography #foodtalk #foodmania #foodlover #foodgram #instagram #foodblogger #india #breakfast #pancakes #chocochips #ihop #delhi #jammu #best #instafood #yummy #tasty #droolicious #spicy #sweet #hunger #siblings #happiness #3shaukeen #photooftheday",So tempting
22,"Garlic Naan with Malai Kofta
*
*
*
*
#garlicnaan 
*
*
*
*
*
#malaikofta 
*
*
*
*
#naan 
*
*
*
#indianbread #paneer #paneerkofta #butternaan
*
*
*

@foodfoodfood74
*
*
*
#foodfoodfood74
*
*
*
##bangalore #foodblog #foodblogger #homechef #nadanfood #foodinstagram #foodinspriation  #keralafood #southindianfood #Breakfast #foodie #foodpost #foodfantasy #foodinsta #foodieworld #malapuramfoodies #calicutfoodies #bangalorefoodiesclub #kozhikodufoodiez  #foodiee",Perfect wholesome mealğŸ˜ğŸ˜ absolutely delicious ğŸ˜‹,Testy ğŸ˜
8,"BREAKFAST ANYONE? Yummy breakfast ğŸ ğŸ³for the weekend! 

Who wants the recipe? ğŸ™‹â€â™€ï¸

#breakfastideas",#homeschoolmom #homeschoollife #momof3 #momsofinstagram #recipeoftheday #recipes #recipe #recipesofinstagram #breakfastandlunch #breakfast #breakfastanyone #yummybreakfast #sweetpotato #eggs #eggsofinstagram #eggrecipes #recette #recettesimple #momofthree #csectionmom #workoutmoms #toddlermomlife #toddlermom #mealplanning #mealprep
5,"My smoothiebowl this morning even tho it is -2 degrees outside oops.. Just couldnâ€™t resist

RECIPE
Handful of bluebs
Handful of spinach
1 tbsp of protein powder (I used @bulk)
1 small banana 

Topped mine with the homemade granola I shared in my last post:)

#breakfast#breakfastlover#smoothiebowl#healthybreakfast#vegan#plantbased#plantbasedpower#healthyfoodshare#veganfoodshare#superfood#lifestyle#healthylifestyle#organic#delicious#nature#fruits#vegetables#healthyfood #healthyrecipes #granola"
31,"Fiesta Chicken onigiri !
.
.
.
.
.
.
.
.
.
#don #foodporn #yummy #foodie #foodies #donburi #breakfast #truecooks #sushi #homemade #instafood #eater #nomnom #instaeats #japanesefood #foodieadventures #foodstagram #foodbloger #cleaneating #mealprep #foodphotography #foodstagram #recipeoftheday #instachef #cooking #sushiroll #sushilovers #chefsoninstagram #recipe #onigiri",This looks amazing!!
26,"Fiesta Chicken Sushi Roll !
.
.
.
.
.
.
.
.
.
#don #foodporn #yummy #foodie #foodies #donburi #breakfast #truecooks #sushi #homemade #instafood #eater #nomnom #instaeats #japanesefood #foodieadventures #foodstagram #foodbloger #cleaneating #mealprep #foodphotography #foodstagram #recipeoftheday #instachef #cooking #sushiroll #sushilovers #chefsoninstagram #recipe #onigiri"
34,#fatloss #muscle #cleaneating #gymlife #plantbased #love #nutritioncoach #transformation #goals #foodporn #instafood #crossfit #organic #strength #instagood #sport #healthylife #gains #breakfast #glutenfree #cardio #fitspo #fitnessjourney #energy #yoga #coach #inspiration #covid #instafit #fitlife
29,#fatloss #muscle #cleaneating #gymlife #plantbased #love #nutritioncoach #transformation #goals #foodporn #instafood #crossfit #organic #strength #instagood #sport #healthylife #gains #breakfast #glutenfree #cardio #fitspo #fitnessjourney #energy #yoga #coach #inspiration #covid #instafit #fitlife
28,#fatloss #muscle #cleaneating #gymlife #plantbased #love #nutritioncoach #transformation #goals #foodporn #instafood #crossfit #organic #strength #instagood #sport #healthylife #gains #breakfast #glutenfree #cardio #fitspo #fitnessjourney #energy #yoga #coach #inspiration #covid #instafit #fitlife
25,#fatloss #muscle #cleaneating #gymlife #plantbased #love #nutritioncoach #transformation #goals #foodporn #instafood #crossfit #organic #strength #instagood #sport #healthylife #gains #breakfast #glutenfree #cardio #fitspo #fitnessjourney #energy #yoga #coach #inspiration #covid #instafit #fitlife
3,"Do you like to eat fruits? What is your favorite one?

#fruit #food #fruits #healthyfood #healthy #vegan #foodie #foodporn #healthylifestyle #love #instafood #yummy #nature #fresh #breakfast #delicious #summer #foodphotography #organic #strawberry #vegetables #dessert #health #instagood #mango #homemade #photography #plantbased #art"
52,Croissants ğŸ¥ #croissants #croissant #breakfast #bakery #food #coffee #pastry #foodporn #instafood #viennoiserie #foodie #patisserie #croissantlover #bread #homemade #yummy #baking #chocolate #delicious #boulangerie #painauchocolat #cafe #cakes #foodphotography #foodblogger #desserts #brunch #viennoiseries #baker
6,"â„ï¸ ğŸ˜´ It's winter. An for many of us, retaining a big yawn in chilly weather is almost a feat! â 
â 
â„ï¸â˜ƒï¸ In this cold weather, even dogs yawn! â 
â 
But don't feel guilty, because Science says that far from being a mark of boredom or fatigue, yawning might help your brain cool off. Literally.â 
â 
âœ”ï¸A study led by Andrew Gallup showed that yawning frequency varies with the season and that people are less likely to yawn when the heat outdoors exceeds body temperature. In a few words, yawning can serve as a method for regulating brain temperature.â 
âœ”ï¸The scientists found that participants were more likely to yawn in the winter than in the summer when ambient temperatures were equal to or exceeding body temperature. They concluded that warmer temperatures provide no relief for overheated brains, which, according to the thermoregulatory theory of yawning, stay cool via a heat exchange with the air drawn in during a yawn.â 
â 
ğŸ˜„ So keep calm, and yawn in peace! ğŸ˜â 
â 
ğŸ“¸: Linda Kazares on Unsplash. â 
â Source: https://www.princeton.edu/news/2011/09/19/more-sign-sleepiness-yawning-may-cool-brainâ 
â 
â #goodmorning #nature #wildlife #gogreen #morning #photooftheday #coffeeaddict #coffee #breakfast #ecomom #ecodad #ecofamilies #dogs #winter #cute #sleepy #dog #tired #puppy #bed #sleepy #health"
2,"[ad - gifted] Someone is a big fan of @coconutcollab! This is their Mango & Passion Fruit Coconut Yog - a ridiculously creamy coconut yoghurt that's dairy and gluten free, is made only with fruit sugars, and is now fortified with calcium and vitamin D - which means I'm more than happy that this growing boy enjoys it! A sprinkle of granola and that's his breakfast sorted â˜ºï¸ How do you eat yours?
.
.
.
#ad #freebie #gifted #coconutcollaborative #coconut #coconutyogurt #coconutyoghurt #dairyfree #glutenfree #mango #passionfruit #yogurt #yoghurt #breakfast #smoothiebowl #toddler #toddlersofinstagram",So glad heâ€™s a fan! ğŸ˜
14,"Oil sketch

#arte #art #drawing #artwork #painting #grabado #contemporaryart #cultura #oilpainting #draw #instaart #design #photograph #love #illustration #breakfast #artista #sketch #artistoninstagram #paintingfromlife #pintura #dibujo #artoftheday #artgallery #fotografia #instagood #musica #arts #bhfyp"
4,"#Breakfast #tart filled with chocolate #yogurt in a #granola crust. Crust takes about 20 min to pulse and bake. Stir and pour (this or anything) into cooled shells. No one hits snooze when these are on the table. Good after skiing or for dessert, too. #food #foodie #cook #cooking #baking #vegetarian #apresski #apresskiutah #yummy recipe adapted from @nm_meiyee"
3,"CARROT CAKE OVERNIGHT OATS

i love carrot cake and i love overnight oats, so this combo is truly a match made in heaven

DEATS -> 1/2c oats, 1 scoop protein, 1/2c greek yogurt, 1 grated carrot, cinnamon, vanilla, nutmeg, 2/3c almond milk. mix in a jar, seal it and refrigerate overnight 

i topped mine w/ maple syrup, almond butter, and raisins ğŸ˜

#breakfast #breakfastideas #overnightoats #overnightoatsrecipe #oatmeal #almondbutter #carrot #carrotcake #raisins #maplesyrup #vegetarian #explore"
10,"#Breakfast #tart filled with chocolate #yogurt in a #granola crust. Crust takes about 20 min to pulse and bake. Stir and pour (this or anything) into cooled shells. No one hits snooze when these are on the table. Good after skiing or for dessert, too. #food #foodie #cook #cooking #baking #vegetarian #apresski #apresskiutah #yummy recipe adapted from @nm_meiyee"
5,"Try our Methi Paratha 
 A wholesome breakfast can have a positive effect on your overall health. Here's a quick, healthy breakfast recipe - methi Paratha - for people with diabetes to control blood sugar and body weight.

#methi #paratha #breakfast #RecipeOfTheDay #veg #DubaiStreetFood #papdichaat #papdi #streetfood #chatpatichaat #deliciousfood #yummyfood #kachorichaat #kachori #partysetup #mendhi #birthdaysetup #food #tasty #deliciousfood #dubai #instafood #instalike #photooftheday #chaatdisplay #chaatcanapes #party #nikkah #birthday"
4,"Breakfast takes many forms; Grilled Cheese & JalapeÃ±os.

#foodpicseveryday #funfoodpicseveryday #goodfood #foodie #supper #foodporn #yum #foodpics #salad #feast #dinner #lunch #breakfast #breakfastofchampions #cheese #grilledcheese"
1,This is what was waiting when I got up this morning #breakfast #breakfastwithfamily #birthday #lifeisgood
6,"Thinking about this turkey bacon, egg, & cheese on a rainbow bagel on this white, snowy day ğŸŒˆ â„ï¸ 
â€¢
â€¢
â€¢
#food #foodie #nyc #nycfood #nycfoodie #nycfoodblogger #nycigers #yummy #dessert #nycbakery #nycsweets #nycdessert #nycbagel #newyorkcity #bagel #rainbowbagel #foodtrend #trending #trend #trendy #cityfood #breakfast #breakfastsandwich #breakfasttime",I hope u ordered it with a New York accent....
142,"Todayâ€™s picks is @lagrandeepicerie bonbons aux fruits & @maisonladuree bonbons Ã  la violette ğŸ’Œ
..

#breakfast #candy #biscuit #milka #memuary #llemerci #hotchocolate #berries #chocolate #hotchocolate #winter #winterfood #velvetdynasty  #frenchstyle #parisianstyle #parisianvibes #parisianamour #estbysol #frenchchic #frenchgirl #howtobeparisian #parismood #tasty #creamycoffee #howtobeparisian #lavieparisienne #vieparisienne #frenchvibes #beigeaesthetic #beigepalette #parisianamour #frenchchic #frenchgirl #simplepleaures #frenchstyle",Really excited to start learning French so I can finally read your captions without translating them ğŸ˜‚ğŸ˜
9,"Himbeerjogurt| Weizengras| Hagebuttenpulver| Ashwagandha| Pistazienmus| Paranuss| Hanfsamen| Sonnenblumenkerne| Schokodrops| Cranberries

â€¢
â€¢
â€¢
ğŸ´ #food #foodofinstagram #foodie #toptags #instafood #yummy #sharefood #instaeat #foodstagram #heresmyfood #foodiegram #foodlovers #healthyfood #tasty #foodpictures #foodlover #delicious #foodstyle #foodpic #foodie #foodblog #foodtime #all_food_passion #foodheaven #foodblogger #igfood #breakfast #bowl #granolabowl #pandoo #veggiefood"
9,"Looking for healthy, yummy, power food recipes?? Get The free BeeWell 
Cookbook!! 19 awesome 5 ingredient power food 
meals for breakfast, lunch, dinner, and dessert!! Be 
sure to get your free copy now! ğŸ˜‹ 
BeeWell.com/recipes 
#healthyfood #healthylifestyle #food #healthy 
#foodporn #foodie #instafood #fitness #cookbook 
#vegan #healthyeating #yummy #powerfood 
#foodstagram #health #healthyliving #foodlover 
#homemade #delicious #nutrition #weightloss 
#breakfast #diet #instagood #fit #love #lunch 
#superfoods #dinner #bhfyp"
10,"shehabphotography.eg
We are a food photographers and stylists, worked with more than 30 from the biggest brands in Food & Beverage Market.
Call us : 01281717300
Portofolio in Bio
We Know how to shoot your delicious food !!
#foodphotography #foodporn #food #foodie #foodstagram #foodblogger #instafood #foodlover #yummy #foodgasm #delicious #homemade #foodies #foodpics #instagood #foodiesofinstagram #healthyfood #tasty #dinner #cooking #foodstyling #love #lunch #foodblog #breakfast #instagram #foodgram #bhfyp #shehabphotography.eg"
13,"Breakfast of Champions... 
#breadmanmiami #breadmanmiamibakery#breadmanbakery #nutella #cakes #cubanbakery #bakery #cake #yummy #foodporn #miamilakes #westchester #hialeah #breakfast #pastelitos #coffee #qa #yum #croquetas #chocolate #cubanbread #bread #sweets #dessert #guava #foodcoma #cubanfood #nutella #chocolate #bestbakery #sandwich #dulceleche #sweets"
4,"Need breakfast on the go? Our new Yogurt Parfaits are a great option when you need something fast and tasty!! ğŸ˜‹

Todayâ€™s soups are: Chicken Dumpling, Cream of Chicken with Rice, Stuffed Baked Potato, Lentil, and Chicken Tortilla 

#eatatvegas #antioch #downtownantioch #breakfast #smallbusiness #supportsmallbusiness #supportlocal"
12,"âœ¨âœ¨âœ¨âœ¨Star of the night ""Rasmalai""âœ¨âœ¨âœ¨âœ¨âœ¨âœ¨
Family dinner once in a while is a mustğŸ”¥ğŸ”¥ğŸ”¥ğŸ”¥ğŸ”¥ğŸ”¥ğŸ”¥ğŸ”¥ğŸ”¥
â€¢
â€¢
â€¢
âœ”ï¸Locationâœ”ï¸
Hotel celebration Raipur
â€¢
â€¢
â€¢
âœ”ï¸LIKE, COMMENT AND FOLLOW #spilledspoon FOR MOREâœ”ï¸
â€¢
â€¢
â€¢
#dinner #food #lunch #foodie #foodporn #instafood #yummy #delicious #foodphotography #foodstagram #foodlover #foodblogger #instagood #homemade #breakfast #tasty #healthyfood #restaurant #cooking #foodgasm #love #eat #yum #foodies #healthy #dinnertime #foodpics #rasmalai #spilledspoon #bhfyp"
13,"Breakfast! Avocado toast with spinach and Sunnyside egg ğŸ³ 

#breakfast #breakfasttime #yummy #delicious #breakfast #egg #avocado #toast #simple #delicious #healthyfood #healthybreakfast #cleaneating #healthyeating #healthylifestyle #healthyliving #caloriecounting #breakfast #thursday #thursdaymorning #thursdayvibes #happythursday"
7,birthday doughnut #krispykreme #sprinkles #snacks #ğŸ© #nutrition #food #breakfast
30,"Ya know sometimes messy bowls are the best bowls. Donâ€™t get me wrong, I do LOVE my plating. But sometimes messy just hits the spot
â€¢
â€¢
â€¢
â€¢
â€¢

#oatmeal #oatmealbowl #oats #oatsforbreakfast #breakfast #breakfastideas #breakfasttime #breakfastbowl #foodblog #healthyfood #healthyeating #healthyrecipes #oatspiration #overnightoats #oatmeallover #oatmealbreakfast #porridgebowl #porridge #healthylifestyle #lifestyleblogger #wellness #foodisfuel #almondmilk #nutrition #oatsrecipe #oatspiration #oatsovernight #banana #granola #granolagirl #icecoffee",What a yummy combo ğŸ˜‹ğŸ’•,Messy bowls seriously are the best
4,"Delicious breakfast time. 
Let's do it! Healthy day!!! #veggiesmoothies
#thesmoothieshop #eat #breakfasttime #breakfast #1229washingtonave #customerservice #miamibeach #smoothie #veggiejuice #juices #chefstime #morningmotivation #wraps #milkshake #namaste #comein #veggiejuice #healthylifestyle #tunawrap"
4,"Favourite breakfast/lunch! 
Sweet potato mushrooms fried eggs topped with avocado and truffle glaze ! 

#intuitiveeating #paleo #eggs #sweetpotato #avocado #truffle #mushrooms #healthyfood #lectinfree #glutenfree #grainfree #guthealth #antiinflammatory #yummy #breakfast #brunch #lunch #fritatta"
1,"Cara Cara oranges are in season and they are one of my favorites. Pretty red interior, very juicy and the juice is lighter, sweeter and less acidic than typical navel oranges. Plus there is an additional flavor profile I cannot identify but really enhances it. A lovely breakfast pick-me-up. ğŸŠğŸ§ƒâ €
â €
#oranges #orangejuice #caracaraoranges #breakfast #energy"
15,"A pleasant evening in beach view..with hot hot bajji's...a unique taste oly beach bajji's gives was semmaâ¤ï¸â¤ï¸ğŸ”¥

Price-50rs per combo
Rating-3.5/5

#eat #followme #amazing #chef #smile #breakfast #foodpics #dessert #igers #girl #travel #fitness #likes #style #cake #foodiesofinstagram #friends #photography #yum #vegan #pizza #bestoftheday #delivery #nature #summer #happy #chocolate #sweet #fun #foodkooks"
11,"Get shredded or toned on a very simple nutrition plan!ğŸ”¥ğŸ’ª
More amazing results from creating habits and being consistent ğŸ”¥ğŸ’ª

#nutrition #fitness #health #healthylifestyle #healthy #healthyfood #weightloss #diet #motivation #workout #gym #fit #wellness #food #lifestyle #fitnessmotivation #healthyliving #breakfast #healthyeating #fitfam #vegan #protein #training #exercise #herbalife #herbalife #energy #foodie #weightlossjourney",DM for shoutout @_weightloss_transformation,Love it â¤ï¸Dm us @_weightloss_transformation
1,"Brand New Iced Coffee Flavor!!
Satisfy your Cookie Craving with our Snickerdoodle Protein Coffee!! 

Region Way is on the Way!
2500 E 37th Ave, Lake Station, IN 
1 block East on Ridge Road off I-65
Open M-F 7a-1p & 4p-7p
Saturday & Sunday 7a-1p
 #regionway #ontheway #goodnutrition #healthyshakes #snacks #meals #breakfast #lunch #lakestationindiana #hobartindiana #nwindiana #nwi #herbalifenutrition @regionfit community"
2,"Yâ€™all. I rarely eat breakfast. Not because I dont love it, but because my body just isnâ€™t hungry. HOWEVER, when I do eat breakfast....I make sure itâ€™s worth every bite! This morning I made some coconut flour fathead bagels so naturally I made a breakfast sandwich with mine. ğŸ˜‹ğŸ˜ soooo tasty. Love that I never feel deprived of eating delicious, satisfying foods! #ketomama #ketogenic #hflc #seizurefree #ketosis #breakfast #fatheaddough #fatheadbagel #ketobagel #epilepsyawareness #eatfatburnfat #metabolichealth #ketogenicliving #eatwhenhungry #fatisgoodforyourbrain #goodfat"
25,"It's TOAST TIME! ğŸ I'm officially obsessed with toast and trying to create new recipes each week for you guys and for me!  It makes an easy breakfast and I've been known to eat this for lunch too. â Easy peasy!â â 
â â 
This PLUM AND POMEGRANATE TOAST is jam-packed with sweet flavor. ğŸ¥° I love topping it with some sunflower seeds because they are little salt bombs. ğŸ’£  Team sweet and savory here. â â I used @canyonglutenfree bread!
â â 
Recipe coming soon...â â 
â â 
â â 
â â 
â â 
___________________â â 
â â 
â â 
â â 
â â 
â â 
 #toasttuesday #realfood #toast #onmytable #breakfastporn #thenewhealthy #pertheats #supernatural #tastemade #cleaneats #eattherainbow #instafeast #breakfast #foodie #food #instafood #brunch #yum #foodporn #healthy #yummy #feedfeed #delicious #foodphotography #eeeeeats #foodstagram #instagood  #glutenfree #glutenfreeeats #healthyeating",The perfect breakfast ğŸ˜
34,"Blue coconut chia parfaits look so goodğŸ«ğŸ™ˆ

-
-
-
-
-
@rawnice 
#blueberries #blueberry #parfait #chia #coconuts #food#foodporn#soup#njam#taste#tasty#foodmood#inthemoodforfood#likefood#lovefood#spaghetti#vegetables#healthy#healthyfood#Yummy.#Foodie.#Delicious.#Dinner.#Yum.#Lunch#breakfast#burger#foodie#foodtography#sweet"
1,"â¤ Will you be our valentine? â¤

#TeamAdara is excited to announce the return of our monthly resident's breakfast!

Join us this Saturday, February 13th to enjoy some delicious kolaches from The Kolache Factory!

#Adara #Breakfast #Yum #KolacheFactory #LoveWhereYouLive"
3,"Chicken Steam Roast 
.
.
.
.
.
.
.
.
Prettiest smoothie bowlsğŸ˜ğŸ¤¤ 

#bowl #foodgasm #delicious #lunch #meseirasdobrasil #picoftheday #porcelain #healthyfood #restaurant #breakfast #keramik #homemade #healthy #decor #foodstagram #plates #kerajinantembagadankuningan #eat #likeforlike #foodblogger #likeforlikes #home #meal #art #tagwagai #food #tableware #ingredient #condiment #recipes"
3,Breakfast Special  Cajun Breakfast Sandwich #Piloraspotatoes #breakfast #localoshkosh
1,Had homemade hot sauce with my breakfast this morning. It made it way more awesome. #breakfast
6,"#thankfulthursday 

Just another beautiful morning @shepherdsinntobago @betsyshoperestaurant 

Thereâ€™s a table with the best view set and we are waiting to welcome you. Breakfast anyone? 

#shepherdsinntobago #betsyshoperestaurant #poolside #breakfast #goodeats #goodmorning #happythursday #beautifuldayâ˜€ï¸ #tobagohotel#tobagorestaurants #tobagobeyond #Tobago"
1,Honey peanut butter oats with a banana for breakfast! ğŸ˜‹ #oatmeal #peanutbutter #oats #breakfast #oatbowls #peanutbutteroats #peanutbutteroatmeal
8,"came cross this story and it was too beautiful not to share ğŸ¤ğŸª @simplybeautifulbyhila, your grandma sounds like a wonderful woman and her cookies look divine!
if you try out this recipe, be sure to take a photo and send it in! if you want to submit your own recipe and story, you can do so via the link in my bio or over dm!",#foodie #food #cookbook #homecook #homecookmeal #recipe #recipes #cooking #baking #breakfast #lunch #dinner #foodlover #foodstagram #foodiesofinstagram #sharefood #eat #yummy #cookies #cookie #bakery #baker #cookierecipe #recipe
2,I made these â€œFrench toastâ€ sticks with steel cut oats and they made a fun grown up PB& J. Basically made  steel cut oats on the stove and poured into a Pyrex pan and chilled overnight.  In the morning I cut into sticks and popped a few in the air fryer. Topped with almond butter and berriesğŸ˜‹. Yum! #almondbutter #breakfast #glutenfreedairyfree,You are so creative!
43,"Iced coffee and acÌ§aiÌ bowl: the perfect energy boost to start the day âš¡ï¸
â£â€”â€”â€”
â˜•ï¸ Iced Vanilla Latte
ğŸ“ #1 Lucky Lotus AcÌ§aiÌ Bowl
ğŸ“ @xandercoffeeatl â‘ Dine-In, Takeout & Outdoor Seating
âš¬
âš¬
âš¬
âš¬
âš¬
#xandercoffeeatl #luckylotus #coffee #icedvanillalatte #latte #acaibowl #food52 #myfab5 #breakfast #nom #foodiesofinstagram #eathealthy #morningvibes #atlcoffee #buckhead #sketrachaeats",I would love this combo...that aÃ§aÃ­ bowl looks awesome,@eat.tray.love sign me up for 5 lol ğŸ˜‚,Need that latte,Perfect breakfast ğŸ™Œ,The perfect start to a day!
35,"ğŸ‡¬ğŸ‡§ Again trying my best to keep my mind occupied. Sometimes its easier sometimes impossible but keep trying. 
This time went for different kind of breakfast. You go for whatever you like and whatever makes you happy. If you feel like having a light breakfast sure... go for it. If you feel like chocolate will do for you go for it! We have only those moments of joy in life like hot coffeein the mornin, chocolate or ğŸ¥. Enjoy every single one âœŒğŸ»

ğŸ‡µğŸ‡± Znowu staram siÄ™ czymÅ› zajÄ…Ä‡ myÅ›li. Czasem jest Å‚atwiej, czasem jest to wrÄ™cz niemoÅ¼liwe. Tym razem wybraÅ‚am inny typ Å›niadania. Ty wybieraj to, co daje Ci radoÅ›Ä‡. JeÅ›li czujesz, Å¼e chcesz lekkie Å›niadanie zrÃ³b to, jeÅ›li wolisz czekoladÄ™ na Å›niadanie zrÃ³b to. Mamy w Å¼yciu tylko te maÅ‚e chwile szczÄ™Å›cia, np. gorÄ…ca kawa z rana, czekolada czy ğŸ¥ Ciesz siÄ™ kaÅ¼dÄ… z nich âœŒğŸ»
.
.
.
.
#life #breakfast #positivevibes #motivation #bodypositive #frenchstyle #style #lifestyle #photography #food #foodporn #morning #coffee #cookies #canada #chocolate #sweets #aesthetic #kawa #dom #home #homesweethome #decor #interiors #froth #coffeeart #cafe #2021"
314,"Mornings in our house can be chaos. 
But some of my favorite morning moments happen during breakfast time. 

Everyone sitting around the table, quietly waking up for the morning, giggling, smiling and talking about what they hope will happen during the day. 

Nothing puts a smile on my kidsâ€™ faces in the mornings quite like chocolate chip muffins. 
But shhh. Thereâ€™s a secret. 
Thereâ€™s veggies in these muffins. 

@veggiesmadegreat Banana Chocolate Chip Muffins are made with Gluten Free Oats, Semi Sweet Chocolate Chips, Brown Rice Flour, Cane Sugar and Zuchinni.

Now the kids can be happy because they get a yummy breakfast treat and you can be happy knowing your kids are getting nutrients they need! Get eating âœŒğŸ¼ğŸŒ",These look delicious.,These are DELICIOUS!,#discoverunder5k #lifestyleinfluencer #influencernetwork #influencerswanted #nanoinfluencer  #influencerlife #microinfluencer #momfluencer #breakfast #healthybreakfast #healthyeating #healthykids #kidhealth #vegan #nutrition #kidsnutrition #healthyfamily #healthylifestyle #fourkidsclub #reallifemotherhood #momlife #motherhoodunplugged #giggles #smiles #happiness #love #eatyourveggies #momoffour #febloveliesl
52,"ğŸ‡¬ğŸ‡§ Not having the best mood and trying to deal with it. Even coffee not tasting the same... Still tho trying to make it look cute and keep my mjnd occupied so that hopefully will bring some joy. âœŒğŸ»

ğŸ‡µğŸ‡± Nie mam najlepszego nastroju, nawet kawa nie smakuje tak samo... Wciaz jednak staram siÄ™ Å¼eby wygladala dobrze i smacznie, zajmuje swoje myÅ›li i moÅ¼e to przyniesie trochÄ™ radoÅ›ci  tego dnia. âœŒğŸ»
.
.
.
.
#life #motivation #reality #2021 #lifestyle #style #photography #coffee #kawa #froth #coffeeart #aesthetic #food #breakfast #foodporn #bodypositive #positivevibes #daily #beautiful #cozy #home #plants #decor #interiors #interiordesign"
82,"car, food & seağŸ‘ŒğŸ»
.
.
.

#tÃºyyo #findesemanaperfecto #breakfast #breakfasttime #onthesea #valencia #midday #middayphotography  #lunch #colorcomposition #lunchtime #colorslight #arabianhorse #colorphoto #art #creativeart #newmediaart #newmediaartists #puertovalencia #filmart #photooftheday #sol #gusgus #modernart #videoarte #videoclip #filmart #modernartist #filmphotography #musicandphotography"
111,"ğŸ‡¬ğŸ‡§ Hope you have a great day. Stay strong and keep your mind occupied with little things like i do. Cheers âœŒğŸ»

ğŸ‡µğŸ‡± MiÅ‚ego dnia, bÄ…dÅº silna/ silny i zajmuj swoje myÅ›li drobnymi rzeczami tak jak ja âœŒğŸ»
.
.
.
.
#pralines #chocolate #sweets #coffee #kawa #froth #coffeeart #breakfast #photography #style #foodporn #food #life #lifestyle #bodypositive #motivation #flatlays #flatlayphotography #2021 #czekolada #sniadanie #frenchstyle #aesthetic #minimalstyle",Perfect!
121,"ğŸ‡¬ğŸ‡§ Another day, another coffee and cozy surrounding #plants Every day is very difficult and when you think nothing worse can happen it actually happens. Still tho trying to brighten the day with nice cup of coffee or cakes or workouts. Whatever works âœŒğŸ»

ğŸ‡µğŸ‡± Kolejny dzieÅ„, kolejna kawa i przytulne otoczenie #roÅ›liny Kazdy dzieÅ„ jest ciezki, a kiedy myÅ›lisz, Å¼e gorzej juz byÄ‡ nie moÅ¼e zawsze dzieje siÄ™ coÅ› gorszego. WciÄ…Å¼ jednak staram siÄ™ rozÅ›wietliÄ‡ dzieÅ„ kubkiem sÅ‚odkiej kawy, ciastem czy Ä‡wiczeniami. Co tylko zdaje egzamin âœŒğŸ»
.
.
.
.
#2021 #life #style #lifestyle #photography #coffee #kawa #aesthetic #motivation #food #plantsofinstagram #froth #cafe #lights #decor #interiors #home #homesweethome #dom #foodporn #foodphotography #bodypositive #positivevibes #weekend #relax #chillin #cozy #breakfast"
676,"ğŸ¥‘Avocado Toast - I toasted slices of my French Boule, then rubbed them with garlic clove. The Avocado has olive oil, salt and slight cheese. Salad is a mixed greens with a turmeric balsamic dressing. Then I sprinkled it all with more cheese, an old world spice blend and Urfa red pepper.
.
.
.
#avocado #avocadotoast #avocadolover 
#instagood #yummyfood #vegetarianrecipes #veganrecipes #recipeoftheday #satisfyingvideos #love  #healthyfood #healthyeating #videooftheday #photooftheday #happy #Food
#FoodPorn
#saladsofinstagram 
#Foodie
#Delicious
 #bakersofinstagram 
#Breakfast
#Yum
#Lunch
#homemade #gbbo #videoeditor #saladsofinstagram #garlic #urfa",This avocado toast looks great ğŸŒ±ğŸŒ¿,Love this ğŸ‘Keep up the amazing work! Hope you can check out my profile too,This avocado toast looks amazing ğŸ¤—ğŸŒ±,This looks so much better than standard garlic bread,Wow foodie heaven!!! Canâ€™t beat avocado toast ğŸ˜Your page is great!â¤ï¸how long have you been vegan for? Iâ€™d love if you checked out my page Iâ€™m sharing all things vegan ğŸŒ±ğŸ¥°,Great ğŸ¤¤ğŸ¤¤ğŸ¤¤,Sounds so good with that garlic !!,Looks SO good!!! I just posted my toast this AM! Had to have both avo and pb cause I couldnâ€™t decide! Are you sweet or savory??ğŸ’š
818,"An Asian Fusion Dish (vegan)ğŸ¥¦ -  Turmeric Brothed Rice, Steamed veggies (edamame, peas, broccoli, lentils) then flash sauteÌed in Mirin wine. Topped with breaded tofu pork bites coated w/ orange sauce. Finally, all lightly covered in Mongolian Sauce (fresh ginger, fresh garlic, shoyu, sriracha, olive oil & brown sugar)
.
.
.
.
#ricebowl #veganbowl #asianfusionfood #veganbowls #instagood #yummyfood #foodie #vegetarianrecipes #veganrecipes #recipeoftheday #satisfyingvideos #healthyfood #healthylifestyle #healthyeating #videooftheday #photooftheday #veganfood  #veggierecipes  #happy #Food
#FoodPorn
#Yummy
#Foodie
#Delicious
#Dinner
#Breakfast
#Yum
#Lunch
#Homemade #veggiebowl",my wife and I cleaned our plates ğŸ¤¤,Gorgeous ğŸ˜ğŸ˜,This is my catch for today! ğŸ¤© Thanks for sharing it with us. Bon AppÃ©tit â¤ï¸,What a good idea ğŸ˜ It looks delicious ğŸ˜‹,OH MY! Such a great result!ğŸ‘ğŸ¼ I absolutely love it â¤ï¸ Please check out my account if you like good food from around the world ğŸŒ,What a beautiful mealğŸ˜,Delicious ğŸ˜ğŸ™Œ,This meal looks so good â˜ºï¸,That looks exactly my type of dishğŸ˜,Mmm yum!!! This looks so good,Pure vegan food ğŸŒ±ğŸ˜,Delicious ğŸ˜ğŸ™ŒğŸ’¡ love a good vegetarian recipe ğŸ’¡ğŸ™Œ the more colourful the better ğŸ˜ğŸ˜ğŸ˜ check out my healthy recipe creations ğŸ™ŒğŸ’¡ super quick and tasty recipes to whip up at home ğŸ™ŒğŸ’¡
506,"ğŸ”ŠMini Cheddar JalapenÌƒo PuddingğŸ‡¬ğŸ‡§ğŸ‡²ğŸ‡½ (recipe in comments, try using a duck egg instead of 2 chicken eggs)
.
.
.

#instagood #yummyfood #vegetarianrecipes #veganrecipes #recipeoftheday #satisfyingvideos #love  #healthyfood #englishfolkmusic #healthyeating #videooftheday #photooftheday #happy #Food
#FoodPorn
#popovers #jalapeno #cheddar 
#Foodie
#Delicious
#yorkshirepudding #britishpudding #bakersofinstagram 
#Breakfast
#Yum
#Lunch
#homemade #gbbo #videoeditor #savorymuffins","2 L Eggs, 1 cup milk, 135 g flour, 1 cup very sharp cheddar, 1/4 cup chopped JalapeÃ±o, 1/2 tsp salt... makes about 10-12","Very delicious, if you are also a food lover, take a look at our page, I hope you like it ğŸ¥°ğŸ¥°ğŸ‘©ğŸ»â€ğŸ³","Eat well, live well, be well â˜€ï¸",This looks dreamy
24,#fatloss #muscle #cleaneating #gymlife #plantbased #love #nutritioncoach #transformation #goals #foodporn #instafood #crossfit #organic #strength #instagood #sport #healthylife #gains #breakfast #glutenfree #cardio #fitspo #fitnessjourney #energy #yoga #coach #inspiration #covid #instafit #fitlife
27,#fatloss #muscle #cleaneating #gymlife #plantbased #love #nutritioncoach #transformation #goals #foodporn #instafood #crossfit #organic #strength #instagood #sport #healthylife #gains #breakfast #glutenfree #cardio #fitspo #fitnessjourney #energy #yoga #coach #inspiration #covid #instafit #fitlife
2,"The very few times I do a vegan breakfast ..oat milk oatmeal with fruit...and fruit on the side...lots of fruit and oats ..still healthy and nutritious. I need to junk out once in a while...getting too skinny for my own good.

#vegan #breakfast #healthylifestyle"
13,"La dÃ©coupe binna idawi555 7aja waaaww il boufriwa wil louz chay 9wii ya 3ori aban nougatine itthou9ouha Fi 7yetkom 3la thmenti â¤ï¸â¤ï¸â¤ï¸â¤ï¸â¤ï¸â¤ï¸â¤ï¸â¤ï¸

#nougatine #nouga #gateaux #gateauanniversaire #photographer #photooftheday #photographylovers #photo #patisserie #petidej #petitdejeuner #breakfast #gouter #goÃ»ter #crÃ¨me #pralinÃ© #chocolate #peanutbutter #pecan#gourmandise #gourmand #foodie #foodporn #tunisianfood #tuninsta #foodaddict #cuisinetunisienne2020 #cuisinemaison #recette #faitmaisoncestmeilleur"
6,"pancakesğŸ¥
â€¢
â€¢
â€¢
#explorepage #pancakes #tips #lunch #breakfast #aesthetic #love #lifestyle #explore #lifestyletuva #wow"
11,"Do you love desserts?? â¤ï¸
.
.
.
.
.
KHAUGALLI APP is offering free registrations to the early birds!
Click on the link in the bio to register now on KHAUGALLI APP and start selling your food online!
.
.
.
.
.
.
Follow us @khaugalliapp
Visit us - https://khaugalli.app/
.
.
#khaugalliapp #supportsmallbusiness #vocalforlocal
#yum #khana #indianfood #mumbaifoodie #FoodPornShare#cooking #instadaily #instagood  #foodlover #like #delicious #homemade #healthyfood #photooftheday#earnmoney #digital #breakfast #Foody #Foodies  #InstaFood #FoodPics #FoodLovers #EatingForTheInsta #FoodLove #Food52 #FoodPornShare #FoodStyling"
18,Much needed bagel. #bagel #breakfast #yummy #foodphotography #foodstagram
90,"Ù„Ù‚Ø¯ Ù„Ù…Ø³ Ø±ÙˆØ­ÙŠ Ø¨Ø´ÙƒÙ„ Ù…ÙØ®ØªÙ„Ù.
Êœá´‡ á´›á´á´œá´„Êœá´‡á´… á´Ê Ñ•á´á´œÊŸ á´…ÉªÒ“Ò“á´‡Ê€á´‡É´á´›ÊŸÊ.

Ù†ÙØ³Ùƒ ØªØ³ØªØ­Ù‚ Ø§Ù„Ù…ÙƒØ§ÙØ¦Ù‡ ... ÙƒØ§ÙØ¦ Ù†ÙØ³Ùƒ Ø¨Ù€ Ù…ÙŠÙ„Ùƒ Ø´ÙŠÙƒ Ù†ÙˆØªÙŠÙ„Ø§ 

ØªÙ…ØªØ¹ÙˆØ§ Ù…Ø¹Ù†Ø§ Ø¨Ø§Ù„Ø§Ø¬ÙˆØ§Ø¡ Ø§Ù„Ø§ÙŠØ·Ø§Ù„ÙŠØ© ğŸ‡®ğŸ‡¹ğŸ•ğŸ
#Ø®Ù„ÙŠÙƒ_Ø¨ÙÙŠÙ‡Ø§ 
Enjoy with us the Italian atmosphere ğŸ‡®ğŸ‡¹ğŸ•ğŸ
#coffee #coffeetime #coffeelover #cafe #coffeeshop #coffeeaddict #espresso #food #barista #kopi #coffeelovers #latte #breakfast #tea #instagood #foodie #foodporn #coffeeholic #instacoffee #coffeegram #specialtycoffee #chocolate #caf #coffeebreak #instafood #cappuccino #photography #bhfyp #fay"
6,"Sweet potato is SO versatile & infinitely better for you than bread. Check out these two types of sweet potato toast for the win! 
.
Link to my BIGGEST SECRETS WEBINAR in bio ğŸ˜â¬†ï¸. Alternatively you can register here:
.
https://us02web.zoom.us/webinar/register/WN_z60J9CcQSHKV5x2EaiFxUA 
.
Please subscribe to my YouTube channel for more fun, free, custom health & body image transformation info!ğŸ˜
.
www.YouTube.com/kickitwithkelly 
.
ğŸ ğŸ¥‘ğŸ¥šğŸŒ 
#sweetpotatotoast #easyrecipes #macro #nutrition #nutrients #micronutrients #deliciousfood #healthymeals #breakfast #lunch #dinner #nocarbs #lowcarb #slimming #delicious #weightloss #fatloss #weightlossideas #catabolic #lowcalorie #foodideas #fastfood #mealideas #toast #foodhacks #hungry #healthyfats #peanutbutter #loseweight #leanmeals",Can't wait to bring back the sweet potato love!
3,Order takeout today!! (908)508-0500 #tftpaninicafe #supportsmallbusiness #newprovidencenj #breakfast #brunch #lunch #coffee #cafe #panini #yum #hungry #food #takeout #follow
8,"Eat balanced breakfast!

If there is anything worse than being stressed, itâ€™s being stressed AND hungry! To prevent you from getting hangry hours before lunch, weâ€™re going to show you how to build a balanced breakfast.

The key things you want to focus on for breakfast are: protein, carbs, fat, fiber, and some color from fruits or veggies. Nut butters (are you team almond butter or PB??) provide protein and healthy fats, oats and other whole grains give you carbs and fiber, and eggs and yogurt are good sources of protein. Here are some of our favorite breakfast combos:

- Whole wheat toast or @vansfood waffles topped with nut butter (@sunbutter or @crazyrichardspb) and a side of fruit 
- @siggisdairy yogurt with granola (@purely_elizabeth or @kindsnacks), fruit, and nut butter 
- Overnight oats topped with fruit and nuts 
- Scrambled eggs (try @justegg101 for a delicious plant-based egg option!) with potatoes and veggies
.
.
.
.
#breakfast #breakfastideas #healthy #breakfastofchampions #nutrition #balance #mindfuleating #eatbetter #mealprep #fitnessfood #healthyeating #healthylifestyle #mealprepideas #budget #healthyoptions #recipes #overnightoats #rdapproved #easyrecipes #fitnessmotivation  #healthierchoice #tasty #siggis #pb #protein #fiber #delicious #corporatewellness #bkomplete"
1,simple breakfast #food #foodporn #breakfast #americanstyle
2,Great start to a beautiful day #breakfast myfavorite #applegatepattiesğŸ‘
47,Choudhary ji #a #breakfast #blackloverofficials  #chittorgarh #dogsofinstagram #explore
2,Breakfast 2 ways #breakfast #quickbreakfast #goodmorning #letseat #foodie #lizzieb1st #cookingvideos #cookingtips #cookinggram #cookinggadgets
108,Tag someone that would love this!ğŸ—@menwiththepot,#mealprep #mealprepping #cleaneating #healthyfood #fitfood #health #cleaneating #healthyfood #fitfood #healthyeating #nutrition #cleaneats #breakfast #mealprep #foodprep #protein #mealplan #recipe #yum #healthychoices #healthyrecipes #foodpic #mealprepping #food #recipes #lunch #tiktok #asmr #chicken,Donâ€™t eat meat... but I liked the veggies,@d1813w @bolincurns @chelseawrighthair this should be our valentines meal!
8,Coffee is Elixir!! #coffee #coffeetime #coffeelover #cafe #coffeeshop #coffeeaddict #espresso #food #love #barista #kopi #coffeelovers #latte #breakfast #tea #instagood #foodie #foodporn #coffeeholic #latteart #instacoffee #coffeegram #specialtycoffee #chocolate #caf #coffeebreak #instafood #cappuccino #photography #americano
2,"â€œFriday just calledâ€¦ She'll be here tomorrow & she's bringing the coffee!â€

#SacredBeans #Coffee #CoffeeQuotes #CafÃ¨ #Luton",#coffeeshop #coffee #cafe #coffeetime #coffeelover #espresso #barista #coffeeholic #coffeeaddict #latte #coffeegram #coffeehouse #instacoffee #food #foodie #coffeequotes #instafood #cappuccino #tea #breakfast #baristalife #love #coffeelove #caffeine #sacredbeans #luton
10,french toast for the win!  #dontaskmeificancook #youwantatasteofwhatigot #home #drinks #dinner #breakfast #quickmeals #atxeats #austineats #salmon #foodporn #foodblogger #foodiesofinstagram #southerncooking #culinarydropout #foodphotography #foodstagram #foodblogger #lunch
16,"Are you ready for pancake day? Help create something a little different this year with our range of patterned pancake pans from @NordicWareUK - guaranteed to bring a smile to everyone's face. Check out our full pancake day range & recipes now live on our website.
#pancakeday #nordicware #pancake #breakfast #cooking #baking #bakingathome #cooking"
2,"Thank you for visiting us and liking our food and ambiance.
#Memsaaboflahore #cravings #winter #food #foodies #foodiesofinstagram #foodieofinsta #foodporn #winter  #steaks #chicken #meat #desserts #middleeasternfood #middleeasterncuisine #continental #pakistani #desi #nashta #breakfast #brunch #bestrestaurantinlahore"
1,"Gluten-free oatmeal with raisins, natural peanut butter, cinnamon, and a little maple syrup for breakfast this morning. #breakfast #glutenfree #glutenfreeoatmeal #raisins #naturalpeanutbutter #maplesyrup #milk #healthyeating #yum"
3,Come by and try the Raisin Bread French Toast today!! #thelittlegriddlefwb #breakfast #breakfastofchampions #frenchtoast #foodie #comfortfood #breakfastdilla #baconlovers #baconeggandcheese #biscuitsandgravy #supportsmallbusiness #foodtruck #breakfastfoodtruck
1,Happy Thursday! Come on in! #starbucks #mercer #espresso #coffee #tea #refreshing #nitroshot #coldbrew #breakfast
9,#cibo #food #foodporn #foodblogger #cucina #foodie #instafood #foodlover #cooking #delicious #dinner #eat #foodblog #italy #instagood #foodpic #foodart #eating #foodgasm #italianfood #fashionfood #italia #foodpics #foods #delish #breakfast #foodaddict #yummy #foodism
3,"A pack of Yoga Bar has dried fruits 22% (raisins, cranberries, apricots, blackcurrants), seeds 18% (quinoa, pumpkin, chia, flax), whole grains 50% (rolled oats, brown rice flakes), almonds, soy protein flakes, jaggery, rice bran oil & himalayan pink salt. 

All natural. No preservatives. Zero processed sugar.

Fill your bowl with @yogabars.in fruits, nuts & seeds muesli for a wholesome breakfast to kick start your day. At around 200 calories, itâ€™s a light yet filling breakfast. It is rich in protein, fibre, magnesium and omega 3. Try it with dairy milk or soy milk and it tastes wonderful. 

.
.
.
.
.
#yogabar #yogabarmuesli #muesli #mueslibowl #mueslimania #flaxseeds #chiaseeds #breakfastideas #breakfasttime #breakfast #breakfastlover #healthylifestyle #healthyfood #healthyeating #healthyliving #healthyeats #healthychoices #healthydiet #driedfruits #wholegrains #lifestyle"
17,"Would You Like a Warm Up?  Indoor Dining is back ON! Weâ€™ll See You Here Tomorrow ğŸ’— Reservations & Walk-In's Welcome! 

.

#newyork #nyc #newyorkcity #soho #sohonyc #brunch #breakfast #dinner #diner #americandinerstories #dinerfood  #foodstagram  #chewyorkcity #newyorkrestaurants #nyclife #newyorklifestyle #eatinnewyork #manhattan #boutiquehotel #nycboutiquehotel #covidnycdining #coviddatespots #nycdating #coviddatenight #coviddining #coviddrinking #outdoordining #outdoordiningnyc #valentinesday #valentinesdaynyc"
6,Check out our Valentine's Day treats! â¤ï¸â¤ï¸â¤ï¸ #deli #cafe1505 #happyvalentinesday #valentines #cookies #chocolatecoveredstrawberries #pretzels #chocolate #togo #takeout #breakfast #lunch #resturants #mequon #cedarburg #grafton #mke #milwaukee
15,#protein #fitness #gym #nutrition #healthyfood #bodybuilding #healthy #workout #healthylifestyle #fit #food #health #diet #supplements #weightloss #motivation #vegan #fitnessmotivation #muscle #foodporn #foodie #fitfam #preworkout #wheyprotein #gymlife #healthyeating #training #breakfast #lifestyle #bhfypâ™¥ï¸â™¥ï¸â™¥ï¸â™¥ï¸â™¥ï¸ğŸ˜ğŸ˜ğŸ˜ğŸ˜ğŸ‘ğŸ‘ğŸ‘ğŸ‘ğŸ‘ğŸ‘ğŸ‘ğŸ‘ğŸ‘ğŸ‘ğŸ‘ğŸ‘ğŸ‘ğŸ‘â™’â­ï¸â™’â­ï¸â™’â­ï¸â™’â­ï¸â™’â­ï¸â™’â­ï¸â™’â™’â™’â™’â™’â™’â™’â™’â™’â™’â™’â™’â™’ğŸ’“ğŸ’“ğŸ’“ğŸ’“,These lookğŸ˜ğŸ˜ğŸ˜
2,"Moi moi tomorrow ğŸ˜‹ğŸ˜‹ğŸ½ğŸ‘©â€ğŸ³ğŸ‘©â€ğŸ³who wants some ? ğŸ‘©â€ğŸ³ğŸ‘©â€ğŸ³we are taking orders ğŸ½ğŸ‘©â€ğŸ³ğŸ‘©â€ğŸ³

.
.
Donâ€™t 4get to order before the time you need it ğŸ‘©â€ğŸ³ğŸ‘©â€ğŸ³ğŸ‘©â€ğŸ³view our bioğŸ˜‹ğŸ˜‹ğŸ˜‹
Delivery is for a feeğŸ™ğŸ½ğŸ™ğŸ½ğŸ™ğŸ½ğŸ™ğŸ½
.
.
.follow: @the_nigerianfood_gh 
.whatsapp/call -0594065116
.
.
.
.
.
.
.
#foodcomaking #ghanafoodnetwork #soyummy #africanfoodyummy #eatingsounds #foodporn #foodwars #westafricanfood #ghanafood #naijafoods #chefinstagram #c #african #yummy #breakfast #lunch #dinner #nigerianfood #ghanafood #africanwedding #ghanaians #foodblogfeed"
1,San Luis Honeycomb honey and French Camembert breakfast after the night rain. #camembert #illedefranceğŸ‡«ğŸ‡· #honey #honeycomb #miel #cheese #breakfast #fromage #formaggio #franceğŸ‡«ğŸ‡· #sanluis
1,"I made this salad with my glasses off. She's lopsided isn't she? Good though, sprouted pumpkin seeds, red pepper, turkey sausage, cucumber, butter lettuce and fig vinaigrette dressing. Kiwi banana smoothie on the side: kiwi, banana, cashew milk and a ""splash"" of likely unnecessary honey. ğŸ˜ #KellyeMedia #alifenotgrey #breakfast #foodislife #foodie #healthyeating"
1,Itâ€™s a cold cold morning! Freezing rain here and itâ€™s not stopping for a while. Working from home and I made me some yummy @maltomealcereal for breakfast! With my yummy @indelight coffee creamer- chocolate caramel YUM!!! #breakfast #maltomeal #coffee #ilikecreamerinmycoffee #chocolatecoffee #internationaldelight #workingfromhome #icepocalypse #itscoldoutside #ialmostfell #stayinside #staywarm #np3farmhouse,"Holy moly, I havenâ€™t had Malto Meal in YEARS!! ğŸ˜± Now Iâ€™m craving some! Lol! @carlaspureessentials"
16,Looking for the perfect mindspace this weekend? Head to Dunes!,#alain #alaincafe #alldaybreakfast #breakfast #breakfastfood #cafe #cafeblogger #cafeuae #coffee #coffeeaddict #coffeeaddicts #dunes #dunescoffee #familycafe #food #fooddubai #foodie #foodist #instafood #instagramfood #myalain #specialtycoffee #uae #uaebloggers #uaecafe #uaefoodbloggers
19,"Breakfast box to start the day! â 
@nelli.cafevinâ 
â 
ğŸ“¸  @cindycournoyer"
1,Nothing sweeter than ending your week at Lazy Llama Cantina enjoying the Horchata French Toast and #bottomless mimosas. ğŸ˜ğŸ˜‹ #WeekendBrunch Saturday & Sunday from 11:30 AM to 4 PM. #brunch #frenchtoast #breakfast
4,"Hit the easy button with these delightful brunch egg nests! ğŸ˜‹ // Visit our link in bio for the recipe!â 
.â 
.â 
.â 
COOK TO GATHER. GATHER TO COOK. #boncooklife",#bonlife #boncook #boncookbonlife #ouiboncook #bonlook #boncook101 #feb #instagood #instafood #brunch #eggs #breakfast
5,"Protein French Toast ğŸ
2-3 slices sprouted whole grain bread
1/2 cup egg whites
Dash of cinnamon
Dip bread in egg whites and fry until golden brown.
My toppings were @nutsnmore cinnamon raisin almond butter, @healthycrunch blueberry chia jam and maple syrup.
Enjoy ğŸ¤—
#sweatkindstrong #sweateveryday #kindeveryday #strongeveryday #everyday #sweat #kind #strong #almondbutter #protein #carbs #healthyfat #blueberryjam #maplesyrup #eggwhites #yum #dowhatyoulove #nutrition #postworkout #breakfast"
32,"They're both for me ğŸ˜‹ğŸ˜‹ 
..
..
..
..
...
.

.

.

.

.
..
#fruit #fruitbowl #smoothiecup #health #healthy #foodporn #foodie #food #foodcoma #ilovefood #hfx #ns #canada #kiwi #peach #berries #tasty #sosweet #lifeissweet #sugar #sweettooth #satisfied #satisfying #mymorning #breakfast #brunch #love #instagoals #instafood",I Have to Try it ğŸ˜,"one for me, one for.. oh.. both for you ğŸ˜­"
4,"Testing , Testing L.o.L 

#breakfast #food #foodporn #foodie #instafood #lunch #healthyfood #yummy #foodphotography #delicious #dinner #brunch #coffee #foodblogger #foodstagram #homemade #instagood #healthy #love #goodmorning #breakfastideas #foodlover #healthylifestyle #tasty #vegan #morning #foodgasm #colazione #eggs"
10,"â€¢Berries & Cream Yogurtâ€¢
This is my go to Saturday morning breakfast. Saturdayâ€™s are a busy day for me at the gym, so I need a meal that is going to fill me up and fuel my body. 
...
Ingredients:
â€¢1/2 cup quick oats 
â€¢1 cup water (you could use milk too!)
â€¢2 tsps peanut butter 
â€¢1/2 tsp cinnamon 
â€¢20g vanilla protein powder (I used @1stphorm Level 1) 
â€¢170g nonfat greek yogurt 
â€¢1/2 cup berries of your choice (I used blackberries and raspberries) 
â€¢1/2 tbsp honey for drizzling 
....
1. Prepare the oatmeal on the stove or microwave (oats, water, cinnamon & pb). I like to add in the pb while itâ€™s cooking to help thicken up the oatmeal. 
2. Once cooked, stir in the protein powder
3. Top oatmeal with yogurt 
4. Add on berries and drizzle some honey over the top! 
...
You can easily adjust the amount of oats for higher carbs, or add addition protein powder or yogurt for more protein. 
My macros for this meal were: 
30P/10F/55C 
I am eating this before a workout so I want to keep my protein and carbs high but my fat low! 
Try this out next time you need a pre-workout breakfast! ğŸ’ª 
...

#workout #fuelyourbody #preworkoutmeal #macros #highprotein #carbs #fitnessjourney #quickmeals #easyrecipes #breakfast #easybreakfast #oatmeal #oatmealbowl #oatmealrecipe #recipes #food #healthyfood #healthyeating #healthylifestyle #gym #health"
2,"Finished the every 4 week preventative maintenance yesterday at @nonlaburger. 
.
Machine looks new, runs like new and tested out for the health dept. 
.
Best part, we were able to snag this ğŸ‘‰ bad boy. ğŸ”¥ğŸ¤¤
.
.
#blueberrywaffleburger 
#supportlocal #supportlocalrestaurants #supportlocalbusiness #supporteachother #ordertakeout #breakfast #lunch #brunch #diner 
#restaurantfood #westmichiganrestaurants  #autochlorsystem #autochlor #localexpertsacs #therealautochlor #michiganrestaurants #hospitalitystrong #takeoutfood #deliveryfood #cheflifeğŸ”ª #restaurantowner #michiganfood #indianarestaurants"
8,"è‰ºå›­æ­ç¥å¤§å®¶ï¼š
ç‰›æ°”å†²å¤©ç›ˆæ»¡ç¦ï¼Œç‰›å¹´å¤§å‰ï¼Œå®‰åº·å–œä¹ï¼

#garden #art #malacca #melaka #malaysia #homestay #landscape #villa #countryside #rustic #getaway #relaxation #trip #holiday #tourism #woodland #antique #bnb #bed #breakfast #bedandbreakfast #unique #rent #leisure #ä¼‘é—² #happy #å¿«ä¹#happynewyear #happynewyear2021 #æ–°å¹´å¿«ä¹"
23,"ğŸŒ¹The only roses we want for Valentineâ€™s Day!ğŸŒ¹Give your sweetheart the gift of sweetness with our small cakes, macaroons and other treats this V Day! 

â€¢

#bakery #breakfast #brunch #bbistro #bbistromiami #food #foodie #miami #lunch #brickell #miamibeach #coffee #instagood #instafood #foodporn #eater #cooking #305 #nutella #croissant #supportlocal #avocado #avocadotoast #frenchtoast #valentine #valentines #love #loveislove"
2,"Breakfast wrap with egg whites, spinach and cheese. I also added salt and pepper, onion powder and garlic powder. Yummy!
#breakfast #breakfastwrap #healthybreakfast #breakfastideas #yummybreakfast #yummy #yummyfood #whatsforbreakfast #homemadefood"
6,"Healthy lunch ğŸ¥¦ broccoli pasta with soya cream, garlic, coriander, salt, pepper topped with garlic and thyme croutons ğŸ 

#dairyfree #vegan #diet #food #foodporn #foodinspo #dinner #breakfast #lunch #bruch #dinnerinspo #lunchinspo #healthyeating #lifestyle #brunching #breakfastideas #foodphotography #tasty #foodstagram #foodie #foodiesofinstagram #dairyintolerant #followforfollowback #followï½e"
4,"Creme Brulee Recipe + Uses For A Chef's Torch
40m 4 ingredients
Vegetarian â€¢ Gluten free

Refrigerated
4: Egg yolks, Large or Jumbo

Baking & Spices
14 2/3 tbsp: Granulated sugar
1 tsp: Vanilla extract

Dairy
2 cups: Heavy cream
.
.
.

#food #foodporn #yum #instafood #yummy #amazing #instagood #photooftheday #sweet #dinner #lunch #breakfast #fresh #tasty #food #delish #delicious #eating #foodpic #foodpics #eat #hungry #foodgasm #hot #foods
.
.
.
@health_knowledge00 @healthy_india._ @healthy_ish @foodliife_ @fithealthyrecipes @healthy.foodyss @healthyfitnessmeals @healthyfoodyess"
3,"We've recently added this Pineapple mimosa to our drinks menu! It's tangy and sweet in just the right balance. ğŸ˜‰  Try it out next time you're here to #brunch!
ğŸ¥‚",#bestbrunch #BoozyBrunch #breakfast #breakfastclub #breakfastfood  #breakfastrestaurant  #brunch #mimosa #cocktails #cocktailsmenu ##brunchbabes #brunchbabestucson #brunchfood #brunchideas #brunching #brunchlovers #localbrunchspot #pineapplemimosa #strawberrymimosa ##localbreakfastspot #localbusiness #morningslikethese #buzzfeastfood #cafe #cocktails #cocktailsofinstagram
16,"Repost from @crememacarons
â€¢
Macaron Cereal ğŸ¥£ 
WHAT ARE YOU HAVING FOR BREAKFAST?
Inspired by @ms_merry_macs 
If you guys decide to remake this please tag her! 

Macaron Shells:
1 3/4 cups (189g) Confectioners' sugar
1 cup (95g) Almond Flour (Finely Ground)
3 large (96g) Egg Whites, cold
1/4 tsp Cream of tartar 
1/4 cup (62g) Granulated or Superfine Sugar
Pinch of salt 
Lemon Yellow Gel Food Color
Purple Gel Food Color
Pink Gel Food Color
White gel Food Color

Almond Buttercream:
1/2 cup (1 stick) Unsalted Butter, room temp
2 cups Confectioners' Sugar
1 tsp Almond Extract
1-3 TB Milk (Optional)

â£
Macaron Mat by @nycake and we have several different sizes and styles. 

Kim thank you for all your support and loyalty to NY Cake. We appreciate all your amazing work and creativity ğŸ¤ğŸ’™ğŸ’œ. You are truly unique and very creative and we love all that you do. ğŸ˜ŠğŸ™ğŸ¤. 
.â£
.â£
.â£
.â£
#foodstagram #explorepage #photography #likeforlikes #foodporn #breakfast #macaronslady #tiktok #homemade #instafood #explore #instagood #foodie #cake #love #chocolate #macaronsofinstagram #macaronstagram #food #yummy #dessert #cakes #foodphotography #pastry #art #music #sweet #frenchmacarons #delicious #macaroncereal",Oh how cute!! ğŸ’œğŸ’—ğŸ§¡
15,"Numbers don't lie ğŸ˜œ Our Protein Waffles really are the healthiest & yummiest in town! Just check out those macros ğŸ˜± â£â €â €â €â €â €â €â €â €â €
Golden fluffy waffles with the nutrition you need and 100% guilt free; no flour, no added sugar, no milk, no butter. Filled with 24 vitamins & minerals and 28gr of high quality protein.â €â €â €â €â €â €â €â €â €
â£â €â €â €â €â €â €â €â €â €
Enjoy them with your favorite toppings: strawberries, bananas, sliced almonds, coconut flakes, chocolate chips, and caramel or chocolate sugar free syrup on top ğŸ˜‹",#breakfasttime #waffles #proteinwaffles #proteinsnack #breakfast #healthybreakfast #goodmorning #morningmotivation #morningvibes #bocaraton #eastboca #bocagym #busybody #eatclean #healthyfood #healthylifestyle,@internets_ninja Oooooh this waffle + almonds + sugar-free syrup = keto ğŸ¤¤
