0,"Have you not tried our 'Chicken Shwarma' yet? The only hotel in Ratnagiri with large variety of Veg-Non Veg dishes..!

#GKebab #ChikenShwarma #Chicken #Ratnagiri #MultiCuisineRestaurant #bestfood #ParcelServiceInRatnagiir"
2,"Chicken be like abey teda ha kyağŸ˜‚ğŸ˜‚
#memesworld #ğŸ˜‚ #chicken #trolls_official #trolls"
7,"Chicken Tikka Chips ğŸŸğŸ˜‹
HungryHouse #Bharuch #Chicken #food #foodporn #foodie #instafood #Grill #Chips #foodphotography #foodstagram #yummyÂ  #love #follow #foodblogger #foodlover #like #deliciousÂ  #healthyfood #homemadepizzadough #photooftheday #picoftheday #dinner #foodgasmÂ  #tasty #instadaily #restaurantÂ  #healthy #bhfyp"
4,#Tiny #Chicken #freshfoods #southindianfood #miniatures #taste #spicyfoods #specialfood #delicious #yummyfood #cooking #cookingvideos #chef #eat #healthyfood
4,"Teriyaki chickenğŸ— will be sharing the recipe soon!! 
.
.
.
.
#foodie #foodstagram #foodlover #foodpic #chicken #teriyaki #japanese #foodstagram #explore"
12,"Part 3 - Flavour Bases - Chinese Kung Pao Chicken. This is such an addictive dish!!! Chinese flavour bases will routinely include garlic, fresh ginger, spring onions, chillies and shallots (not white or brown onions). Chinese five-spice and star anise are also among the â€˜basicsâ€™.
ï»¿-
ï»¿Kung Pao is in the range of â€˜stickyâ€™ Chinese dishes. If youâ€™ve had Chinese Lemon Chicken, then youâ€™ll know how that tastes.
ï»¿-
ï»¿There are hundreds if not thousands of Kung Pao recipes. I like Diane Kuanâ€™s flavour base (from Epicurious), which tracks with the flavour bases pictured on the Fine Dining Lovers website.
ï»¿-
Iâ€™ve listed the ingredients of the base here, but not the full recipe, as you might want to try this with a different food. 

ï»¿The photo is from Epicurious by the way!
-

1 tablespoon Chinese black vinegar
1 teaspoon soy sauce
1 teaspoon hoisin sauce
1 teaspoon sesame oil
2 teaspoons sugar
1 teaspoon cornstarch
1/2 teaspoon ground Sichuan pepper
2 tablespoons vegetable oil
8 to 10 dried red chilies
3 spring onions, white and green parts separated, thinly sliced
2 garlic cloves, minced
1 teaspoon grated fresh ginger.
-
#flavour #chinesefood #kungpaochicken #chicken #tasty #tastyfood #dinner #dinnerideas #asianfood #homemade #yummyfood #sydneyfood #sgeats #sgfood #cooking #stirfry #signaturemenuymk 

ï»¿"
1,".
.
.
.
.
.
.
.
Also easy in a vegan way though. So i took chicken. Take tofu or anything else et voila: thai-curry-soup 
#soup #curry #coconutmilk #spinach #chicken #cumin #misopaste #currypaste #tasty #delicious #food #instafood #family #life #love #living #cookingathome"
4,"Why am I doing so many projects at one time?!?! 
.
.
.
.
.
.
#knittingaddict #knittingismytherapy #knittersofinstagram #knittingproject #knitting #crossstitch #crossstitchersofinstagram #crossstitching #artsandcrafts #crafts #craft #sewingismytherapy #sewing #sewingproject #sewingmachine #flowers #moon #chicken #blackandwhitephotography #boredinthehouse #staysafe #wednesday #wednesdayvibes"
7,"Lunch timeâ€”> by @fit.by.suzi / @fitnesscuisine.ro 
#lunch #lunchideas #lunchtime 
#fitness #fit #fitnessjourney #fitnessmotivation #fitnessaddict #fitnesslifestyle #fitnessgoals 
#asparagus #chicken
_______________
@fitnesscuisine.ro 
@fit.by.suzi 
ğŸ“Brasov 
12â€™ prep time"
2,"Tender coconut water chicken ğŸ¤©. Click the link given in bio to watch full video of this recipe. 

#tendercoconutwaterchicken #tendercoconutwaterchickenrecipe #chickenrecipe #chicken #chickenlovers #food #foodlovers #foodlove #foodporn #foodiesofinstagram #foodart #spicy #spicyfoodrecipes #spicychicken #healthy #tastyrecipes #healthyrecipes #tasty #tendercoconutwater #chickengravy"
8,"ğŸ£ğŸ¤ğŸ¥ğŸ”ğŸ“ğŸ“ğŸ“ğŸ“
â†˜ï¸â†˜ï¸â†˜ï¸
ğŸ—ğŸ—ğŸ—ğŸ—ğŸ—ğŸ—ğŸ—ğŸ—
Here are the basic kinds from our wide range of biryanis. More to come ğŸ¤¤

#Matka_Biryani #Chicken_lollipop_biryani #chicken #chicken_fry_biryani #chicken_special_biryani #prakriti_multicusine_restaurant #prakriti #chicken_dum_biryani #foodies_nellore #foodstagram #foods #foodporn #foodie #nellore #nellorefood #chickenbiryani"
3,"Another one! #KilimanjaroRestaurant
.
.
.
#StrengtheningBondsTheAfricanWay #TasteOfAfrica #Jollof #Chicken #Newoutlet #OpeningSoon"
4,#implus_daily #follow #photooftheday #instadaily #igers #igersoftheday #kurdishrecipes #kurdishfood #instakurd #kurdish_cuisine #instagramhub #picoftheday #igdaily #webstagram #statigram #insta_global  #ig_snapshots  #foodporn #foodgasm  #foodinspiration #nomnom #foodphotography #chicken #mrishik #peas #peppers #spices #foodie #food #delicious
7,"Biryani loverssğŸ¤¤ğŸ¤©â¤ï¸ğŸ¤¤
...
...
...
...
...
...
#biriyani #foodporn #foodie #food #biriyanilove #foodphotography #foodblogger #chicken #indianfood #instafood #foodstagram #chickenbiriyani #foodlover #love #biriyanilover #foodgasm #foodiesofinstagram #chickenbiryani #foodies #kerala #biryani #mutton #chennaifoodie #yummy #muttonbiriyani #homemade #chennai #keralafood #instagood #bhfyp",Such a lovely and delicious biryani
2,"Fully healed and very healthy! I got her a sister too~ ğŸ˜ğŸ’•
.
.
.
.
.
.
.
#chicken #chickens #hen #chicks #chickenlove #crazychickenlady #instachick #instachickens #farm #farmlife #cute #cuteanimals #funny #funnyanimals #ã«ã‚ã¨ã‚Š #gallina #gallinas #backyardchickens #cutechickens #hen #cutehen #chick #broodyhen #cutechicks #pollito #pollitos"
29,"Crispy digger chicken ! 
 Twist in Parmesan & cheese liquid 
.
#chicken #food #chefabbro #punekar #foodstylist #foodlover #cheflife #chef #poetrymaykhana #cheeselover"
2,"Chasing for the warms.
é•·ç”Ÿãã—ãªã„ã ã‚ã†ãªã¨ã„ã†4ç¾½ã®æœ€å¾Œã®1ç¾½ã®å…ƒæ°—å‡ºã™ç‚ºã«æ˜ã£ã¦ããŸãƒŸãƒŸã‚ºã®ç²ã‚Šåˆã„ã€‚

ğŸ¥šğŸ£ğŸ¥ğŸ“ğŸ³
#OmeFarmChicken #omefarm #omefarmkitchen #Tokyo #farmer #organicfarm #rangefreeeggs #babychicks #tamago #chicken #polloloco #farm #plymouthrock #silkyfowl #pouletnoir #æ±äº¬è¾²æ¥­ #åº­å…ˆé¤Šé¶ #ã«ã‚ã¨ã‚Š #ã«ã‚ã¨ã‚Šã®ã„ã‚‹æš®ã‚‰ã— #è‚²é›› #é»„æ–‘ãƒ—ãƒªãƒã‚¹ãƒ­ãƒƒã‚¯ #çƒéª¨é¶ #ãƒ—ãƒ¬ãƒãƒ¯ãƒ¼ãƒ« #ãƒŸãƒŸã‚º #å¹¼é›› #ã²ã‚ˆã“ #é›› #ãƒŸãƒŸã‚ºæ•ç² #ãƒ¯ãƒ¼ãƒ  #ç«¶äº‰"
2,"Carmeloâ€™s homemade toum (Garlic Sauce) is now available. ğŸ‘³ğŸ»â€â™‚ï¸

For orders and inquiries, send us a DM @carmelos.mnl / Facebook: Carmeloâ€™s 

#SupportLocal #SupportSmallBusiness #carmelos 

#PlasticFreeLiving #PlasticFreeLife #PlasticFree #zerowaste #ecofriendly #noplastic #savetheplanet #sustainableliving #recycle #environment #plasticpollution #zerowasteliving #saynotoplastic #plasticfreeoceans #reducereuserecycle #greenliving

#kebab #kebabenak #chicken #beef #kebabs #hummus #roti #arabic #mediterranean #shawarma"
1,"Sour Cream & Chicken Enchiladas ğŸŒ®

Mexican flavours are my absolute favourite ğŸ¤¤ğŸ¤¤ & these did not dissapoint.
Recipe on Cookidoo
We did not add the olives to ours as we do not like them.",#thermomix #tm6 #tm5 #tm31 #thermomixtm6 #thermomixtm5 #thermomixtm31 #cookidoo #maskedmixer #thermomixaus #thermomixnz #enchiladas #chicken #dinner #foodblogger #foodstagram #instafood #thermilove #thermomixrecipes #thermomixconsultant #aussiemum #aussiemumblogger
2,#lunch #yummie #chicken #bellpeppers #mushrooms #garlic #blackpepper #seasalt #nocarbs #homemadefood ğŸ½ğŸ‰ğŸ˜Š
18,"STUFFED fried chicken?!
Talk dirty to me ğŸ¤¤ğŸ˜

#foodblog #foodie #foodblogger #foodiesinternationalchat #chicken #foodporn #fried #foodphotography #homecook #homemade #byebyediet #instaeats #foodstagram #discoverunder5k #foodideas"
9,Garlic chicken anyone? Pekka has decided today that digging up my special garlic stash would be on the agenda. She reeks of garlic but I did manage to salvage some ğŸ™„ğŸ™„#garlic #chicken #chickensofinstagram #hen #freerange #ygirl #mypetchicken #lovemychixken #pekka #heritagebreedchickens #wyandotte #goldlacedwyandotte
6,"Just a couple of classics vibing ğŸ‘¯â€â™€ï¸
.
.
.
.
.
.
.
.
.
.
.
.

#ultrasmashedburgers #homemadepotatobuns #burger #burgers #cheeseburger #cheetos #chickenburger #fries #brisket #chickennuggets #chicken #smokedcheese #mushroomswiss #classicburger #oreo #lotus #doughnuts #doughnutburger #chili #poutine #vegan #doughnutholes #chickensalad #brisketfries #loadedfries #sliders #nobunintended"
17,"Z'st Special Grill Chicken @zest_bistro_ 
.
.
Price:380/-
.
Location: Thrissur,east fort,Navya Arcade
.
.
ğŸ‘‰Follow @keralafoodvibes ğŸŸ¡ğŸŸ¡ğŸŸ¡
ğŸ‘‰Follow @keralafoodvibes ğŸŸ¡ğŸŸ¡ğŸŸ¡
ğŸ‘‰Follow @keralafoodvibes ğŸŸ¡ğŸŸ¡ğŸŸ¡

#barbque #bbq #alfaham #lovefood #foodporn #foodies #nonveg #nonvegplatter #foodexplorer #explorepage #explorefood #mallufoodie #mallublogger #foodblogger #foodblog #foodbeast #foodporn #food #foodstagram #kerela #thrissurkaran #explorepage #beef #love #thrissurfoodies #cheese
#chicken #kochi #foodstagram"
3,Lunch tips ğŸ‘ğŸ»Testa @sullesstreetfood â€™s Fried chicken med Mac and cheese. Vagnen stÃ¥r vid Euro master i VÃ¤xjÃ¶ #streetfood #macandcheese #chicken #lunch
36,"Noodles with Chicken and Vegetables!!!ğŸ—ğŸœğŸ¥¡ğŸ¥¢
.
.
.
.
.
#noodles#food#chicken#vegetables#chinesesfood#chopsticks#foodlover#foodstagram#foodies#foodie#instafood#taste#recipe#foodphotography#foodstyling#yammy#soyasauce#mashrooms#peppers#corn#instafoodie"
3,"Delicious Buffet @ Rs. 99/- Only 

#bhenadadhaba #buffet #chandigarhfoodies #mohali #mohalifoodies #panchkulafoodies  #fastfood #fastfood #kfc #chicken #mashhad #instafood #foodporn #fastfood #chips #yummy #delicious #breakfast  #realfastfood  #foodlover #beautiful #prettyfood #foodbloggers #foodbloggersindia #punjabifood #punjabifoodie #foodforsoul #followforfollow #likeforlike #noodles #naan #paneer","Hope youâ€™re enjoying your meal! 
Weâ€™ll wait for you to come back :)"
2,".
#japanesefood #japan #food #foodphotosathome #foodstagram #foodie #foodphotography #chicken #cabbage #izakaya #toriniku #oishii #oishiigohan #oishiidesu #oishiikatta"
7,"The most important thing is to enjoy your life â€“ to be happy. It's all that matters.""

â–ªAUDREY HEPBURN
â–â–â–â–â–â–â–â–â–â–â–â–â–â–â–â–
Follow for More:
â–ª@micl.icks_indian_photography
â–ª@status__4u__  @status__4u__

â–â–â–â–â–â–â–â–â–â–â–â–â–â–â–â– #babychicks #chicksofinstagram #mobilephotography #mobilegraphy
#naturephotography #microphotography
#instaphotography  #chickenbaby#chickens #chickenlovers #chicken #chickenlove #chickenlover #chickenofinstagram #chickenlove_group #chickenlife #chickensofinstagram #chickensofinsta #poultry #backyardpoultry #poultryofinstagram #poultrylife #instapoultry #lovechicken #lovemychickens #ilovechickens #chickenlove  #hensofinstagram #petchickens #cutebirds #babychicken"
4,"Breakfastâ˜•

#baking #cooking #cakes #bread #food #dessert #breakfast #eggs #sandwitch #burger #cheese #chicken #sauces #love #chunks #chocolateÂ  #yummy #kitchen #pakistan #pakistanarmyÂ  #militarywife #mommy #doughnuts #cookies #cafe  #coffee #craving #egg #veggies #breakfast #tea"
5,"Rate this from 1-10 ğŸ‘€ğŸ˜‹ğŸ˜‹ğŸ”¥ğŸ”¥
Follow @your.chef.location 
______________^
ğŸ¤³Follow @your.chef.location 
ğŸ’–Double tap if u like this post 
ğŸ””Turn on post notification 
ğŸ“¸@nusr_et 
TAG YOUR FRIENDS BELOW ğŸ‘‡ğŸ‘‡ğŸ‘‡
#food #burger #grill #hungry #burgerlover #foodporn #kitchen #steak #chicken #eat #instafood #instagram #videos #video #chef #cook #cooking #chocolatelovers #chocolatecake #chocolate #sweet #world"
4,"Today i got taught how to break down a chicken like a pro.. ğŸ¤¯ğŸ˜¤
.
.
.
.
.
.
. #chicken #chickenwings #chickentenders #chickentighs #chickenlollipop #skills #noway #basil #orange #switzerland #france #culinary #chef #cheflife #pollo #poultry #poulet #Itsdelicious #itsunbelievable #Itschefgio"
6,"Ever wanted to buy Betty and her flock a watermelon? Now you can! 

https://www.buymeacoffee.com/Bettyshenhouse

If you like what I do here and would like to buy us a ""coffee"" we would love it! Any proceeds will of course go towards the upkeep of my beloved hens - watermelon, feed, grubs, bedding, etc. Absolutely no pressure! I just love sharing my hens daily here. I've loved connecting with so many wonderful people and making true friends in this IG chicken community. I almost didn't do this, but thought it would be nice to give anyone who did want to give to my hens a way to easily do it! 

Link will stay in my profile ğŸ˜Š

ğŸ‰â¤ğŸ‰â¤

#chickenkeeping 
#backyardchickens #chickens #chickensofinstagram #chickensofig #ilovechickens #hens #chicken #hensofinstagram #crazychickenladyÂ  #mypetchicken #poultry #cutepets #chickensaspets #iloveanimals #homestead #countrylife #pets #funnypets #cuteanimals #chooks #backyardchicken #hensofinstagram #chickensofinsta #henÂ  #backyardflock #chickenlady #petchickens #funnyanimals #backyardchickensofinstagram"
5,"A healthy take on loaded potato skins.
Sweet Potato filled with a chicken and white bean flavor bomb haha, spinach, a little cheese and yogurt instead of sour cream. 
#potatoskins #sweetpotato #chicken #whitebeans #spinach #flavorbomb #greekyogurt #healthy #lunch #cootskitchen #newjersey"
2,"Such a pretty girl!
#chickensofinstagram #chicken #chickentherapy #eggs #photooftheday #photography #photographer  #happyhippyhomestead #dragonflyandsparrow"
4,"Cheesy day 

Sausage pizza and sausage roll
Rs 150
Rs 150

#foodie_amigos3 #foodforlife #pokhara #beginner #3amigos #chicken #pizzaaddict #pizzalover #cheers #wintervibes #positivevibes #sausage #sausagepizza #sausagerolls #12baskets #nayagaun 
#followforfollow"
3,"Well everyone, we've got some new pets, we've got some chooksğŸ”meet Evelyne, Enya and Dora the eggsplora â˜ºï¸I've introduced myself though I can't get to the other side of the fence to playğŸ˜‚ğŸ¾ğŸ¶",#borderterrier #borderterrierist #borderxpatterdale #happydog #terriersofinstagram #activedog #terriersofig #terriermix #borderterriersofinstagram #terriers #terrier #picoftheday #btposse #curiousdog #terriercross #dogsofinsta #cheekypuppy #borderterrier #lohmanbrowns #chicken #chickensofinstagram #chickensaspets
0,#city2 #chicken #city2dk #kylling #TÃ¥strup #
3,"â€¢ Chicken Mami is the Filipino version of Chicken Noodle Soup â€¢ Thursday  Kitchen Situation â€¢ Feast Mode â€¢ The Tastes & Flavours of Winter â€¢ Lutong Bahay â€¢ Kusina sa Casa ni Mega â€¢ BarryBonggaâ€™s Mega Kitchen Series â€¢ Bath, England â€¢ February 11, 2021 â€¢ #feastmode #homecooking #hapagkainan #chickenmami #chicken #soup #noodle #foodie #comfortfood #foodcoma #cravingssatisfied #foodporn #fiesta #sarap #delicious #lasangpinoy #mealscenes #foodtrip #kaintayo #kitchenstories #foodph #eatspiration #eatsmorefun #barrybongga #kainansacasanimega #lutongbahay #foodblogger #megakusinaseries #foodstagram #whattoeatph â€¢"
0,"New recipie on my YouTube channel

#food #foodie #foodblogger #foodlover #foodstyle #motherlove #motherscare #chickenrecipes #chicken #chickenpulaoğŸ— #tasetypulao #easyrecipes #easypulaorecipe"
8,"Sri Murugavilas clay pot cooking (à®¸à¯à®°à¯€ à®®à¯à®°à¯à®•à®µà®¿à®²à®¾à®¸à¯ à®®à®£à¯à®ªà®¾à®©à¯ˆ à®šà®®à¯ˆà®¯à®²à¯ à®‰à®£à®µà®•à®®à¯.) hotel near Karur.

Had a traditional kongu Lunch at this hotel. Only Lunch available.

Price:
Nattukozhi Uppu Kari Rs.200
Mutton varuval Rs.200
Mutton biriyani Rs.200

#nammavlogs  #southindianfood #kongufood #lunch #chicken #nattukozhi #mutton #muttonbiriyani #foodblogger #foodiesofindia #foodies #foody #foodporno #foodlovers #foodexplorer #foodphotography #foodpost #nammakarur #karur #karurfoods"
2,"Hong Kong Momo's 

Restaurant Type 
â¡ Cuisines ,Chinese 

Type 
â¡ Quick bite Outlet ğŸ

Opening Hrs 
â¡ 11 AM to 11 PMğŸ”š

 Location : Ward 25, Saktigarh, S.F Road, Khalpara, Khalpara, Siliguri - 734001

For more delicious food follow #siliguridelites

#siliguri #siligurifoodblogger #siliguriblogger #foodporn #food #kolkatafoodies #kolkata #foodreview #foodie #foodblogfeed #siligurifoodies  #siligurifooddiaries  #foodography #foodgasm #foodlover #foodtalkindia #indianblogger #india #kolkatafoodies #zingyzest  #eeeeeats #chicken #cheese #jony_snainablog #siliguri_food_blog"
9,"#chilli_chicken made by chef @ashishrai88888 
.
.
.
.
.
.

#chinesefood #food #foodporn #foodie #foodphotography #instafood #foodstagram #foodblogger #chinese #asianfood #yummy #homemade #foodlover #noodles #delicious #foodgasm #foodies #dimsum #chinesecuisine #homecooking #dinner #china #foodiesofinstagram  #streetfood #foodpics #indianfood #chicken #tasty #bhfyp"
4,"zairapatisserie is a newly opened cloud kitchen in town delivering lip smacking Persian delicacies.
The chicken burger & the mini cheese cake tasted  truly amazing.

IN FRAME:#siliguridelites
âœ¨ Butter Tossed Russian Pelmeni With Sour Cream & Tomato Sauce â‚¹200
âœ¨ Chicken Burger â‚¹150
âœ¨ Mini Cheese Cake with Cranberry â‚¹150

.
#siliguri #siligurifoodblogger #siliguriblogger #foodporn #food #kolkatafoodies #kolkata #foodreview #foodie #foodblogfeed #siligurifoodies  #siligurifooddiaries  #foodography #foodgasm #foodlover #foodtalkindia #indianblogger #india #kolkatafoodies #zingyzest  #eeeeeats #chicken #cheese #jony_snainablog #siliguri_food_blog"
2,"Good morning ğŸŒ
Waiting patiently for his breakfast ğŸ˜‹

#cockatoo #cockatoosofinstagram #cockatoolife #cacatua #naugthy #birds #birdsofinstagram #birdlover #wild #chicken #chickensofinstagram #chickentherapy #chickencommunity #chickeningarden #garden #gardener #sandhillcranes"
5,"PLEASE SHARE, Help #local #business
#lentils #brocolli #soup
#chicken #pasta #oven #bake

#takeaway Now available.
#vegetarian
Pre order 961 051 951 - 919 382 776

@aquintasilves
#gardencafe & #lodges
#everyday except #weekends 
#food #nature #freedom
#silves #portimao #lagoa #armacaodepera #algarve 
@quintadafigueirinha"
11,"Chinese New Year Eve... 
My 'makan besar' tonight... Ketam Masak Lemak and Ayam Tandoori...
.
#norimymakanmakan2021 #malaysianfood #chinesenewyeareve #dinner #comfortfood #foodie #instafood #foodiegram #instafoodie #foodstagram #instafoodgram #instamakan #instamakanan #foodgram #ilovefood #foodporn #foodgasm #crab #chickentandoori #ayamtandoori #masaklemakketam #ketammasaklemak #chicken"
4,"OMG couldnâ€™t â€œramenâ€ this in my mouth quick enough... Get it... ehhh ;)
.
.
.
.
#ramen #ramennoodles #foodporn #food #asianfood #chicken #noodles #chef #yum #yummy #savouryfood",Omg that looks good x
6,"Roasted chicken thigh cutlets with olives, onion, garlic, lemon juice, rosemary, thyme, salt and pepper, chilli flakes. ğŸ«’ğŸ§…ğŸ§„ğŸ‹

I fried the chicken skin down until golden, then flipped them around and added the other ingredients. Then slow cooked them until the meat fell off the bone. ğŸ˜‹

#chicken #chickenthighs #woodoven #cook #woodfiredoven #pizzaoven #d105brickoven #lowandslow #yummy #hungry #getinmybelly #tender #juicy #cookwithfire",Almost as good as tonight's maccasğŸ˜‚ğŸ˜‚ğŸ˜‚ğŸ˜‚
3,#homemade #homemadelovers #homemadechickendoner #alwasyfresh #chicken #chickens #yummyfood #yummy #try #donerkebab #dÃ¶ner #kebablovers #donerkebab â˜ƒï¸â„ï¸â˜ƒï¸
0,"Hey there!!

Itâ€™s almost sorta mid week and we have an offer for you! 

1kg pork steak, 1 kg pork chops , 1 kg pork on bone and two full chicken at 

ksh 2725/=
 
Prices have gone down

Call/ WhatsApp 0742623715

#porkchop#porksteak#porkonbone#chicken#grilling#ovenbake#porklovers#chickenrecipes#"
0,theblack#chicken#karage#fun#japan
7,Dinner with the sisters ğŸ‘§ğŸ¼ğŸ‘©â€ğŸ¦³ğŸ‘©ğŸ» I guess real diet starts tomorrow coz now we gotta enjoy lots of cheese and chickens ğŸ˜‹ğŸ˜‹ #cheese #chicken #instafoodie #instadaily #instagram #instagood #instamood #foodstagram #foodie #bonappetit #salad #datenight #sisters #ì¹˜í‚¨ #ë¨¹ìŠ¤íƒ€ê·¸ë¨ #ëƒ ëƒ  #ë§›ìˆì–´ #ì¸ìŠ¤íƒ€ê·¸ë¨ #ì¢‹ì•„ìš” #ì¼ìƒ #ë°ì¼ë¦¬ê·¸ë¨ #ì…€ìŠ¤íƒ€ê·¸ë¨ ğŸ—ğŸ§€ğŸ¥—ğŸ˜ğŸ˜‹
7,"ğ“£ğ“®ğ“»ğ“²ğ”‚ğ“ªğ“´ğ“² ğ“’ğ“±ğ“²ğ“¬ğ“´ğ“®ğ“· ğŸ“ğŸ™ğŸ¥¦ From Japan ğŸ‡¯ğŸ‡µ ğŸ‹ğŸ—»ğŸ‹

Photo ğŸ“· And Ingredients:https://www.cookingclassy.com/teriyaki-chicken/

Ingredients

1 1/4Â lbs.Â boneless skinless chicken breasts,Â diced into 1-inch cubes

1Â TbspÂ olive oil

1/4Â cupÂ low-sodium soy sauce

1/4Â cupÂ water*

2Â TbspÂ honey

1 1/2Â TbspÂ packed light brown sugar

1Â TbspÂ rice vinegar

1/4Â tspÂ toasted sesame oil

2Â tspÂ peeled and minced fresh ginger

2Â tspÂ peeled and minced fresh garlicÂ (2 cloves)

2Â tspÂ cornstarch

Sesame seeds and chopped green onions,Â for serving (optional)

#foodstyling #foodie #foodblog #foodstagram #foodlover #foodphotography #foodblogger
#foodstylist #foodpics #foodporn
#foodgasm #foodart #food #tasty #delicious #wonderful #photo #dinner
#lunch #friends #unforgettable #moments #beautiful #chicken
#broccoli #rice #japan #healthylifestyle #lunchtime"
8,"ê³µë¶€ë§Œ í•˜ë ¤ í•˜ë©´ ì™œ ì´ë ‡ê²Œ ë°°ê°€ ê³ í”„ê³  ë³´ê³  ì‹¶ì€ ì˜í™”ë“¤ì´ ëˆˆì— ì•„ë¥¸ê±°ë¦¬ëŠ”ì§€ğŸ™„

#ì¼ìƒ #ë°¥ #ìƒëŸ¬ë“œ #ì¹˜í‚¨ #ë¶€ë¦¬ë˜ #ì¹˜í‚¨ë¶€ë¦¬ë˜ #mexicanfood #burrito #chicken #chickenburrito #food #foodstagram #daily #dailystagram #salad #í€´ë…¸ì•„ #í€´ë…¸ì•„ìƒëŸ¬ë“œ #green #vegetable #ì•¼ì‹ #ê°„ì‹ #snack #ì§‘ìˆœì´ #ì§‘ë°¥ #ë§ˆì¼“ì»¬ë¦¬ #uworld #ìœ ì›”ë“œ #nclex #nclexrn #studygram"
3,"Enjoy the beauty of shopping at Kasaragod's favourite hypermarket and get big deals on your local favourites.
*
*
*
*
*
*
*
#giyagroup #giyagroupofficial #new #offer #choori #meepuguri #kasaragod #kl14 #instagood #instagram #instadaily #instalike #likeforlikes #mallugram #likes #vegetables #fruits #chicken #thursday"
12,"Ahaan 
Follow Us ğŸ‘‰ @thefoodgram24

For more update ğŸ‘‰ @thefoodgram24

Use Hashtag ğŸ‘‰ #thefoodgram24

Tag Us ğŸ‘‰ @thefoodgram24 to get Featured

Credit @foodie_modak ğŸ˜‹â¤ï¸
.
.
.
.
.
 #chicken #foodphotography #foodstagram #foodie #foodporn #foodblogger #food #chinesefood #instafood #indianfood #foodies #spicyfood #chickenrecipes #foodiesofinstagram #biryani #streetfood #noodles #spicy #butterchicken #foodlover #homemade #homemadefood #foodpics #yummy #chickencurry #chennaifoodie #chickenlovers #friedrice"
2,"Box filled with all shades of yumminess ğŸ˜ğŸ±ğŸ±
We are in the season of LOVE, surprise your loved ones with the yumminess they want. 

#dahunsi.fingerfoods #fingerfood #smallchops #shrimpinbatter #springrolls #samosa #puffpuff #mosa #chicken"
5,"Octopus fried rice ğŸ¤¤â£
.â£
.â£
.â£
.â£
.â£
#tasty #foodphotography #foodstagram #octopus #foodie #instafood #healthyfood #homecooking #foodblogger #foodgasm #seafood #dinner #foodies #chinese #yummy #chinesefood #thaifood #chicken #asianfood #rice #homemade #lunch #breakfast #eat #friedrice #yum #foodporn #food #delicious #foodlover"
0,"#chicken #Lasnage and #chowmein!!!!

Dispatched!!!!"
0,"SAJ BOX
(SAJ Bread, Fries, Soft Drinks, Sauce and Pickles) 
15 AED only
Order NOW!

#talabat #talabatuae #zomato #zomatouae #shawarmalovers #restaurant #beef #chicken #shawarmaCrab"
4,"Today is the day that YOU can help #ShareFacesNotProducts - will you be a part of this? ğŸŒ±ğŸ‘‡

Through out today - from 8am until 8pm GMT - we will be taking action to oppose the VIOLENT #WeEatBalanced campaign once again âœŠâœŠ

This time we will be posting images of nonhuman animals who managed to â€œescapeâ€ (with a bit of help ğŸ¥³) the animal 'agriculture' system - will YOU share some too? ğŸ®ğŸ·ğŸ¥ğŸ¦†

ğŸ‘‡ Here's how you can get involved ğŸ‘‡

ğŸŒ± Share our posts on social media!

ğŸŒ± Share your own photo of rescued animals, either your own or ones from a sanctuary, and tell us their story!

ğŸŒ± Make sure you include the #WeEatBalanced hashtag AND #ShareFacesNotProducts hashtag!

-ğŸŒ± Tag us! @animaljusticeproject on Facebook and Instagram, @ajpreact on Twitter

 ğŸŒ± Give to your local animal sanctuary or those that we be promoting today!

ğŸŒ± Give today to Animal Justice Project to help us to continue campaigning for a #vegan future!

ğŸš¨Let's do this! Let's fill up the #WeEatBalanced hashtag and show the faces behind the products
.
#animaliberationfront #liberateordie #minicornishactivist #cornwallcountyanimalrightsassociation #friendsnotfood #veganaf #sharefacesnotproducts #weeatbalanced #notyourbodynotyourchoice #chicken #sheep #notyourlamb #notyourleg #eatyourownfuckingleg #militantvegans #annoyingvegan #meatthevictimsuk #myfooddoesntscream #animalliberator #farmintruder #unapologeticvegan #farmplantsnotanimals #animalabusersarescum #endanimaluse #respectexistenceorexpectresistance #antispeciesism #consistentantioppression"
3,"WWW.BLAZINBONEZ.COM 
#bbq #spiceupyourlife #brisket #gotexan #chicken #catering #blazinbonezQ #beef #pork #bbqribs #bbqchicken #spice #howdoyoumammoth #pitbossgrills #cooking #mammothcoolers #porkbutt #porkribs #wingseasoning #veteranownedÂ  #foodstagram #beefribs #chickenwings #wings #seasoning #babybackribs #foodphotography #foodloverÂ  #bbqlovers #bbqlife"
3,"La rÃ©galade ! ğŸ”ğŸ—ğŸ¥’

By @hellofreshfrance @hellofresh 

#hellofresh #hellofreshfrance #burger #burgermaison #chicken #ravigote #cuisinemaison #potatoes #delicious #recipes #healthyfood"
0,"Guess what?! Itâ€™s HAUL ABOUT YOU event this week. Our Customer Appreciation event is full of surprises, so many items for only $1, along with so many other great deals! What more do you need to know? Check our flyer online for a full list of items and the new episode of the Haulerverse! Oh! You can also shop online! Enjoy!
We ask you to continue respecting the extra precautions weâ€™ve put in place to keep you and our staff safe. 
.
FLYER PRICES EFFECTIVE IN ONTARIO FROM Thursday, February 11/21 to Wednesday, February 17/21.
*Check our online flyer at nofrills.ca/flyer to see all our weekly specials and all our terms & conditions.
â €â €â €â €â €â €â €â €â €â €
.
.
#haulerverse #cheese #grapefruit #lemons #lime #zucchini #pork #chicken #beef #groundbeef #chocolate #roses #cheese #yogurt #juice #crackers #tacos #dressing #ketchup #mustard #soup #tomatopaste #pricedrop #hauler #specials #deals #lowestprices #nofrills #samandnancysnofrills"
5,"Roasted Kala Chana Kebab 

Thinking of what to have for dinner?
Try this amazingly healthy and tasty recipe 

 

.
.
.

for more such details visit our website or DM.

.
.
.

#drdeepikamalik #wellness #fitness #diet #dietician #blackrice #chickenrecipes #wealth #chicken #ricerecipes #vegan #healthy #stayfit #fit #dinner #dinnerboxideas #fibrerich #fitnessfood #fitnessgirl #quickrecipes #quickmeals #easymeals #foodblogfeed #foodbloggers  #fitforlife #diyremedies #holistichealth #naturalcure #healthbenefits #healthnut","I can't believe this. A great testimony that i must share to all HERPES patient in the world i never believed that their could be any complete cure for HERPES or any cure for HERPES, i saw people's testimony on sites of how @dr_jacob44 helped them with the cure of HERPES. i had to try it too and you can't believe that in just few weeks i started using it all my pains stopped so I had to go and meet my doctor to see if still have herpes but to my greatest surprise I was negative, thank you you so much @dr_jacob44 i really appreciate"
20,"Buffalo burgerâ€‰
â€‰
Throwback to this juicy fried chicken burger with lashings of creamy ranch and hot sauce. What joy and comfort you brought me, couldnâ€™t forget you if I fried..â€‰
â€‰
ğŸ“Other Side Fried @ Pop Brixton, Londonâ€‰
ğŸ’°Â£6.95â€‰
ğŸ“ˆ5/5",#chicken #friedchicken #chickenburger #chickensandwich #friedchickensandwich #burger #friedchickenburger #burgergram #instaburger #friedchickenlife #soulfood #comfortfood #crispychicken #crispy #ranch #ranchsauce #hotsauce #spicy #brixton #popbrixton #londonfood #londoneats #londonburgers #londonfoodie #throwback,How crunchy does that chicken look!! ğŸ”¥,Omg this is the dream ğŸ‘,You had me at buffalo burger! The portion of this and the crispness has me sold ğŸ˜,That chicken looks so crispy ğŸ˜
12,"Povoljno fotografiÅ¡em i retuÅ¡iram Å¾ivinu. Info u DM.
.
.
.
#photogrpahy #chicken #photoshop #lightroom #opium #cristal #beaty #retouching #posing #photoshoot #photoshooting"
18,"Bon appeÌtit âœ¨
Hachis Parmentier 

#potatoes #delicious #cuisinedumonde #instagood #instafood #recette #cuisinemaison #chicken #orient #paris #algerie #alger #Ø§Ù„Ø¬Ø²Ø§ÙŠÙ”Ø± #poulet  #Ø§Ù„Ù…ØºØ±Ø¨ #ØªÙˆÙ†Ø³ #Ø§Ø·Ø¨Ø§Ù‚ #Ø§Ù„Ù…Ø·Ø¨Ø®_Ø§Ù„Ø¬Ø²Ø§ÙŠÙ”Ø±ÙŠ #france #yummy #weekend #potatoes #hachisparmentier #winter #Ù…ØµØ± #ÙˆØµÙØ§Øª_Ù„Ø°ÙŠØ°Ø© #lunch #meat #pizza #reims #lille"
9,"which one did you like the most ?

@bun.in.a.million 
@thenewyorkercafe 
@theovenclassicstoc 
@bestchoicefoods_ 
@cafe.symphony
.
.
@jabalpurfoodies
@jabalpurzayka
@jabalpur_zayka
@jabalpuriyaa

#review #foodreview #foodie #2021 #burger #burgerking #cheese #chicken #chickenwings #burgerisbae #foodvlogger #foodwars #foodforlife #jabalpur_city"
10,"Dinner last night was home made breaded chicken (using 1 x slice wholemeal crustless bread 2 syns), 70g low fat mozzarella (1 x HXA), home made chips and pizza sauce (all syn free). I was so hungry last night (being in the cold all day) I could have eaten this twice! 

#dinner #chicken #slimmingworlddinner #slimmingworld #slimmingworlduk #slimmingworldfood #slimmingworldmeals #slimmingworldfamily #slimmingworldmember #slimmingworldsupport #slimmingworldrecipes #slimmingworldfriends #sw #swuk #swukfood #swukinsta #foodoptimising #fooddiary #weightlossjourney #weightloss #healthylifestyle #healthyfood #healthyeating"
2,"Emilyâ€™s Super Bowl Champion Buffalo Chicken Dip!

Ingredients:
â€¢ Two (2) cans of chunk white chicken breast.
â€¢ One (1) package (8 oz) of cream cheese.
â€¢ A fuckton of @cholulahotsauce.
â€¢ An equal fuckton of southwest chipotle ranch dressing.
â€¢ Scallions/green onions to garnish.

Directions:
â€¢ Heat stove on HIGH.
â€¢ Pour both cans of chicken into a pot.
â€¢ Pour Cholula hot sauce until chicken is literally swimming in it.
â€¢ Stir in softened cream cheese.
â€¢ Add southwest chipotle ranch to compensate for the amount of Cholula you just added.
â€¢ Stir regularly and leave on LOW until ready to eat!
â€¢ Sprinkle scallions/green onions on top as a finishing touch.
â€¢ Enjoy!

Comment and let me know if you try my recipe!!
.
.
.
#Accessibility text: A photo of a pot of buffalo chicken dip that Emily made for the Super Bowl this year. The dip is garnished with green onions.
.
.
.
@hercampusfoodie @spoonuniversity #BuffaloChickenDip #BuffaloDip #BuffaloChicken #Chicken #Dip #HerCampusFoodie #SpoonUniversity #SuperBowl #SuperBowl55 #SuperBowlLV #SB55 #SBLV #TampaBayBuccaneers #Buccaneers #Bucs #GoBucs #RaiseTheFlags #FireTheCannons #ChampaBay #Food #Foodie #FoodPorn #FoodOfInstagram #FoodOfInsta #FoodOfIG #FoodiesOfInstagram #FoodiesOfInsta #FoodiesOfIG #Foodstagram"
1,Chicken noodle soup on these cold winter days ğŸœ #streetfood #food #foodporn#catercartel #chicken #noodle #caterer #foodphotography
6,"Simple Meal Recipe
Creamy Chicken Pasta

#thursday #chicken #creamy #fusilli #pasta #pastalover #simple #yummy #delicious #easyrecipes #cooking #homecooking #diary #cookingdiary #cookingblog #cookstagram #instacook #foodlover #foodblog #foodporn #foodstagram #love #uk #london #londonlife #fromhongkong #enjoylifeâ¤ï¸"
0,"In conjunction with Chinese New Year you should try our new Crispy Chicken Burger. Get it from 11th Feb 2021 onward at your nearest Sugarbun outlet and get a taste of our burger.
.
Available for dine in, take away or delivery. To order, call us at 2440068 or 7182323. T & C apply.
.
#spicy #spicychickenwings #spicyfood #sugarbun #sugarbunbn #sugarbunbrunei #broasted #broastedchicken #broastedbysugarbun #chicken #bruneifoodies #iklanbrunei #brunei_daily #bwn #bruneifood #lovefoodhatewaste #makanbrunei #foodpost #foodiegram #foodiegram #burger #crispy #chickenburger #burgerayam #fries"
3,"Chicken, a great source of protein...ğŸ”ğŸ”ğŸ”

People who eat enough protein are more likely to maintain muscle mass and preserve a healthy metabolism. They are also a useful food to include in a balanced, healthy eating plan.

Call us or visit our website to order your whole live or frozen chicken at a great discount.

#chicken #protein #musclemass #healthylifestyle #healthyfood #livechicken #frozenchicken #lyffoods"
22,"CHEESE RAVA CUTLET ğŸ¤¤ğŸ¤¤ğŸ¤¤
. 
. 
. 
. 
Ingredients

â–¢1 1/2Â CupÂ Milk

â–¢1/2Â CupÂ chopped onion

â–¢1/2Â CupÂ grated cheese

â–¢1Â tablespoonÂ chopped coriander

â–¢1Â CupÂ rava/soojiÂ (Semolina)

â–¢1Â teaspoonÂ Italian Herbs (organo and chilli flakes)

â–¢1Â teaspoonÂ black pepper or to taste

â–¢Salt to taste

â–¢2 â€“ 3Â tablespoonÂ cooking oil

Instructions

Boil milk in a pan. Add cheese cubes, chopped onion, Italian seasoning and stir to combine.

Once the cheese is melted, slowly add the semolina. Continuously stir the mixture. Turn off the heat.

Now add the salt, pepper, and coriander. Continuously stir the mixture until it reaches a thick spreading consistency. Set aside.

Grease a square tray with butter.

Spread the semolina mixture on the tray. Keep the thickness of half inch. Gently press it with the spatula.

Set it aside for one hour or till it is set. You can also keep it in the fridge for 30 minutes.

Cut the cutlets into the desired shapes using a knife or a cookie cutter.

You can serve them as it is or pan fry for a crispy texture. You can store these cutlets in the fridge for a week. Reheat or pan fry whenever required.

To pan fry the rava cutlets, heat 2 tablespoon of oil in a pan.

Fry the cutlets till they turn crisp from both the sides.

Serve Cheese Rava Cutlets warm with your favoriteÂ chutneyÂ or ketchup.
. 
. 
. 
. 
. 
. 
. 
. 
. 
. 
. 
. 
. 
. 
. 
#cutlet #food #foodie #yummy #foodporn #homemade #foodstagram #instafood #foodphotography #cutlets #foodblogger #healthyfood #foodgasm #indianfood #tasty #snacks #delicious #foodlover #dinner #easyrecipes #lunch #bread #chicken #homecooking #breakfast #frenchfries #cooking #foodiesofinstagram #crispy #bhfyp"
6,"Don't forget about our Valentine's Day offer! For just Â£40, you could have: 

- One WHOLE chicken from our authentic rotisserie with chips or rice
- 2 skewers of sheesh tawooq
- 8 chicken wings
- 3 mixed starters
- 2 pieces of Nutella Sambosak (soft, warm dough with a decadent Nutella filling!)

Available until Sunday, the 14th of Feb (any day can be a celebration with this FEAST!) ğŸ˜‰

#chicken #rotisserie #rotisseriechicken #deal #starters #mains #threecourses #edinburgh #edinburghmealdeal #mealdeal #valentinesday #valentinesdaydeal #deals #foodie #edinburghfoodies #feast #arabicfoodfeast #syrianfood"
11,"ğŸ˜ŠğŸ˜ŠğŸƒğŸğŸ“ğŸŒ¶ğŸŒ´ğŸŒ¿
.
.
.
.
.
.
.
.
.
.
.
.
.
#tomato 
#domates
#tomatoes
#pepper
#pfeffer
#chicken
#hÃ¼hner 
#meat
#delish
#delicious
#wood
#woodfire
#jungle
#forest
#food
#cook
#cooking
#kochen
#essen
#gesund
#healthy
#healthtfood
#breakfast
#frÃ¼hstÃ¼ck 
#love
#liebe 
#picture
#photography 
#bild
#life"
8,"A nice smoke ğŸ’¨ then sear ğŸ”¥

Thanks to @chrishbutcher for the @pgiwelshbeef ribeye ğŸ¥©

@meatermade
@cangshancutlery.uk
@pitbossgrills

#steak #food #foodporn #meat #bbq #beef #foodie #instafood #grill #steakhouse #dinner #foodstagram #foodphotography #delicious #meatlover #ribeye #yummy #grilling #steakdinner #barbecue #foodlover #restaurant #chicken #steaklover #foodblogger #carne #burger #wagyu #lunch #sousvide",Canâ€™t beat a bit of â€˜Smokeâ€™ then â€˜Searâ€™ ğŸ˜‚
14,What would a celebration to greet a fortuitous year if not without the company of good comfort food to bring everyone together? An assortment of flavours and textures that comes with our limited edition Lunar New Year hampers might just do the trick! Get yours now while you still can. ğŸ“ğŸ§¡ğŸ‚,#foods #foodporn #foodblogger #foodphotography #foodstagram #foodgasm #foodie #foodiesofinstagram #chicken #friedchicken #jakarta #jakartafood #jakartafoodie #thebuffalo #buffalowings #wings #burger #chickenburger #chickensandwich #roastchicken #kulinerjakarta #jakartaculinary #culinary #nom #nomnom #instaworthy
11,"Geliyor, gelmekte olan ğŸ¤™
#chefstable #chefstalk #cheflife #chef #foodporn #foodie #seabass #chicken #somokedsalmon #goodfood #gastronomia #deliciousfood #delicious #gastronomy #vamosbodrum"
6,@hashbrowns_kw #kuwait #lebaneserestaurant #lebanesetaste #hometaste #chicken #chickenburger #miniburger #shawerma #shawermabeef #shrimp #shrimpsandwich #chickencaesarsalad #cheesejalapenÌƒo #wedges #wedgesfries
13,"Working with my rescued woods is difficult! The inconsistency in the shapes and edges, the cracks, the decay and spalting and so many more factors make every piece become an individual challenge to master. I like to take my time for each piece. Even a small side table will take about 5 weeks of thorough work to create a perfect result. Once finished the wood shines in all its glory and its new life begins ğŸ™Œ
.
.
.
#fwartworks #wood #woodlove #handmade #handmadewithlove #woodworking #artisan #craftman #woodworker #passion #love #woodandresin #salvagedwood #rescuedwood #timber #nature #respectnature #tree #trees #handmadeisbetter #madeingermany #dhd #art #functionalart #story #meditation #manufaktur #safisfaction #holz #chicken"
4,#chicken #chickentandoori #foodie #foodiesofinstagram #marcozouvekphotography #photosessions #photoshooting #yummy #gastronomia #indianfoodie #indianfood #indianfoodlovers #pakistanfood #asianfoodporn #asianfoodie #tandoori #tandoorichicken
9,"Raspberry & Avocado Salad With Sweet Dressing ğŸ˜‹ 

My fave salad is definitely an avo one. This dressing is the best as its nice and sweet but balanced with the pomegranate juice. 
You can add anything additional to the salad such as cucumbers, peppers, croutons etc. But this is a simple version.

Ingredients:

â€¢	2 Avocados (skin removed and chopped into small chunks 
â€¢	Around 100g raspberry's (or as many as you like)
â€¢	6 Baby gem lettuce leaves (washed and dried)
â€¢	5 cherry tomatoes (Washed and cut in half)

Dressing:

â€¢	Â½ cup olive oil
â€¢	1 Â½ tbs agave
â€¢	2 tbs Pomegranate 
â€¢	1 tbs fresh lemon juice
â€¢	1 tsp wholegrain mustard
â€¢	Sesame seeds
â€¢	Dash of salt and Pepper

Method

1.	Lay down your baby gems and pop over the rest of the ingredients 
2.	Drizzle with dressing & serve immediately 

Hope you enjoyed this quick salad recipe. ğŸ¥— 

Don't forget to like and share ! ğŸ’šğŸ™",#salad #food #healthyfood #foodie #foodporn #instafood #healthy #foodphotography #lunch #plantbased #yummy #dinner #foodstagram #delicious #vegan #healthylifestyle #homemade #foodblogger #foodlover #vegetarian #veganrecipes #chicken #healthyeating #fresh #tasty #salads #plantbasedmeals #cooking #vegetables #vegan
7,"Asian style Chicken Salad
Pieces of broasted chicken mixed with some greens (spring onion,lettuce&ğŸ¥’), yellow pepper, orange( ğŸ¥•) and purple onion(ğŸŒ°)
Dressing was simple garlic mayonnaise, olive oil and sesame oil.
Mix them all up and E-N-J-O-Y!!!

#chicken  #chickenrecipes  #chickensalad  #salad #friedchicken  #yummy #delicious #lunchideas #eatyourgreens  #asiansalad #healthy"
18,"My all-time CNY favourites! ğŸ˜‹ğŸ¦†ğŸ“ğŸ–ğŸ¦ğŸ„ 
â€¢
â€¢
#chinesenewyear #traditional #dinner #favourite #yummy #delicious #tasty #duck #chicken #pork #prawns #mushrooms #love #food #foodie #foodpic #foodgram #foodstagram #instafood #instagood #instapic #instagram #postoftheday #picoftheday #photooftheday #foodoftheday #foodphotography #igdaily #igers #bryonmak"
33,"CHICKEN KORMA 

Place of origin-Indian subcontinent
Associated-Â nationalÂ cuisineIndia,Â Bangladesh,Â Pakistan
Main ingredients-meat,Â yogurt,Â cream

Classically, a korma is defined as a dish where meat or vegetables are braised with yogurt, cream or stock added. The technique covers many different styles of korma. The flavour of a korma is based on a mixture of spices, including groundÂ corianderÂ andÂ cumin, combined with yogurt or cream
#korma #gravy #indian #cuisine #cream #brown #gravy #chicken #loveforfoodğŸ˜ #chickenisloveâ¤ï¸ #chickenislifeğŸ— #foodie #instafood #instagood #foodporn #indian #desi #foodporn #foodholic #punjabis #desikhana #spicy #food  #buddingchef #chefslifeğŸ”ª #chefsofinstagram #cheflearning #chefmode #chefkitchen #chefsofinstagram",Mere lye bi one plateğŸ˜ğŸ˜
2,Some ballsğŸ’£#bullar #keto #chicken #kanapulla #cooking #homemade
10,"Juicy chicken smothered in creamy, vibrant homemade coriander pesto - this dish is crazy good and extremely easy to pull together. Scoop up the goodness with dinner rolls, serve it with a side of veggies or add to pasta, it tastes great every way. Enjoy!
.
.
.
.
#TheWorldOnMyPlate #CookEatRepeat #food #foodie #recipe #videorecipe #UAEfoodies #foodblogger #comfortfood #easyrecipes #foodstagram #foodiesofinstagram #foodlover #foodphotography #homecooking #lunch #FoodBlog  #uaefoodbloggers #InstaFood #InstaEats #GoodEats #dinner #dinnerideas #dinnertime #chicken #pestosauce #pestochicken #pestopasta #pesto #corianderpesto"
3,"Weâ€™re taking orders for February 12th takeout! Place your order before 12pm February 12th for pickup/delivery, check our bio for the link.
.
.
#takeout #restaurant #pickerel #chicken #salad #pub #pubfood #food #thecrossingpub #sharbotlakeinn #sharbotlake #infrontenac"
2,"The lusciousness of our Gouda Burgers will leave you all sauced up. 
Place your orders at: 11 11 72823 (SAUCE)
Address:
ğŸ” North Nazimabad: Shop No.01, Plot B-64 , Block L, North Nazimabad, near Five Star.
ğŸ” SMCHS: Mona Arcade, Block A, Sindhi Muslim Cooperative Housing Society (SMCHS)

#JackPot #Beef #Chicken #TheSauceBurgerCafe #TSBC #SaucyBurgers #WondersOfTheSauce"
7,"Caption this
.
.
.
#thursday 
#weekendeve 
#latepost 
#chicken 
#quarterchicken 

Better than yesterday"
1,":ğŸ”¥JEBAT D'BURGER & WESTERNğŸ”¥
.
.
Open Hour (PKP)
(05.00pm - 10.00pm)
ISNIN - SABTU
.
.
ğŸ“ Kompleks Kediaman Kakitangan Awam Jalan Duta, Jalan Dutamas 3, 51200 Kuala Lumpur
.
.
ğŸšš Delivery area
-Jalan Duta
-Segambut
-Solaris
-Sri Hartamas
.
.
#Jebatburger #halal #Jebatwestern #burger #westernfood #chickenchop #lambchop #koreanchicken #Spicykoreanchicken #corndog #speghetti #carbonara #bolognese #chicken #lamb #delicious #yummy #sedapgila #Cheseepowdersedap #malaysianfood #Instafood #koreanfood #steak #foodphotography #jommakan #foodlover #foodhunter"
2,"×¢×Ÿ×£ ×¢×Ÿ×£ ×¢×Ÿ×£? & hop hop hop 
Chicken grilled with Thai soya molasse. Slow cooked with potatoes red onion!
#chicken #×¢×•×£ #×›×©×¨ #kosherfood #telaviv #tlv #soya #foodie"
2,"Chicken is a great option for people with diabetes. All cuts of chicken are high in protein and many are low in fat. When prepared in a healthy way, chicken can be a great ingredient in a healthy diabetic eating plan
.
visit the link ğŸ”— https://expertdietmealplan.com/meal_plan/diabetic-diet-meal-plan/ to create and download your diabetic diet meal plan

.
visit our website ğŸ”— (link on bio) to create and download a meal plan for each day of the week 100% Free of charge.
.
.
DM for credit/removal ğŸ‘ğŸ½
.
.
.
#diabeticdietmealplan#diabeticrecipes#diabetic#lowcaorierecipes
#diabeticfood#diabeticlife
#diabeticfriendly
#dieting#diabeticrecipe#homemadechicken#chicken
#diabeticcooking#healthy#healthyfood#healthchickensalad
#healhychickenlunch
#diabeticfood#healthyfoods
#healthychickenmeals
#healthylunch#healthybreakfast#healthydinner"
23,"Hello! Nice to meet you. Chicken stuffed with rice ğŸŒ¾ 
ãƒ¼
ãƒ¼
ãƒ¼

#kyotofood #Instafood #chicken #chickenrice #kyotofrench #kyotolunch #foodstagram #wanderlust #travelphotos #foodphotos #delishes #foodporn #manfood #delishious #japan_photo #eatthis  #eatkyoto #é…’å¥½ããªäººã¨ç¹‹ã‹ã‚™ã‚ŠãŸã„ #äº¬éƒ½ã‚°ãƒ«ãƒ¡  #ç”·é£¯ #äº¬éƒ½å‘‘ã¿ #ç¾é£Ÿ#äº¬éƒ½ãƒ©ãƒ³ãƒ #ãƒ•ãƒ¬ãƒ³ãƒ #ãƒã‚­ãƒ³ãƒ©ã‚¤ã‚¹ #äº¬éƒ½å¸‚å½¹æ‰€å‰"
3,#beer #edelweiss #bluemoon  #guiness #guinessoriginal  #klouddraft #sweetandsourpork #mayoshrimp #frierice #eggfriedrice #chinesefood #ãƒ“ãƒ¼ãƒ« #ã‚¨ãƒ‡ãƒ«ãƒã‚¤ã‚¹ #ãƒ–ãƒ«ãƒ¼ãƒ ãƒ³ #ã‚®ãƒã‚¹ #ã‚®ãƒã‚¹ã‚ªãƒªã‚¸ãƒŠãƒ« #ãƒ•ãƒ©ã‚¤ãƒ‰ãƒ©ã‚¤ã‚¹ #ã¶ãŸã«ã #ã¡ã‚ƒã¯ã‚“  #ãƒ‚ãƒ¼ãƒŠ #ãŠã„ã—ã„ #ãŸã¹ã™ããŸ  #é£²ã¿éã #ã‚¯ãƒ©ã‚¦ãƒ‰ #ãƒã‚­ãƒ³ #ãƒãƒ³ãƒã‚¬  #hamburger  #chicken #friedchicken
4,@hashbrowns_kw #kuwait #lebaneserestaurant #lebanesetaste #hometaste #chicken #chickenburger #miniburger #shawerma #shawermabeef #shrimp #shrimpsandwich #chickencaesarsalad #cheesejalapeÃ±o
2,"Would you eat this hot chicken taco made from bread with coleslaw and sauce?ğŸ¤¤â 
.â 
.â 
Join our community!â 
ğŸŸ¢ @world_richnessâ 
ğŸ”´ @world_wisenessâ 
ğŸ”µ @world_getawayâ 
ğŸŸ£ @world_cookeryâ 
.â 
For any enquires or features, DM us on the account below!â 
âš«ï¸ @world_enquiryâ 
.â 
.â 
ğŸ“ Comment!â 
ğŸ‘ğŸ½ Like!â 
ğŸ“Œ Tag someone!â 
ğŸ”” Turn post notifications on!â 
.â 
.â 
ğŸ“· Credits: @nonstopeatsâ 
.â 
.â 
#tacos #mexicanfood #food #tacotuesday #foodie #foodporn #taco #instafood #chicken #tacosarelife #foodstagram #burritos #delicious #comidamexicana #mexican #guacamole #yummy #nachos #foodphotography #tequila #dinner #burrito #margaritas #tacolover #delivery #foodlover #quesadillas #instagood #foodtruck #world_cookery"
3,#soundon #bbq #brazilian #picanha #chicken #aletas #luxurylifestyle #spain
7,"Meals and Memories are made hereğŸ´

Food~
~Chicken lollipopğŸ—
~NachosğŸ§€

Follow @dish_a_day_officials  for more updates âœ¨

#foodbloggers #nachos #chicken #chickenlollipop #chickenrecipes #foodie #foodiecouple #food #foodphotography #foodexplorer #foodporn #cheese #guwahati #foodstagram #foodlovers"
192,"Follow for moreğŸ‘ˆğŸ‘ˆ ğŸ‘‡ğŸ‘‡ğŸ‘‡ Are you hungry? followâ¬‡ï¸
@mukbanqeat
@mukbanqeat 
.
.
Cr.@sulgiiiii
.
.
#asmr #asmreating #asmrfood #onionringsÂ  #noodleasmr #koreannoodles #asmrmukbang #rice #hotdog #chicken #eating #mukbang #eatingsounds #eatingshow #mukbanglovers #mukbangshow #mukbangasmr #asmreatingsounds #mukbangvideo #asmrsounds #mukbangkorea #asmrcommunity #foodie #instafood #explorepage #instalike #fastfood #cheesy #friedfood #corndogs"
2,"valentine's specialğŸ’•ğŸ’•
 Dear Customers,
We Encourage Everyone to Place your Order in Advance! ğŸ¤³

#hunzafeast #valentines #chapshuroo #chapshuroo fusion #chicken #saltlife #chickenbread #islamabad #rawalpindi #valentine"
6,@hashbrowns_kw #kuwait #lebaneserestaurant #lebanesetaste #hometaste #chicken #chickenburger #miniburger #shawerma #shawermabeef #shrimp #shrimpsandwich #chickencaesarsalad
2,"ğŸ‘¨â€ğŸ³ Open Grill brings you a truly original taste of the middle east without compromise. 

ğŸ² We have signature dishes that we are proud to serve you. 

ğŸ“¸ Snap a pic and tag friends while you dine at the open grill to let them know about your newfound favorite place.

.
.
.
.
.
.
.
.
#opengrill #opengrilloachira #burger #foodporn #food #chicken #foodlover #instafood #restaurant #bestfood #lovefood #eattheworld #eeeeeats #opening #openingday #grandopening #restaurant #cloudkitchen #restaurantopening #openingtoday #shawarma #nonveg #bestfoodfeed #shawarma #shawarmalovers #nonveglover #foodiee #foodhunters #chickenmandi #oachira"
5,How about a delicious warm soup to help you warm up on the chilly winter days. Swing by pick it up on your lunch break! #Kambis ğŸ½,#Kambis #Persian #Lebanese #Brighton #Hove #LebaneseFood #PersianFood #BrightonFoodie #Foodie #Vegan #VeganBrighton #FoodGoals #FoodLover #FoodLove #Tea # #HoveActually  #FoodPorn #Restaurant #BrightonRestaurant #Food #PhotoOfTheDay #FoodPhotography #Chicken #Rice #Brighton_ig #PersianFoodie #ğŸ½ #Lebanon #Brightonandhove
5,"Chicken Leek and Fennel with rice caramelised with date honey ğŸ¯

#healthy#regimeuse #chicken#leek#fennel#rice#protein#onetoone#recipe#diet#diner#yumee#good#green#natural#regimeusemotivee#cuisineS#cooking #cooker#healthylife"
5,"Chicken â£

#chicken #chickenfry #chickenrecipes #chickenwings #chickenrecipes #chickencurry #chickenbiryani #chickentikka #chickengirls"
9,"Our chicks are a week old! This is an indigenous breed known as â€˜Kaveriâ€™ which is excellent for free range backyard poultries! Would you prefer antibiotic free hens? Comment below.

For more information-
Visit our google Location -
https://goo.gl/maps/xmyR9SyapKub6QMS9

Or whatsapp us on - 91589 89257

#radhafarms #farm #farmers #farmer #chicken #farmhouse #hens #fruits #vegetables #fruits #animals #village #villagelife #poultry #sustainable #intercropping #cabbage #soil #soilgrown #leaves #organicfarming #organicproducts #organicgardeningmethods #organic #nature #organicgardening"
7,"Chicken DumplingsğŸ¥¢ğŸ¥¢

#instagood #food #dumplings #yummy #instapic #yum #delicious #fresh #foodie #homemade #buzzfeedfood #buzzfeast #igfood #foodstagram #foodbloggers #foodblog #foodgasm #foodphotography #foodpics #foodporn #instaphoto #foodcoma #foodgram #hungry #chicken
#foodstagram #instafood #foodoftheday #foodography #foodism 
#asian #yummy"
1,"Yellow chkn material rida with beautiful Applic.
#beautifulridas #applic #chicken material."
1,#clarendon #huawei #huaweip30 #leica #leicacamera #huaweiphotography #pengcai #cny #cny2021 #scallop #abalone #seacucumber #fishmaw #prawn #mushrooms #chicken #taukwa
47,"Ramen after so long ğŸ˜‹
This was the first time I didn't have ramen for a month ğŸ˜¯
Ani khana ko excitement ma i forgot seaweed ğŸ˜‚ Like seriously ğŸ˜³ 
Thank you @sazufooddiary for the kimchi.
.
.
______________________________
Follow @tummy__delights for more 
delicious food updates.
.
.
#food #foodie #foodgasm #foodporn #foodphotography #foodstagram #foodlove #foodmood #nepal #nepalifoodblogger #foodiesofinstagram #eatingforinsta  #nepalifood #noodles #current #spicyfood #instamood #instafood #foodphotography #nepali #momo #chicken #ramen #2xspicy #coronatime #spicyramen #tummy__delights_ramen",ğŸ”¥ğŸ”¥ğŸ”¥ this looks yummy ğŸ˜‹ ğŸ¤¤
26,"Roosterï¼é›„é¶
#art #illustration #design 
#ã¸ãŸã†ã¾ãŠçµµã‹ã #ã«ã‚ã¨ã‚Š #chicken"
8,"Mmm delicious. Tag a friend who you would like to eat this delicious chicken wrap with. ğŸ¤©ğŸ¤©ğŸ—ğŸ—ğŸ½ï¸ğŸ”ª

Also don't forget to follow 
:@foodmasterch

#foodporn #foodphotography #foodie #foodgasm #foodlover #foodshare #foodheaven #food #foodstagram #foodpics #foodlover #foodblogger #foodstylist #foodprep #delicious #deliciousfood #mouthwatering #lunch #taste #tastemade #foodie #foodart #foodlove #chicken #chickenwrap #delicious #lunch #dinner #dinnertime #lunchtime #wrap #wrapping"
7,"Roasted chicken is just a name. Tandoori chicken is an emotion.ğŸ¤¤ğŸ—
.
.
.
In frame : Chicken tandoori (self made)
.
.
.
Follow @the_foodieking for more
Follow @the_foodieking for more
Follow @the_foodieking for more
.
.
.
#tandoorichicken #chicken #tandoori #food #foodgasm #foodporn #foodie #foodlover #foodblogger #foodphotography #desifood #dessert #indianfood #indiandesifood #india #kolkatabuzz #kolkatafood #kolkatablogger #kolkatafoodbloggers #kolkata #tasty #yummy #delicious #kolkatafoodies #the_foodieking"
2,"One of my favourite types of meals to make in the thermomix are an all in one dish!

I was lucky enough to be able to show a new @thermomixaus customer this All-in-one chicken dinner this week.

While your making gravy in the bowl.
*Sweet potato is steaming in the simmering basket ready to mash.
*Broccoli,cauliflower & carrots are steaming in the varoma
*Sauce covered chicken is steaming in the varoma tray!

Healthy,delicious & everythings cooking at once!

Any recipes using your varoma increase the capacity of your thermomix so much.

Would love to show you how to make the most of a thermomix & introduce you to what itâ€™s capabilities are!

Look at this delicious recipe I found on CookidooÂ®: All-in-one chicken dinner https://cookidoo.com.au/recipes/recipe/en-AU/r538065

#thermomixconsultant #thermomix #thermomixaus #thermomixaustralia #cookidoo #thermomixrecipes #cookingfromscratch #dinner #healthydinner #healthydinnerideas #deliciousdinner #gravy #vegetables #chicken #sauce #steaming #steamedfood #familydinner"
1,#brazilian #pincanha #bbq #meat #chicken #aletas #luxurylifestyle #nofilter #spain
2,I give boring people something to discuss over corn.,".
.
.
.
.
.

#corn #food #foodie #foodporn #agriculture #foodphotography #farm #yummy #instafood #delicious #foodstagram #farming #foodblogger #nature #harvest #homemade #healthyfood #sweetcorn #dinner #love #farmlife #tasty #shrimp #photography #cheese #chicken #johndeere #instagood #agro"
3,"Dum ka Chicken (shadiwala)

DM now to order !!

#chicken #chickenwings #dumkachicken  #foodie #instagram #mommade #kitchen #homechef #fingerlickinggood"
7,"â€The Wonderful weekend canâ€™t happen without Swiss Mushroom ğŸ‘ŒğŸ¼
. 
.
.
Make it easier by ordering from our website ğŸ’› ( Link in Bio )

Khalda - Next to Alia restaurant ğŸ“
0792067878 â˜ï¸

#vibes #burgers #fries #shrimps #Chicken #Beef #cheese"
19,"Biryani>>peopleğŸ˜Œ
In frame : CHICKEN JUICY MANDIğŸ¤¤
.
.
.
.
.
#vizagdiaries #vizag #chicken #mandi #biryani"
22,"WurstbrÃ¶tchen
Der leckere Snack fÃ¼r Zwischendurch
WÃ¼nsche Euch noch einen schÃ¶nen Tag und beste Gesundheit 
#wurstbrÃ¶tchen #bbqfamily #grill #bbq #food #foodporn #meat #barbecue #grilling #instafood #steak #beef #foodie #grilled #Restaurant #barbeque #delicious #grillen #carne #meatlover #dinner #bar #yummy #foodlover #bbqlife #chicken #foodstagram #foodphotography #parrilla #pork"
3,"Percy, Cecil & Berry didnâ€™t really know what to think of the snow. Theyâ€™ve stayed indoors all dayğŸ¤£ğŸ¤£ 
-
-
-
-
-
-
-
-
-
-

 #turkey #turkeys #snood #turkeysofinstagram #turkeysofig #turkeylovers #turkeylove #loveturkey #poultry #poultryofinstagram #backyardpoultry #poultrylife #backyardturkeys #backyardgarden #farmlife #farmanimalsofinstagram #chicken #chickensofinstagram #chickensofig #chickensofinsta #lovechickens #chickenlove #countryliving #countrylife #ducks #ducksofinstagram #ducksofig #ducksofinsta #loveducks #likeforlikes"
1,"Itâ€™s really delicious if you mix rice with Dak Galbi sauceâ™¥ï¸

#balichicken#chicken#bali#balikuta#kuta#foodstagram #koreanfood #koreanstyle #korea#koreachicken#koreanchicken#kutachicken#deliciouschicken#deliciousfood#balilifestyle #bulgogi #spicyfood #beer#soju#spicychicken#friedchicken#AyamKorea#á„’á…¡á†«á„€á…®á†¨á„á…µá„á…µá†«#á„‡á…¡á†¯á„…á…µá„á…µá„á…µá†«#á„‡á…¡á†¯á„…á…µá„†á…¡á†ºá„Œá…µá†¸#ê¾¸ë”°ë§›ì§‘"
3,"The only one that looks good is the pig. ğŸ™ƒ
-
#marzipan #marzipain #chicken #cute #animals #marzipann_art #marzipanfigures #marzipananimals #marzipancute #marzipanchicken #cutechicken #simple #marzipanox #chinesenewyear #marzipandog #marzipangoat #marzipanpig #marzipanhorse #marzipanrat #marzipanmouse #marzipancow #ox #mouse #horse #goat #pig #rat #cow"
4,"Total  for below - LKR 2800

Shrimp Fried rice - LKR 1200
Chicken with cashew nuts - LKR1000
Steamed mixed vegetable - LKR600
With chili paste 

Delivered by @pickmefoodlk 

â€”â€”â€”â€”â€”â€”â€”â€”â€”â€”â€”â€”â€”-

Food - 4/10ğŸŒŸ
Presentation - 3/10ğŸŒŸ 
Spice level - 0/10 (except for chili paste)

Halal certified 

â€”â€”â€”â€”â€”â€”â€”â€”â€”â€”â€”â€”â€”â€”â€”â€”
ğŸ™‹â€â™€ï¸ MY POV 

The Steamtown shrimp rice plenty of small prawns were there but I felt nice to be a bit undercooked

Boneless fried Chicken and cashew nuts was good. It was not spicy And it had its own vegetables. 

Steamed vegetables had a variety of vegetables which was unique, crunchy 

Loved the fact that they used lots of black mushroom and seaweed 

.
.
.
.

FUN FACT ğŸ‘‰ ğŸ‘©â€ğŸ’» 

Wheat is the staple crop of Northern China, and you will find an abundance of wheat-flour products in the form of noodles, dumplings, steamed buns, stuffed buns, and pancakes. Rice is also eaten in the north, but is definitely secondary to wheat

.
.
.
.

#chinesefood#prawnfriedrice#chicken#cashew#vegetables 
#reviewgalore2020

#musttryreviewgalore2020"
1,"Chicken soup to soothe the soul. Always good no matter the weatherğŸ¥£ Now available online at www.izigourmet.co.za
.
.
#chickensoup #izisoup #izigourmetmenu #capetownfoodie #capetownhalaal #goodsoup #instasoup #joburgfoodie #halaal #goodfood #soupforyou #capetowneats #joburgeats #chicken #instagram"
31,"What better way would  you tell your loved ones happy Valentine?ğŸ¤—ğŸ¤—

Mini posh platter can do it for you

One beef burger
4 quarters of pancake 
2 quarter shawarma 
1 yougurmuch parfait 

**6200*** only
You can order before the day also..
Swipe â¡ï¸â¡ï¸
___________________________________________
Delivery|Dine-in |Takeout.  To order pls call
09073442999/09036337773
___________________________________________
#cafelaroca #restaurant #shawarma #abujafood #abujadelivery #spaghetti #smallchops #platter #pancake #asun #chicken #burgers #plantain #apo #wuse #lokogoma #eggsauce #sauce #photooftheday #yoghurmunch #delivery #noodles #abuja #rice #jollofrice"
4,"We will have our valentine menu available,  along with some special additions.ğŸ’•ğŸ’•ğŸ’•ğŸ’•
.
.
.
#food #beef #yummy #instafood #coffee #brunch #delicious #foodphotography #foodstagram  #colombo #cafe #food #foodblogger #foodlover #love #cafe #glutenfree #chicken #healthyfood #follow #bhfyp #valentines #valentinegift"
16,"#chickencurry with #saag
.
.
.
.
.
.
.
.
.
#homecooking #mycooking #potatoes #peppers #bengalifood #bengalicooking #colourful #vibrant #bengali #chicken  #spices #spicy #homecooked #cookingathome #ideas #aisancooking #asianfood #indianfood #sundaycooking #instagood  #instafoodie"
6,"Swap our Cafe for your home = Nothing has changed! Enjoy our freshly squeezed orange juice just like @ellie_mvr ğŸ¥¤ 

Delivered to your door ğŸšª Open till 3PM

#orangejuice #florentine #gl #creations #bacon #brunch #thursday #breakfast #sausage #love #beans #garage #lounge #morning #tomato #pesto #cheese #avacado #bagel #risotto #pancakes #chicken #mushroom #breakfast #dinner #vintage #chilli #beef #nachos #orange #juice"
10,"Chicken 65 & Ballar kadhi
. 
. 
. 
. 
. 
. 
#foodaddict#foodstyling#foodieinternationalchat#foodblogger#foodpicture#foodphotography#foodheaven#foodphotography#foodgasm#foodiesofinstagram#chicken#chicken65"
2,"Haven't had this one for a while but with Lunar New Year fast approaching, I thought Sichuan chicken was an appropriate dish to make #sichuanchicken #chickendish #chickenrecipe #chicken #rice #ricedush #pakchoi #sichuanesefood #ilsichuanesecooking #sichuanesecuisine #deliciousfood #comfortfood #amazingfood #foodie #foodporn #foodphotography #foodgasm #allergyfriendly #homemade #homemadefood #homecooking #healthyfood"
0,"She was so small! Gotta love her #chicken
 #chickenwings"
38,"We don't limit your taste buds with few flavours ; introducing KITKAT KUNAFA .. 
.
.
.
.
.
.
#kunafainthrissur#thrissurfoodie
#kunafathrissur#authentic#turkishsweets#frenchfries#thrissurfoodvibes#eatatthrissur#loveforfood#yumyum#crispy#juicy#creamyfries#loadedfries#thrissurfoodies#chicken#sauces#parsely#lamaisondukunafa#thrissurinsta#thrissurgram#keralafoodie#quickbites#madlyyummy#foodie#bestkunafaintown#kunafathrissur"
216,"Whatâ€™s your fav fruit? Mineâ€™s ğŸŠ While cleaning out fridge, I found some breast chicken leftover and made them into this comforting sticky, tangy, sweet and spicy sesame orange chicken. ğŸ¥¡ğŸ¥¢

.
.
.
.
. 
.
.
.
.
.
.

#picoftheday #food #foodies #foodphotography #foodpics #foodporn #foodgasm #comfortfood #comfortfood #foodgram #chinesefood #foodlover #noodles #instafood #instagood #photooftheday #orange #pictureoftheday #chicken #yum #foodiesinternationalchat #instadaily #foodiesunitedph #tasty #delicious #orangechicken #yummy #eat #cravings #hungrygossipgirls #asianfood",Put that fruit in my mouth,Yummy orange chicken â¤ï¸ğŸ˜,"I had orange chicken yesterday and mine did not look nothing like this. Lol, THIS is too beautiful! This looks incredible Andrea! ğŸ˜",Andrea this is amazing and delicious ğŸ˜â¤ï¸,"Looks absolutely delicious, and great shots! ğŸ”¥",ğŸ¡ğŸ½ğŸŠğŸ¥ğŸğŸ…Looks Delicious!!!Happy Eating!!!ğŸ¥¨ğŸ¥ğŸ“ğŸ´ğŸ‘ğŸ³ğŸ‘©â€ğŸ³,Looks Amazing please ğŸ’˜ğŸ’˜ğŸ’˜ğŸ˜­ğŸ˜­ğŸ˜­,Wow girl incredible food and pic. ğŸ”¥ğŸ™ŒğŸ™Œ,Orange chicken is my favourite at the moment. Love this set up ğŸ‘ğŸ»ğŸ˜,Yummy love orange chicken. Enjoy your meal looks delicious ğŸ¤¤,This looks great! Wish my fridge clean out look this good ğŸ˜,Andrea this is really beautifulğŸ”¥love this decorations love this shotâ¤ï¸and those juice tangy chicken ğŸ— ufffğŸ”¥,same here dear my favs fruit is ğŸŠand ğŸ¥.. ur chicken looks temptingğŸ¤¤ğŸ¤¤,Wow... This looks absolutely delicious ğŸ˜ğŸ˜‹,Wow! This looks absolutely delicious. So yummy ğŸ˜‹,That dish is everything ğŸ˜ğŸ˜®,Amazing account.  Can you check  my account and support it â¤ï¸ğŸ˜€,Wow! Looks so good,"mukhang masarap to sis ahh ğŸ˜
Never tried orange chicken pağŸŠ. 

Love the presentation â¤ï¸"
4,"HÃ¤hnchencurry mit Blumenkohlreis 

#hÃ¤hnchencurry #Curry #cauliflower #chicken #yummyfood #lowcarb #leckeressen #tastyfood #tastyfood"
7,"Tawa chicken basically refers to chicken cooked on a big flat metal pan aka a 'Tawa' with fresh tomatoes, onions, green chillies and a heap load of spices and then served with roti or naan and mint chutney. It's really good for people who loved spicy flavors.
.
.
.
.
.
.
@bushramishablog
#tawachicken #tawachickenfry #chicken #chickensofinstagram #spicy #tawafrychicken #foodiesofinstagram #foodstagram #foodgram #food #instafood #pakistanifood  #tastyfood #protein #chickens 
#pakistanbloggers #faisalabad #faisalabadbloggers #bushramishablog",This looks delicious ğŸ˜‹ ğŸ™Œ
3,"Marinated and Hickory/Mesquite Smoked Chicken.
Swagschef.com
@swagschef #swagschef #swagathome #flavor #chef #delicious #bbq #smoked #chicken #love #outdoorsman #outdoors #natural #ohyeah"
0,"CHINESE NEW YEAR SPECIAL ALERT ğŸ“¢ğŸ“¢
.
ğŸ‘‰ Chicken Combo @ AED 27 Only 
With Honey Lemon Chicken ,Chicken Manchurian, Lollipop, Spring roll & Veg noodles or Rice
.
Valid Feb 12th & 13th (Dine in Only)
.
.
.
#chinesefood #chicken #seafood #chinesenewyear2021 #combo 
#wangskitchen #philippines #lulubarsha #luluhypermarket #dubaifoodies  #mydubai #foodblogger #instadaily #instafood"
1,"When was the last time $1.79 looked this good? Hereâ€™s the breakdown on how you can feed 15 people for less than $30 ğŸ˜ğŸ˜ #cheapeatswithneeks 
â€¢
â€¢
â€¢
â€¢
â€¢
â€¢
â€¢
â€¢
#lasagna #easyrecipes #recipeoftheday #torontofoodblog #torontofoodblogger #toronto #yyzeats #blogto #tastetoronto #tastethesix #tastethe6ix #italianfood #bacon #cheese #spinach #chicken #beef #veggies #torontofood #torontofoodie #torontochef #torontolife #quarantinecooking #covid_19 #homemade #homecook #recipes #yelpgtaeats #craveto"
2,"Brooches!

 
#barkarts #etsy #etsyshop #etsyuk #etsyukseller #artist #uk #ukartist #londonartist #glasgowartist #sculptor #artshop #britishartist #smallbusiness #artstudio #design #designer #painter #homedecor #wearableart #mirror #artistsoninstagram #brooch #brooches #pins #pin #animal #bird #chicken"
146,"ğŸ”ğŸ£ğŸ£ğŸ£ğŸ£ğŸ¤ğŸ¤ğŸ¤ 

#broody #broodyhen #broodychicken #babychicks #chicks #chicksofinstagram #bantam #pullet #hen #hens #hensofinstagram #chicken #chickens #chickensofinstagram #chickensofig #backyardflock #backyardhens #backyardpoultry #backyardchickens #happyhens #happychickens #photooftheday #photography #freerangechickens #farm #farmlife #chickenfarm #chickenlife #nature"
0,Enjoy your long weekend with our freshly marinated Chicken Tandoori! Inbox for more details and your orders. #CarltonMarket#HappinessIsHomemade #chicken #tandoori #longweekend ğŸ’œ
4,"Try our Mushroom Sumac Omlette, a Middle eastern style fluffy omlette with Sumac spice and sliced mushroom. Topped with corn kernels, onion leaves and herbs. 

Download the Yo Shawarma app and order online to get exclusive app only offers. (Link in Bio)
Also available on Zomato and Swiggy.

Yo Facts - Sumac is any one of about 35 species of flowering plants in the genus Rhus and related genera, in the family Anacardiaceae. It grows in subtropical and temperate regions throughout the world, especially in East Asia, Africa, and North America. 

#breakfast #foodporn #eggs #food #healthyfood #yummy #foodie #dinner #dubai #cafe #family #marina #sarouja #uae #pastry #meat #chicken #hamburguesas #falafel #lebanon #hummus #pizza #nigeria #bahrain #comidaarabe #lebanesefood #yoshawarma"
3,"MEET OUR VALENTINE LOVE BOXğŸ¥°ğŸ¥°ğŸ¥° in the #silhouttechallenge ğŸ˜ @nativesandgrillabuja
PRICE: 10K
SO FULL, YET AFFORDABLE ğŸ’¸ 

SHOW YOUR LOVED ONES SOME LOVE THIS SEASON WITH THIS YUMMY TREATğŸ±

GIFT OF CHOICE CAN BE INCLUDED. 
Check out our page @nativesandgrillabuja to view items like mini handbags, big handbags, socks, briefs, customized name keychains and other items that can be added, you can also send in gifts of your choice.

CONTENT - 
Jollof rice 
Fried rice 
Pasta
Turkey 
Chicken 
Beef kebab 
Glazed doughnuts 
Chocolates 
Pringles 
Fruits 
Drinks
Card

ORDER ENDS 12TH OF FEBRUARYğŸ™

#NativesAndGrillAbuja #abujabusiness #abujababes #abujavalentinegift #valentine #love #abujavalentinegiftbox #abujamoneybox #abujarestaurant #foodie #abujasurprisecompany #abuja #foodporn #chicken #grilledchicken #chickenwings #turkey #beefkebab #fooddelivery #foodtray #abujafoodtray #abujafoodvendor #abujasurprises #abujababes #abujawomen #abujamoms #abujabusiness"
16,"Sometimes simple lunch like hot steaming rice and some spicy curry is all you need for this cold weatherğŸ¤¤ğŸ¤¤ğŸ¤¤
On the plate, 
âœ… Hot RiceğŸš
âœ… Spicy Chicken CurryğŸŒ¶ğŸ—
.
.
.
.
.
#chickencurry #chicken #foodporn #food #indianfood #foodie #curry #foodphotography #instafood #foodblogger #foodstagram #chickenrecipes #homemade #foodlover #yummy #lunch #asian #foodiesofinstagram #homemadefood #homecooking #foodgasm #foodies #delicious #rice #chickenwings #currychicken #chickens #chickenlove #chickensofinstagram #bhfyp"
