80,"â£#carbonara 
.â£
.â£
.â£
.â£
.â£
#restaurant #photooftheday #instafood #healthyfood #italianfood #foodstagram #foodphotography #cooking #tasty #pastapasta #homemade #foodporn #foodlover #food #love #chefsofinstagram #foodies #pastalover #yummy #delicious #cheflife #eat #instagood #lunch #dinner #foodblogger #pastalovers #foodie #foodgasm",Che fame!ğŸ˜ğŸ˜
0,"WINE HIGHLIGHT OF THE WEEK #3: Piero Benevelli 'La Costa' Dolcetto d'Alba 2018â 
La Costa is made in Monforte dâ€™Alba, where the conditions yield intently perfumed reds. This wine is an easy drinking red with soft fruit flavors. Its often enjoyed on a casual weekday night or before dinner. â 
Cheers! â 
.â 
.â 
.â 
.â 
.â 
.â 
#cheers #winetime #wine #winelovers #redwine #italy #dinner #appetizers #lacosta"
1,"ğŸ‡ğŸğŸ«ğŸ¥
#fruit #obst #fresh #food #lecker #instagood #gesund #healthyfood #frÃ¼hstÃ¼ck #healthy #fruits #photooftheday #breakfast #yummy #vegan #delicious #instafood #tasty #gesundessen #love #summer #eat #dinner #foodie #style #foodblogger #fashion #germany #healthylifestyle"
2,"Cacio e pepe, bavettine allâ€™uovo 

#cacioepepe #roma #pasta #rome #food #italy #carbonara #italianfood #trastevere #instafood #cucinaitaliana #picoftheday #italia #foodie #foodlover #restaurant #foodblogger #delicious #amatriciana #love #igersitalia #lunch #instagood #travel #foodpic #dinner #tasty #yummy #pecorino #yum
---"
3,"Cacio e pepe, bavettine allâ€™uovo 

#cacioepepe #roma #pasta #rome #food #italy #carbonara #italianfood #trastevere #instafood #cucinaitaliana #picoftheday #italia #foodie #foodlover #restaurant #foodblogger #delicious #amatriciana #love #igersitalia #lunch #instagood #travel #foodpic #dinner #tasty #yummy #pecorino #yum
---"
5,"Salmon ğŸ£
.
.
#food #foodporn #foodie #instafood #foodphotography #foodstagram #yummy #instagood #love #follow #foodblogger #foodlover #like #delicious #homemade #healthyfood #photooftheday #picoftheday #dinner #foodgasm #foodies #tasty #cooking #instadaily #lunch #bhfyp #restaurant #instagram #healthy #bhfyp"
5,"Yummy Sandwich ğŸ¤¤

#food #foodporn #yum #yummy #instafood #instagood #TagsForLikes #amazing #photooftheday #sweet #dinner #lunch #breakfast #fresh #tasty #delish #delicious #eating #eat #hungry #foodpic #foodpics #foodgasm #hot #vegan  #veganfood #foodphotography #photographer #potd"
1,"Sunny Hawaiian-Style Turkey Burgers

I think Iâ€™m rebelling against the horrid cold that has finally settled in because Iâ€™m constantly craving summer foods. Maybe pretending that itâ€™s summer will make me believe I can actually feel my hands and feet after I have been outside with the dogs. Whatever the reason for my summer food cravings, Iâ€™m really enjoying reaping the benefits of cooking things that make me feel sunny inside. 

Tonight I put on all of my winter gear and went outside to grill these spirit-boosting Hawaiian burgers in 10 degree weather. Thatâ€™s how intent I was on enjoying an imaginary summer dinner. I may have been shaking from the frigid cold from head to toe while I was outside, but when I came back in and we ate these beautiful, tropical-flavored burgers, I suddenly felt the sunshine on my shoulders. 

To get the recipe, visit the link in my bio! 

#burger #burgers #burgertime #turkey #turkeyburger #dinner #dinnerideas #dinnertime #easyrecipes #recipes #yummy #foodie #foodbloggers #hearthealth #hearthealthy #healthyeating #healthyfood"
12,"Roadhouse Pistoia 

#roadhouse #friends #picoftheday #foodporn #instafood #dinner #photooftheday #pictureoftheday #mangiaresano #instagood #happy #work #colours #chips #tentarnoncuoce #vanille #domanidieta #food #ricetteperpassione #burger #ciccioni #_food_repost #funghi #love #picoflove #top_food_ofinstagram #pistoia #goodvibes #thefeedfeed #steak"
1,"Brain & Gut food! ğŸ§ ğŸŸ

Omega 3â€™s, Probiotics and Fibre...

#nutrition #diet #fuellingperformance #fat #protein #energy #gut #guthealth #microbiome #breakfast #lunch #dinner #diet #routine #lifestyle #choices #simplicity #simple #consistency #longevity #littlethings #coffee #training #application #strength #power #recovery #sleep #stress #adaptation"
0,"Making up a batch of Pea and bacon soupğŸ˜‹

#nutracheck #caloriecounting #weightloss #weightlossjourney #caloriedeficit #calories #healthyeating #nutracheckapp #nutracheckuk #fooddiary #healthylifestyle #caloriecountinguk  #countingcalories #losingweight #caloriecounter #slimming  #diet #caloriesincaloriesout #caloriecontrolled  #calorietracking 
#caloriecontrol  #caloriedefecit #fitness  #weightlosssupport #caloriedeficitdiet #myweightlossjourney #healthyliving #caloriecountingdiet #dinner  #nutracheckcaloriecounting"
4,Chicken satay# chilli peanut sauce# cracked peanut##food #foodporn #yum #instafood #yummy #amazing #instagood #photooftheday #sweet #dinner #lunch #breakfast #fresh #tasty #food #delish #delicious #eating #foodpic #foodpics #eat #hungry #foodgasm #hot #foodstragram
1,Stew Spicy Sour Prawn...#cny  #cny2021 #cnyfood #photography #photoshoot #photographerlife #photographer #lunch #cooking #homecooking #yummy #yum #yummyfood #mystylecooking #chef #cafe #dinner #simoncksfood #simoncks #simoncksphoto #vivo #vivov20 #vivocamera #chinesefood #ownrecipecks #prawns
4,"Chocolate Truffle Cake ğŸ°ğŸ«ğŸ‚
............Dm me to order! ğŸ‘‡ğŸ»............
.
.
.
#foodlover #food #foodporn #foodie #foodphotography #foodstagram #instafood #foodblogger #yummy #delicious #foodgasm #foodies #homemade #instagood #healthyfood #foodpics #tasty #dinner #foodiesofinstagram #cooking #love #foodpic #eat #foodblog #chef #foods #cakelover #chocolate #ordernow"
4,"When you take a bite in to this.. you nod!! 

Brunches taken to a whole new level of creativity and flavor!! Have you tried amazing brunches at the New Spot Eatery yet? 
We love cooking and you get to enjoy our love for cooking!! Dine in or curbside it!! 

Our dining room is now open, great patio and we are continuing to do takeout and curbside as well!! Text this number 832-808-8119 for menu or ordering and fast and easy or orders related help or call 346-773-4126 to place an order. 
We may have multiple deals going on at the same time, choose whatâ€™s best deal for you, as we can not combine offers together. 
12102 westheimer rd
Call 346-773-4126 if you like rsvp
#bestburgers #amazingbrunch #craftbeer #snowcrab #htx #newspot #breakfast #dinner #wines #livemusic #urbanart #foodgasm #houstonfoodie #foodie #grassfed #beef #salmon #tuna #avocado #latte #frenchtoast #vegan #keto #westhouston #energycorridor #halal #crawfish #shrimp #seafood"
4,"Danas bi mogla na meniju biti tortilja,sto kazete? 

#food #croatiaÂ  #foodie #instafood #instagood #travel #love #zagreb #yummy #photooftheday #summer #delicious #restaurant #dinner #instadaily #foodphotography #foodstagram #tasty #croatiafulloflife #picoftheday #lunch #foodgasm #amazing #photography #wine #eat #foodlover #happy #burger #wok"
6,"How will you be celebrating the weekend with your loved ones? 
.
.
The perfect date combo-
ğŸ“·: @mattrayphotography 
Styling & Charcuterie: @collectivelaw 
Yacht: @airliepointeyachts 
Outfit: @tusc.co 
Models: @madelinehobbs_ @cooperhew 

#mattrayphotography #datenight #love #date #foodie #dinner #girlsnightout #food #wine #couplegoals #fun #foodporn #girlsnight #dateideas #relationshipgoals #fashion #dating #happy #instagood #nightout #art",#cocktails #couples #engagementphotos #weddingphotography #datenightoutfit #supportlocal #romance #shoplocal #datenightideas
7,"Found love in a hopeless plateâ¤ï¸

#food #foodporn #foodie #instafood #foodphotography #foodstagram #yummy #instagood #love #follow #foodblogger #foodlover #like #delicious #homemade #healthyfood #photooftheday #picoftheday #dinner #foodgasm #foodismedicine es #tasty #cooking #instadaily #lunch #bhfyp #restaurant #instagram #healthylifestyle #bhfypp"
15,Lunar New Year Dinner 2021 with family #cny2021 #æ­å–œç™¼è²¡ #ä¸­åœ‹æ–°å¹´ #æ˜¥ç¯€å¿«æ¨‚ #æ–°å¹´å¿«æ¨‚ #chinesenewyear #imlek #cny #lunarnewyear #chinese #angpao #angpaoimlek #gongxifacai #love #dinner #sincia #kueimlek #liondance #newyear #bhfyp #china #red #chinesefood #happynewyear #family #imlekcookies #indonesia #fortune #qipao #art
9,"Healthy snack 

RED KIDNEY BEANS SALAD

 1.Boil overnight soaked kidney bean (rajma) with some salt and let it cool.
2. Do not over boil the beans.
3. Dice onion, capsicum and cucumber.
4. In a mixing bowl add kidney beans, onion, capsicum, cucumber, finely chopped garlic, mixed herbs, red chilli flakes, salt, pepper, lime juice and extra virgin olive oil.
5. Mix well and serve.
Â 

NUTRITIONAL VALUE 

1. Kidney beans are a great source of protein, mineral and vitamins.
2. It is low in cholesterol and is good for diabetics.
3. The good amount of fibre content in kidney beans helps in weight loss.
4. The amount of calcium in kidney beans helps in making bones stronger.

#healthyfood #healthylifestyle #food #healthy #foodporn #foodie #instafood #fitness #foodphotography #vegan #healthyeating #yummy #foodblogger #foodstagram #health #healthyliving #foodlover #homemade #delicious #nutrition #weightloss #breakfast #diet #instagood #fit #love #lunch #veganfood #dinner #bhfyp",Love it dmâ¤ï¸ @fitfamunity
10,"Chicken Cheese Omlet ğŸ”¥

Location: Subhash NagarğŸ“ 
Taste: 9/10
.
.
.
#foodblogger #foodporn #food #foodie #foodphotography #foodstagram #instafood #foodlover #yummy #delicious #foodgasm #foodies #homemade #instagood #healthyfood #foodiesofinstagram #foodblog #foodpics #tasty #dinner #love #indianfood #cooking #lunch #bhfyp #instagram #foodlovers #snack #foods #bhfyp"
3,"Garam Masala Chicken Curry on the menu

#kcmo #food #smoked #spices #bbq #bbqlovers #bbqlife #curry #dinner"
8,"Chocolate Truffle Cake ğŸ°ğŸ«ğŸ‚
............Dm me to order! ğŸ‘‡ğŸ»............
.
.
.
#foodlover #food #foodporn #foodie #foodphotography #foodstagram #instafood #foodblogger #yummy #delicious #foodgasm #foodies #homemade #instagood #healthyfood #foodpics #tasty #dinner #foodiesofinstagram #cooking #love #foodpic #eat #foodblog #chef #foods #cakelover #chocolate #ordernow"
1,#homemade #pencai #lunarnewyear #chinesenewyear #reuniondinner #dinner #yummy #abalone #scallops #shitakemushrooms #prawns
0,"Some nights you just canâ€™t be bothered & it very occasionally turns out delicious! Baked beans, some leftover pasta sauce, a few chunks of halloumi baked in the oven & served with tzatiki & toast. ğŸ’¥
.
.
.
 #dinner #foodstyling #recipewriter #recipedevelper #foodofinstagram delicious #yum #easyrecipes"
3,"Jangan tengok je guyysss! Lets order ğŸ˜ğŸ¥©ğŸ½
READY STOCK!!! Jom dapatkan DAGING HARIMAU MENANGIS dengan @auntytinikitchen.sunway_pj ğŸ˜‹ 

Harga : 1 pack RM 35 
Hidangan : 2 -4 orang 
Daging bahagian : Tenderloin 

Stok Terhadâ€¼ï¸Siapa cepat dia dapat ğŸ˜Š 

WhatsApp 0173771209 or click Di bio @auntytinikitchen.sunway_pj 

Self pickup : Mentari court gate 1
Delivery with charge (kl / selangor)

#dagingharimaumenangis #dagingharimaumenangismamalofa #dagingbakar #dagingbakardanok #daging #beef #beefsteak #dhm #dhmkl #dhmsunway #dhmselangor #dhmpj #fooddelivery #foodpanda #grabfood #food #foodporn #auntytinikitchen #auntytinikitchenselangor #auntytinikitchensunway #auntytinikitchenpj #dagingharimaumenangissunway #dagingharimaumenangispj #dagingbakarviral #homecooking #dagingblackpepper #likeforlikes #neelofa #instagram #dinner"
2,"Love the #rich #dinner for the #new #year #eve.
--
#fiesta #richfood #newyeareve #newyearevedinner #momscook #momsdish #gourmet #å¹´å¤œé£¯ #é™¤å¤•"
6,"Valentine's series Part-4
Surprise your love with special breakfastâ™¥ï¸

Do suggest if you want me to cook something else ğŸ˜‰

Follow @shalis_cooking_window

Use #shalis_cooking_window 

#breakfastideas #lovebreakfast #foodie #shedhee #yummyfood #valentinedayfood #valentinedaygift #valentinedaybreakfast #egg #eggrecipe #inovative #dishoftheday #cooking #recipe #easyrecipe #bhfyp #dinner #lunch #foodgift #eatingfortheinsta #FoodLove #Food52 #FoodPornShare #HealthyFoodLover #HealthyFoodEating #HealthyFoodSharing #HealthyFoodChoices #heartshaped #heart"
1,"a very special year
.
.
.
.
#chinesenewyear #instagood #instavideo #instadaily #instastory #reunion #bonding #familytime #family #quality #time #journey #dinner #homesweethome #love #gratitude #food #safe #2021"
6,"ì‚¼ê²¹ì‚´ê³¼ í•­ì •ì‚´..
#ì‚¼ê²¹ì‚´ë§›ì§‘ #í•­ì •ì‚´ #ë§› #ë§›ì§‘ #ë§›ìŠ¤íƒ€ê·¸ë¨ #pork #porkbelly #delicious #food #foodstagram #foods #dinnertime #dinner #meat #ãŠã„ã—ã„ #ç¾å‘³ã—ã„ #ãŠé…’ #è‚‰ #ã«ã #ã”é£¯ #ã”ã¯ã‚“ #æ™©ã”é£¯ #ã°ã‚“ã”ã¯ã‚“ #æ™©ã”ã¯ã‚“"
3,"Shepherdâ€™s pie ğŸ˜˜ made with ground beef, onion, carrots, courgettes, peas, tomato juice and smoked paprika, topped with mashed potatoes ğŸ˜ love it!! #food #foodporn #foodie #foodstagram #foodforfoodies #cookingtime #cookingbyme #cookingblog #cookingideas #sheperdspie #countrycooking #foodforfoodies #familymeals #cookingformyfamily #lovecooking #lovetocook #eat #cucina #cucinasemplice #familymeal #cookinginspiration #cookingideas #mealideas #dinner #dinnerideas #dinnertime"
6,"ğŸ½ï¸ Perimet e ziera janÃ« gjithmonÃ« njÃ« zgjedhje e zgjuar ğŸ˜Šâ¤ï¸ 
.
#foodlovers #foodgasm #catering #instafood #eat #bar #foodlover #foodporn #yummy #delicious #chef #dinner #tasty #photooftheday #cooking #fresh #gourmet #restaurant #restaurants #lÄ±ke #likeforlikes  #likeforfollow #instagood 
#coment #follow
#likemeback #instafollow #likeback #likeme #likeforlikealways"
7,"â€¢
â€¢
â€¢
â€¢
â€¢
#food #foodporn #yummy #delicious #foodphotography #instafood #foodie #healthy #vegan #foodlover #tasty #chocolate #healthyfood #foodgasm #salad #healthylifestyle #foodstagram #cake #dinner #love #instagood #lunch #foodblogger #chicken #photooftheday #sweets #vegetables #chef #homemade #eat"
10,"The super crunchy Aloo Mutter Cutlet.
(Potato-Peas Cutlet)

#cutlet #food #foodie #yummy #foodporn #homemade #foodstagram #instafood #foodphotography #cutlets #foodblogger #healthyfood #foodgasm #indianfood #tasty #snacks #delicious #foodlover #dinner #easyrecipes #lunch #bread #chicken #homecooking #breakfast #frenchfries #cooking #foodiesofinstagram #crispy",Hey love!! We are having mega story loop (women only ) thursday 8 PM UK and would love for you to take part. It's an amazing way to grow and connect with like minded people All you need to do is tag a friend on our latest sign up post to join.
4,"Special Chocolate Cake ğŸ°ğŸ«ğŸ‚
............Dm me to order! ğŸ‘‡ğŸ»............
.
.
.
#foodlover #food #foodporn #foodie #foodphotography #foodstagram #instafood #foodblogger #yummy #delicious #foodgasm #foodies #homemade #instagood #healthyfood #foodpics #tasty #dinner #foodiesofinstagram #cooking #love #foodpic #eat #foodblog #chef #foods #cakelover #chocolate #ordernow"
5,#friedchicken #foodporn #chicken #foodie #food #instafood #foodphotography #foodstagram #ayamgoreng #yummy #delicious #chickenwings #foodlover #burger #foodblogger #fries #ayamgeprek #kfc #dinner #wings #foodies #fastfood #lunch #kuliner #foodgasm #tasty #homemade #burgers #foodiesofinstagram #bhfyp
5,Homemade Fried Meatball...#cny  #cny2021 #cnyfood #photography #photoshoot #photographerlife #photographer #lunch #cooking #homecooking #yummy #yum #yummyfood #mystylecooking #chef #cafe #dinner #simoncksfood #simoncks #simoncksphoto #vivo #vivov20 #vivocamera #chinesefood #ownrecipecks
9,"brown rice. red pepper. spinach. onion. habanero pepper. grapes. salmon. orange juice x raspberry pomegranate. 

-
-
-
-
-
-
-
-
-

#food #foodporn #foodie #instafood #foodphotography #foodstagram #yummy #instagood #love #follow #foodblogger #foodlover #like #delicious #homemade #healthyfood #photooftheday #picoftheday #dinner #foodgasm #foodies #tasty #cooking #instadaily #lunch #bhfyp #restaurant #instagram #healthy #bhfyp"
0,"A hearty å›¢åœ†é¥­, before ushering the ç‰› oxpicious year ğŸ¥³

#reuniondinner #cny2021 #dinner #foodstagram  #foodphotography #foodgram"
10,"Hopefully to come back early with our spritz ! ğŸ¹

#ristorante #food #italy #restaurant #italia #instafood #cucina #italianfood #instagood #pizzeria #foodblogger #cucinaitaliana #love #picoftheday #cibo #foodie #foodlover #bar #dinner #amalficoast #aperitivo #cena #amalfi #pizza  #lunch #wine #foodphotography #pranzo #amalfi #amalficoast #costieraamalfitana"
1,CNY eve!#dinner #candlelight #pizzalover #singaporefood #singapore #drinks #cnyeve  #candles #dinnerdate  #cocktailsofinstagram #cocktails #pizza
2,"Locally made Italian sausage with red onion, green bell pepper, and carrot. Plus roasted red beets with a Balsamic glaze. Smacznego! #smacznego #enjoyyourmeal #smaczne #tasty #kolacja #dinner #dom #home #domowegotowanie #homecooking #kieÅ‚basawÅ‚oska #italiansausage #warzywa #dobroÄ‡ #goodness"
5,Evening filter coffee and samosa on the roadside â¤ï¸,#food #foodporn #foodie #instafood #foodphotography #yummy #delicious #vegetarian #instagood #foodstagram #foodlover #foodblogger #foodgasm #like #follow #samosa #dinner #tasty #chennai #eat #photooftheday #restaurant #foodies #supportlocal #chef #picoftheday #tea #yum #instagram
7,"Follow @f00d_is_my_everything for more tasty food content daily! ğŸŸ
 -
 Check out the link in my bio to get food shirts just for you ğŸ’
 -
 Follow @f00d_is_my_everything ğŸ”
 Follow @f00d_is_my_everything ğŸ”
 Follow @f00d_is_my_everything ğŸ”

Source:
 DM me for business or removal!",#foodie #instafood #foodphotography #foodstagram #yummy #instagood #love #foodblogger #foodlover #delicious #follow #like #healthyfood #homemade #photooftheday #dinner #foodgasm #foodies #picoftheday #tasty #cooking #lunch #healthy #restaurant #instagram #instadaily #breakfast #chef #food #foodporn
33,"éå¹´æœ€æœŸå¾…çš„å°±æ˜¯å’Œå®¶äººä¸€èµ·åƒé£¯ç©éŠæˆ²çœŸçš„å¥½å¹¸ç¦ï¼Œä»Šå¤©æ˜¯é™¤å¤•ï¼Œç¥ç¦å¤§å®¶æ–°çš„ä¸€å¹´ä¸€åˆ‡é †åˆ©ä¸¶å¹³å®‰å–œæ¨‚ä¸¶å¿ƒæƒ³äº‹æˆï¼Œæ–°å¹´å¿«æ¨‚ğŸ¥³ğŸ¥³ğŸ¥³ğŸ¥³ğŸ¥³
#gay #taiwan #changhua #home #family #newyearseve #lunar #calendar #redenvelope #redpacket #reunion #dinner #february #å°ç£ #å½°åŒ– #happy #smile #festival #wish #good #lucky #longevity #é™¤å¤• #money #spring #ancestor #custom #wealth #enjoy #blessed"
6,"EP.0 - There's Some Uni in the House.
Full video: link in Bio
#Food #FoodPorn #FoodPhotography #Foodie #Foods #Foodstagram #Foodgasm #Foody #Foodies #FoodLover #FoodBlogger #InstaFood #FoodPics #FoodLovers #EatingForTheInsta #FoodLove  #FoodPornShare #FoodStyling #FoodBeast #FoodArt #FoodSpotting #FoodBlogFeed #FoodOfTheDay #dinner #uni #sashimi #japanesefood #foodoftheday #dope #dinnerparty"
14,"Winter nights are for outdoor experiences, and we have the ideal outdoor seating options for your convenience!

Ø§Ù†Ø¶Ù…ÙˆØ§ Ø¥Ù„ÙŠÙ†Ø§ Ù‡Ø°Ø§ Ø§Ù„Ù…Ø³Ø§Ø¡ Ù„ØªØ¬Ø±Ø¨Ø© Ù…Ù…ÙŠØ²Ø© ÙÙŠ Ø¬Ù„Ø³Ø§ØªÙ†Ø§ Ø§Ù„Ø®Ø§Ø±Ø¬ÙŠØ© Ø§Ù„Ù…ØªÙ†ÙˆØ¹Ø©

Working hours: 
12 pm to 2 am

Ø£ÙˆÙ‚Ø§Øª Ø§Ù„Ø¹Ù…Ù„:
Ù¡Ù¢ Ø¸Ù‡Ø±Ù‹Ø§ Ø¥Ù„Ù‰ Ù¢ ØµØ¨Ø§Ø­Ù‹Ø§

#triosbh #trios #finedining #dinner #lounge #bahrainrestaurants #bahrainweekend #bahrainevents #internationalcuisine #bahrainfood #bahrain #adliya #adliya338 #Ù…Ø·Ø§Ø¹Ù…_Ø§Ù„Ø¨Ø­Ø±ÙŠÙ† #Ø§Ù„Ø¨Ø­Ø±ÙŠÙ† #Ø§Ù„Ø¹Ø¯Ù„ÙŠØ©"
0,"This food is so good. Call/WhatsApp and schedule your Pick up or Delivery. You know you wanna! ğŸ”¥ğŸ˜‹ğŸ¥™ğŸŸğŸ—ğŸƒğŸ¾â€â™€ï¸ğŸƒğŸ½â€â™‚ï¸ğŸ’¥
â—â—â— NB: Because of the new Curfew hours we will be taking our last order at 5:00 pm daily. â—â—â—
.
#SuperSpicyDoubles #Restaurant #TriniFlavaToDeBone #PickUp #Delivery #Lunch #Dinner #Doubles #Roti #Paratha #BussUpShot #SoupDuJour #RedPeasSoupWithPigtail #Dhalpuri #BakeAndShark #FriedChicken #CurryGoat #BestCurry #GoodwoodTerrace #ChickenAndChips #WearAMask #ItSavesLives #Trini #TriniInJamaica #Jamaica #Lifestyle"
10,"Chowmein ğŸ˜â¤ï¸
.
.
.
.
.
.
.
.
.
.
.
.
#foodblogger #foodporn #food #foodie #foodphotography #foodstagram #instafood #foodlover #yummy #delicious #foodgasm #foodies #homemade #instagood #healthyfood #foodiesofinstagram #foodblog #foodpics #tasty #dinner #love #indianfood #cooking #lunch #bhfyp #instagram #foodlovers #breakfast #foods #bhfypâ™¥ï¸â™¥ï¸â™¥ï¸â™¥ï¸â™¥ï¸ğŸ˜ğŸ˜ğŸ˜ğŸ˜ğŸ‘ğŸ‘ğŸ‘ğŸ‘ğŸ‘ğŸ‘ğŸ‘ğŸ‘ğŸ‘ğŸ‘ğŸ‘ğŸ‘ğŸ‘ğŸ‘â™’â­ï¸â™’â­ï¸â™’â­ï¸â™’â­ï¸â™’â­ï¸â™’â­ï¸â™’â™’â™’â™’â™’â™’â™’â™’â™’â™’â™’â™’â™’ğŸ’“ğŸ’“ğŸ’“ğŸ’“"
7,"ê²Œë€ì°œ(eggs) and Korean BBQ (pork) in Gangnam in Seoul

#seoul #restaurant #international #korea #southkorea #instagood #foreigner #korean #koreanfood  #koreanrestaurant #daily #food #foodie #chef #english #friends #cooking #happy #delicious #instaworthy #instadaily #instagram #cuisine #goodmood  #global #kfood #dinner #brunch #gangnam #koreanbbq"
9,"Hello Spartiates  SpartiansâœŒï¸ğŸ’ªğŸ‘Œ
â¡ï¸ 2 Å“ufs ğŸ¥š au plat, 1
Avocat ğŸ¥‘, riz ğŸš semi complet, brocoli ğŸ¥¦ , oignons ğŸ§… , thÃ© ğŸ«– vert sans sucre âœŒï¸
âœ… Follow 
â¤ï¸ Like
âœï¸ Comment 
ğŸ‘¨â€ğŸ‘©â€ğŸ‘§â€ğŸ‘¦ Tag a friend 
ğŸ“Œ Save 
ğŸ’¡ Turn ON post notifications
ğŸ™ Thanks 
Â©  @Xouras_The40Sparta 
#healthyfood #healthylifestyle #food #healthy #foodporn #foodie #instafood #fitness #foodphotography #vegan #healthyeating #yummy #foodblogger #foodstagram #health #healthyliving #foodlover #homemade #delicious #nutrition #weightloss #breakfast #diet #instagood #fit #love #lunch #veganfood #dinner #bhfyp",Delicious,That looks absolutely delicious thanks for the recipe ğŸ˜,Delicious ğŸ˜ğŸ”¥
4,"ğŸ• Try our delicious bruschetta today! We open at 11am. ğŸ• 

#Wintergardenpizzacompany #Wintergarden #Orlandofoodie #Clermontfl #Windermerefl #Orlando #Pizza #Foodie #Bestpizza #Wine #Italianfood #Takeout #delivery #Patioseating #Superbowl #Dinner #Endlessmimosas #Lunch #Supportlocal #Winterparkfl #Lunch #Artist #Realtor"
1,"ğŸ½ï¸ Perimet e ziera janÃ« gjithmonÃ« njÃ« zgjedhje e zgjuar ğŸ˜Šâ¤ï¸ 
.
#foodlovers #foodgasm #catering #instafood #eat #bar #foodlover #foodporn #yummy #delicious #chef #dinner #tasty #photooftheday #cooking #fresh #gourmet #restaurant #restaurants #lÄ±ke #likeforlikes  #likeforfollow #instagood 
#coment #follow
#likemeback #instafollow #likeback #likeme #likeforlikealways"
2,#cny #cny2021 #dinner #home #stayhome #stayhomestaysafe
3,"Chocolate Truffle Cake ğŸ°ğŸ«ğŸ‚
............Dm me to order! ğŸ‘‡ğŸ»............
.
.
.
#foodlover #food #foodporn #foodie #foodphotography #foodstagram #instafood #foodblogger #yummy #delicious #foodgasm #foodies #homemade #instagood #healthyfood #foodpics #tasty #dinner #foodiesofinstagram #cooking #love #foodpic #eat #foodblog #chef #foods #cakelover #chocolate #ordernow"
4,"Kachori ğŸ˜
.
.
.
.
Tag us @foodworld_foodie18 to get Featured.
.
.
.
.
.
Do Follow @foodworld_foodie18 
Follow ğŸ”œ @foodworld_foodie18 
Follow ğŸ”œ @foodworld_foodie18 
Follow ğŸ”œ @foodworld_foodie18 
Follow ğŸ”œ @foodworld_foodie18 
.
.
.
.
.
.
.
.
.
.
#foodphotography #foodporn #food #foodie #foodstagram #foodblogger #instafood #foodlover #yummy #delicious #foodgasm #homemade #foodies #instagood #foodiesofinstagram #foodpics #healthyfood #tasty #dinner #love #cooking #indianfood #dessert #lunch #foodstyling #bhfyp #instagram #foodblog #breakfast #bhfypâ™¥ï¸â™¥ï¸â™¥ï¸â™¥ï¸â™¥ï¸ğŸ˜ğŸ˜ğŸ˜ğŸ˜ğŸ‘ğŸ‘ğŸ‘ğŸ‘ğŸ‘ğŸ‘ğŸ‘ğŸ‘ğŸ‘ğŸ‘ğŸ‘ğŸ‘ğŸ‘ğŸ‘â™’â­ï¸â™’â­ï¸â™’â­ï¸â™’â­ï¸â™’â­ï¸â™’â­ï¸â™’â™’â™’â™’â™’â™’â™’â™’â™’â™’â™’â™’â™’ğŸ’“ğŸ’“ğŸ’“ğŸ’“",Gorgeousâ¤ï¸
2,"Nothing to see here , Keep Scrolling ! 
.
.
.
.
.
.
.
.
.
.

#food #foodporn #foodie #instafood #foodphotography #foodstagram #yummy #instagood #love #follow #foodblogger #foodlover #like #delicious #homemade #healthyfood #photooftheday #picoftheday #dinner #foodgasm #foodies #tasty #cooking #instadaily #lunch #bhfyp #restaurant #instagram #healthy #bhfyp"
13,"Â¿Pasteles siempre o solamente en ocasiones especiales? ğŸ˜œğŸ˜œğŸ˜œ
â€¢
Mousse de fresas y otros frutos rojos ğŸ¤¤ğŸ¤¤ğŸ¤¤
*
*
*
#mousse #moussedefresa #strawberrymousse #strawberry #fresas #cake #cakeporn #red #foodaddict #desserts #specialoccasions #delicatessen #delicious #deliciousfood #dinner #dessertporn #foodporn #foodphotography #foodpic #foodaddict #foodpictures #realfood #foodiesbarcelona #foodandwine #foodiesbcn #foodart #barcelona #spanishfood #instayum #yummy #yummyyummy"
10,"Spaghetti and meatballs. Using lean mince for the meatballs and tin chopped tomato, onions,  garlic powder and a variety of seasoning for the sauce. Quick and easy lunch. 

#homemade #food #foodporn #foodie #instafood #foodphotography #delicious #foodstagram #ukfoodblogger #foodlover #healthyfood #instagood #handmade #cooking #homecooking #foodstagram #foodlovers #tasty #spaghetti #meatballs #dinner #foodgasm #homemadefood #foodies #healthylifestyle #foodphotos #bhfyp #cook #foodaddict #foodstyling",Deliciousâ¤ï¸,That looks absolutely delicious ğŸ‘ğŸ˜
0,"Last chance to order is today 5pm. Get em in. DMV area #itsnotadietitsalifestyle #beachbodiesaremadeinthewinter 
:
:
:
:
#mealprep #orderyourmeals #ordertoday #veggies #supportblackbusiness #supportsmallbusiness #homecookedmeals #itsnottoolate #healthyrecipes #easymealprep #eatinglean #eatingright #lunchtime #lunchÂ  #getyourmeals #letsdothis #beachbody2020 #supportblackwomen #dinner #stayfitÂ  #supportblackownedbusinesses #buyblack #orderyourmeals #ordertoday #supportblackbusiness #supportsmallbusiness #homecookedmeals #starttoday #stayhome #beachbodiesaremadeinthespring #healthier #healthyrecipes #healthierlifestyle #healthymeals"
5,"Iss valentine ko banaayein kuch khaas... 
Combo offers in @thehappeninghouse with your beloved for an amazing experience 
because Pyaar dikhaana zaroori hai!
.
.
#valentineday #valentineoffers #dinner #dinnertime #dinein #familytime #familydinnernight #foodie #exoticfood #foodlover #foodcorner #LoveForFood #foodporn #trendingnow #trendingahmedabad #ahmedabadfood"
2,"Beef Steak Pinchos
#starter #spanish #beef #steak #foodie #foodporn #foodlover #chef #chefwork #dinner #lunch #rich #platted #plattedfood #healthyfood #healthylifestyle #healthy #healthyeating #bangladesh #dhakafood #dhakafoodie #dhakafoodblogger #foodblogger #restaurant #yummy #yummyfood #finedining #chimichurri  #creamcheese #harbs"
2,"Chocolate Truffle Cake ğŸ°ğŸ«ğŸ‚
............Dm me to order! ğŸ‘‡ğŸ»............
.
.
.
#foodlover #food #foodporn #foodie #foodphotography #foodstagram #instafood #foodblogger #yummy #delicious #foodgasm #foodies #homemade #instagood #healthyfood #foodpics #tasty #dinner #foodiesofinstagram #cooking #love #foodpic #eat #foodblog #chef #foods #cakelover #chocolate #ordernow"
3,You're only as good as your tools ğŸ¥°ğŸ˜‰,#cooking #food #foodie #foodporn #instafood #foodphotography #homemade #yummy #foodstagram #delicious #foodlover #foodblogger #chef #cook #dinner #healthyfood #tasty #instagood #love #homecooking #kitchen #lunch #baking #cookingathome #foodies #eat #foodgasm #healthy #cheflife #cyraeon
2,"@Foodnetwork
#food #foodporn #foodie #instafood #foodphotography #foodstagram #yummy #instagood #love #follow #foodblogger #foodlover #like #delicious #homemade #healthyfood #photooftheday #picoftheday #dinner #foodgasm #foodies #tasty #cooking #instadaily #lunch #bhfyp #restaurant #instagram #healthy #bhfyp"
1,"Gloomy days call for Ramen. 

ğŸ“ @masatallahassee, Tallahassee, Florida.

I love ramen for so many reasons and this gloomy weather is just perfect to go and eat some. This one pictured is from Masa, who I visit regularly for their sushi. If youâ€™re feeling Ramen, check out any of our great options here in Tallahassee. 

#foodPorn #yummy #delicious #dinner #breakfast #yum #foodphotography #foodie #foodstagram #foodblogger #instafood #foodlover
#instafood #instayum #tallahasse #yelptally #yelptallahassee #foodies #foodiephotography #ramen #ramennoodles #ramenlover #ramenbowl #ramenğŸœ #gloomy #gloomyweather"
1,"Whisk your loved ones away to a beautiful evening. Surround yourself with warmth and colour.  Dine with us at The Maple Leaf from 7:00pm to 11:00pm
  @ Rs.3000+tax for a couple.
Get an extra 10% off by confirmation of your booking before 13th February.

Islamabad Regalia Hotel, where memories are made!

Book your table now by calling; 
 Phone:  051-260-2991-4
Whatsapp: +92-335-6288-808

#love #romantic #valentine #couples #Special #night #together #dinner #restaurant #food #candles #evening #classy #occasions #buffetdinner #bestdeal #TheMapleLeaf #IslamabadRegaliaHotel"
1,"Thursday Specials 

#lunch #dinner #dinein #takeout #togo #lunchdate #dinnerdate #wherefriendsmeet #deliciousfood #hudsonvalley #hudsonvalleyeats #hudsonvalleymagazine #thinklocal #supportsmallbusiness"
5,"Î¤Î±Î»Î¹Î¬Ï„Î± Î¼Îµ ÏÏŒÎºÎ±, Ï€Î±ÏÎ¼ÎµÎ¶Î¬Î½Î± ÎºÎ±Î¹ Î½Ï„Î¿Î¼Î±Ï„Î¯Î½Î¹Î±. ÎŸ Î±Ï€ÏŒÎ»Ï…Ï„Î¿Ï‚ ÏƒÏ…Î½Î´Ï…Î±ÏƒÎ¼ÏŒÏ‚!

#tagliata #beef #parmesan #food #foodlover #foodstagram #foodie #foodaddict #foodphotography #foodpic #takeaway #mykonos #mykonosgreece #mykonosfoodguide #mykonosfood #mykonosfoodproject #mykonosrestaurants #foodconcept #dinner"
1,"Anniversary Decorations
By @goldeneventsmysore 
DM âœ‰ï¸ğŸ“¥ for Decorations of ur eventğŸ˜‰â¤ï¸
.
...
.
.
.
.
 #birthday #birthdayparty #mysorediares #mysorelife #mysuru #mysoreevents #mysorememes #foodblogger #picoftheday #foodphotography #foodie #cooking #foodgasm #dinner #instagram #foodies #foodstagram #love #delicious #food #homemade #restaurant #healthyfood #like #eat #foodlover #foodporn #lunch #instafood #instagood"
6,"Yummy in my Tummy ğŸ˜‹
.
.
.
.
.
.
.
.
.
.
.
.
.
.

#food #foodporn #foodie #instafood #foodphotography #foodstagram #yummy #instagood #love #follow #foodblogger #foodlover #like #delicious #homemade #healthyfood #photooftheday #picoftheday #dinner #foodgasm #foodies #tasty #cooking #instadaily #lunch #bhfyp #restaurant #instagram #healthy #bhfyp"
2,"What is the food you think about when you talk about greek food?
Gyros?ğŸ·
Lamb?ğŸ‘
But another classic dish is tzatziki. A traditional yoghurt sauce with cucumber, garlic, oil, salt, pepper and vinegar/lemon. ğŸ‹ğŸ‹
It is super easy and super fast to make âœŒ eat it with breadğŸ, a tomato salad ğŸ…or some fish ğŸŸand enjoy thinking about vacation on a sunny beach in greeceâ›±ğŸŒ

#greekfood #greece #greek #food #foodie #foodporn #instafood #greekcuisine #greekrestaurant #foodstagram #gyros #foodphotography #mediterraneanfood #foodlover #souvlaki #foodblogger #delicious #tzatziki #restaurant #yummy #instagood #healthyfood #homemade #greeksalad #travel #mediterraneandiet #greekfoodporn #eatgreek #dinner"
6,"Beetroot burger ğŸ” hempseed,hemp protein,CBD dressing  #glutenfree #vegan #hempseeds #hempprotein #cbd #cbdswiss #cbdcooking #cbdoil #vegetarian #dinner #dinnertime #healthyfood #superfood #superfoodideas #beannachosmyfavorite #nogmo #cookingathome #cooking #foodstylist #foodstylingandphotography #eathealthy #eating #nutrition @sixty8_shop"
5,"In frame : Penne in pink sauce 
Ratings : 5/5 
Place : Little Italy 

Review : A perfect pasta consists of 3 main things -
1) Perfect cooking of the raw pasta
2) A creamy and flavorful sauce
3)The quality of cheese used in the recipe. 
And Little Italy breaks all bars by setting it standards high by using the perfect amount of flavours and good quality ingredients. 
The pasta's sauce was creamy and tangy, veggies used were fresh and cripsy,and the cheese used was rich. 

Do try the pink sauce pasta next time you visit Little Italy and you will definitely relish the dish.

About pasta : Food historians estimate that the dish probably took hold in Italy as a result of extensive Mediterranean trading in the Middle Ages. From the 13th century, references to pasta dishesâ€”macaroni, ravioli, gnocchi, vermicelliâ€”crop up with increasing frequency across the Italian peninsula. In the 14th-century writer Boccaccioâ€™s collection of earthy tales, The Decameron, he recounts a mouthwatering fantasy concerning a mountain of Parmesan cheese down which pasta chefs roll macaroni and ravioli to gluttons waiting below.

#foodiee #foodislove #indianfood #indianchef #healthyfood #foodofinstagram #punefoodbloggers #foodblogging #pune #mobilephotography #traveller #foodphotography #blogging #loveforfood #foodislife #potato #taste #spicelover #foods #homecooking #homechef #homecookedmeal #nightlife #dinner #spices #snacks #bar #italian"
2,Cooking up a feast for you! ğŸ‘¨ğŸ¼â€ğŸ³ #takeaway #dinner #turkish #foodie #restaurant #lamb #traditional #authentic  #turkishcuisine #chicken #fish #cocktails #drinks #baklava #chef #wine #food #flavour #dessert  #treats #rice #taste #mezze #canveyisland
16,"ğŸ•ğŸ¥ºğŸ˜ğŸ’œ

.

.

.

#food #foodporn #foodie #instafood #foodphotography #foodstagram #yummy #instagood #love #follow #foodblogger #foodlover #like #delicious #homemade #healthyfood #photooftheday #picoftheday #dinner #foodgasm #foodies #tasty #cooking #instadaily #lunch #bhfyp #restaurant #instagram #healthy #bhfyp",Hey love!! We are having mega story loop (women only ) thursday 8 PM UK and would love for you to take part. It's an amazing way to grow and connect with like minded people All you need to do is tag a friend on our latest sign up post to join.
1,"Orders for Valentines Dinner must be in before SATURDAY February 13th at 3pm! â£ğŸ¥°
â£
Swipe to see our full menu, and see prices in our story! â£
â£
What better way to show your love for someone than with a special meal and sweets to go with it? â¤ â£
â£
Happy Thursday folks! ğŸ˜âœ¨â„ï¸#smalltownlove â£
â£
â£
â£
#love #couple #dinner #valentines #valentinesday #valentine #valentinesday2021 #dinnertime #restaurant #foodphotography #travel #summer #happy #instagood #fashion #art #romanticdinner #beautiful #lunch  #partyplanner #valentinedinner #party #delicious #candlelightdinner #anniversary #kidfriendly â£
â£"
6,"Actually love this more than chicken alfredo also ft my little helper @loki_mn20...ğŸ˜‚
.
.
.
.

#cooking #food #foodie #foodporn #instafood #foodphotography #homemade #yummy #foodstagram #delicious #foodlover #foodblogger #chef #cook #dinner #healthyfood #tasty #instagood #love #homecooking #kitchen #lunch #baking #cookingathome #foodies #eat #foodgasm #healthy #cheflife #bhfyp"
4,"Instant Pot Potato Leek Soup is creamy, flavorful and easy to make. It's the perfect cozy meal for a chilly day! â 
â 
Get the recipe by clicking the link in my profile or here: https://kristineskitchenblog.com/instant-pot-potato-leek-soup/ â 
â 
 â 
#potatoleeksoup #instantpotsoup #potatosoup #soup #souprecipes #instantpotrecipes #instantpot #instantpoteats #pressurecooker #dinnerideas #dinner",So creamy ğŸ˜
0,"Home made lamprais to the traditional lamprais recepie . Treat your self and you your family and friends. 
Hygienically packed and delivered to your doorstep. Call us on 0777 778779

#roosdeli #roos_deli 
#lamprais #traditionallamprais #dutchfood #food #riceandcurry #rice #food #valentines #valentinesathome #homefood #yamu #kamu #eat #ordernow #yummy #yummyfood #lunch #dinner #lunchideas #dinnerideas"
1,"YOUR BREAD IS FAILING... WHAT ARE YOU GOING TO DO ABOUT IT? ğŸ 

Want to know why your bread making is never quite making it? Soggy dough? No crust? We have the answers for you. Head to our website to read our latest blog on the three reasons your bread is failing! 

Hit the link in our bio and tag us in your loaves ğŸğŸ§„âœ¨

#homefood #chefathome #recipeoftheday #dinner #homechef #recipes #cookingday #cookingwithlove #homecooking #cook #baker #bread #bakeoff #breadmaking #dough #writerfoodwriter #journalist"
17,"This is such an easy and filling meal that only takes 10 minutes to make if you already have cooked rice in the fridge!! â£
â£
base:â£
jasmine riceâ£
broccoliâ£
tempehâ£
â£
sauce: â£
1 tbsp soy sauceâ£
1 tbsp maple syrupâ£
1/4 tbsp rice vinegarâ£
cornstarch to thicken â£
â£
Start by cooking your rice according to package directions. In the meantime, steam the broccoli and tempeh (tempeh steaming optional). Put the broccoli aside and then cut the tempeh into cubes and use a non-stick pan over medium heat to lightly fry it while making the sauce. Once the tempeh is crisped to your liking, reduce heat to low, and add the broccoli and sauce. Mix this together for a few minutes and then serve over rice.",#vegan #veganfood #veganeats #veganfoodie #veganrecipes #veganmeals #vegetarian #plantbased #plantbasedmeals #healthy #healthyfood #healthyvegan #cleaneating #cleaneats #foodie #poweredbyplants #plantpowered #eatmoreplants #whatveganseat #veganfortheanimals #tempeh #broccoli #rice #soysauce #maplesyrup #veganprotein #protein #dinner #vegandinner #easyvegandinner
33,"Prawn with lotha cooked by my sister-in-law SunnahğŸ˜‹
.
.
.
.
.
.
.
.
.
.
.
.
.
.
.
.
#love #instagood #photooftheday
#foodporn #instalove #picoftheday 
#flowers #delicious #instafood #instalike #instaphoto #tastegood #healthylifestyle #food #dinner #foodphotography #tasty #instafood #healthyfood #mood #nutrition #foodblogger #instamood  #instagram #nofilter #feelgood #foodie #yummy #bibicooksshutki",Oh I love prawn and lotha â¤ï¸,This looks delicious ğŸ¤¤ğŸ¤¤,Love the fact that it's in a quality street tub ğŸ‘Œ. I love getting food from family and friends in random tubs!!
5,"Croquettes are always tasty. Especially when you add bacon.
.
.
.
.
#chefs #chef #cheflife #food #foodporn #chefsofinstagram #foodie #cooking #foodphotography #instafood #chefstalk #chefslife #miso #foodlover #foodies #sweetandsour #foodblogger #restaurant #culinary #potato #cook #chives #delicious #rice #chefsroll #chefstagram #kitchen #dinner #croquettes #brusselsprouts"
1,"Due to the current weather forecast for the next few days, we will be closed from 2/11-2/15/21. We hope to return to serve you on Tuesday, 2/16/21.  #cubanfood #foodie #foodporn #instafood #foodgasm #cuban #delicious #cuba #latinfood #yummy #instayum #yum #beef #foodphotography #goodeats #foodstagram #paletadepuerco #brooklyn #miaminightlife #food #arrozchaufa #hungry #dinner #workout #foodblogger #linemensubs #workoutmotivation #gym #lunchspecial #bhfyp",â¤Wow send pic ğŸ‘‰@Realfitinstax
9,"My familys favourite ... Give them pasta they are happy ...
Incredients : pasta , mushrooms,garlic,tomato,bacon broccoli,leek,basil,rocksalt,pepper,parmesan,coconut milk and its all on a salad pillowğŸ’šğŸ’šğŸ’š
#pasta#lovers#pastalove #lunchideas #lunch#dinnerideas #dinner#homemadefood #homecookedmeal #delicious#tasty #food#foodies #foodphotography #photo#pic#instagood #instafood #instagram#my#magical #every#day#â¤ï¸#happy"
1,"When the moment is special and the ambience is right, memories will be made for sure. This Valentine's Day, revel in romance and spend idyllic moments savoring our exquisitely crafted 4 course menu paired with an exclusive house wine by the pool. 

For reservations, please call 
+91 8218995808.
.
.
.
#TridentAgra #TridentHotels #Agra #ValentinesDay #Dinner #RomanticDinner"
1,"Chicken Pie
.
.
.
.
.
#pie #chickenpie #instafood #afternoonteatime #lunch #dinner #enjoynicefood #savourypies #baking #bake #homebaker #homebake #kitchen #shortcrustpastry #puffpastry #pastries #lovepie"
2,"I was stressing on what to make for dinner lastnight,  some how I have no clue this week, and coming home doing my workout leaves me with limited time to feed my lil guy.
I just chopped up whatever vedge I had in the fridge slapped the raw chicken over top and sprinkled with seasoning. I was worried it was going to be dry, but surprisingly was great. I am keto but my family isn't so sometimes it's hard to not have to make 2 different meals. This was perfect and served them some noodles with it.

#familydinner #chicken #roastedveggies #afterwork #weekday #dinner #ideas #dinnerideas #keto #ketolife #ketomeals #ketorecipes #lowcarblife #lowcarb #type2diabetes #ketodiet #ketolifestyle #ketofriendly #ketomeals #dirtyketo #ketotransformation #ketobeginner #ketogirl #ketocanada"
8,"ì¹­êµ¬ë‘ 
.
.
.
#outfit #daily #dailylook #ootd #dessert #dinner #cafe #spring #coat #mood #chanel #louisvuitton #valextra #íŒŒí¬ë·° #ë”ë¼ì´ë¸ŒëŸ¬ë¦¬ #ìƒ¤ìƒ¤ìƒ¤ #ì¹œìŠ¤íƒ€ê·¸ë¨ #ì¹´í˜ #ë¨¹ìŠ¤íƒ€ê·¸ë¨ #ë””ì €íŠ¸"
12,"Pork Chop topped with an Apple Brandy Au Jus, Truffle Parmesan Risotto & Brown Sugar Carrots
â€¢
â€¢
â€¢
â€¢
â€¢
â€¢
â€¢
#trufflerisotto #truffleparmesanrisotto  #risotto #porkchop #aujus #applebrandy #smokedbacon #shallots #garlic #thyme #gratedapple #beefstock #dinner #dinnerideas #dinnerrecipes #dinnerparty #recipes #dinnerpic #foodie #foodporn #foodpics #foodstagram #foodpicsofinstagram #foodlover #foodpic #allhomemade #privatechef #homecook #homecooking #theupbeetginger"
22,#dinner #dinnertime #food #chicken #rice #hungry #yummy #yummyfood #happiness #foodies #kolkata #ohkolkata #2021
2,Valentineâ€™s Day is almost here! Donâ€™t forget to order our Valentines Special! (LINK IN BIO),#valentines #valentinesday2021 #charcuterieboard #dessertboard #dessert #charcuteriebox #dinner #food #milwaukeefoodie #milwaukee #cedarburgwi #cedarburg #wisconsin #wisconsinlife #cocktails #cocktailbar
3,"Reunion Dinner 2021 ğŸ®
Wishing everyone an OXpicious year ahead ğŸŠğŸŠğŸ§§",#lovelife #family #familyisntalwaysblood #positive #thankful #blessed #yearoftherat #lunarnewyear #chinesenewyear #é™¤å¤• #throwback #love #loveisgreat #mandatoryshot #dinner #gathering #ç‰›å¹´ #yearoftheox #reuniondinner #reunion
11,"ç¬¬ä¸€å¹´åœ¨æ–°åŠ å¡ç…®å›¢åœ†é¥­ 
First year CNY reunion dinner in Singapore

#homecook #homecooking #foodie #food #homemade #foodporn #instafood #foodphotography #foodstagram #cooking #yummy #homechef #foodblogger #foodlover #homecooked #dinner #delicious #foodgasm #cook #chef #healthyfood #tasty #foodies #foodpics #foodiesofinstagram #comfortfood #homemadefood #dinner #yum #bhfyp"
5,"Ø§Ù„Ø­Ù…Øµ Ø¨Ø§Ù„ÙƒØ±Ø¹ÙŠÙ† â¤
Ø´Ù‡ÙŠØ© Ø·ÙŠØ¨Ø©ğŸŒ¹
Ø§Ù„ØªÙˆØµÙŠÙ„ Ù„Ø¬Ù…ÙŠØ¹ Ø§Ù†Ø­Ø§Ø¡ Ø§ÙƒØ§Ø¯ÙŠØ± ğŸ‡²ğŸ‡¦
â˜ï¸ 07 06 76 28 49
.
..
#food #delivery #dinner #delicious #agadirmorocco #honey #lunch #beautiful #healthylifestyle #healthyfood #restaurant"
8,"Take a chance and request a book from PSPL to reignite your passion for reading. You may just find your true literary connection ğŸ˜ğŸ“š
â€¢
â€¢
â€¢
Stock video footage
*Engin Akyurt from Pexels
* Dans4 from Pixabay
* Thomas_Ritter from Pixabay
* Aduri Prem Kumar from Pexels",Happy reading!,"#loveyourlibrary #passionforreading #lovebooks #valentinesday 
#literaryconnection #literature #read #passionforbooks #librarylove 
#parrysoundpubliclibrary #psplrocks #publiclibrary #curbside 
#curbsidepickup #parrysound #publiclibrary #parrysoundstrong #datenight 
#bookdate #dancing #dinner #travel #beach #mentalheath #librarylife"
4,"Vouples candle light dinner
By
@goldeneventsmysore 
DM âœ‰ï¸ğŸ“¥ for Decorations of ur eventğŸ˜‰â¤ï¸
.
...
.
.
.
.
 #birthday #birthdayparty #mysorediares #mysorelife #mysuru #mysoreevents #mysorememes #foodblogger #picoftheday #foodphotography #foodie #cooking #foodgasm #dinner #instagram #foodies #foodstagram #love #delicious #food #homemade #restaurant #healthyfood #like #eat #foodlover #foodporn #lunch #instafood #instagood"
19,"Valentine Special Offer
Luxury Candlelight Dinner

Special Offer
Veg : 1500/- * Per Couple
Non-Veg : 1800/-* Per Couple

Valentine Special
â€¢ Flower Decoration & Cake
â€¢ Welcome Drink
â€¢ Choice of Soup
â€¢ Roasted Papad
â€¢ Green Salad
â€¢ Choice of Starter
â€¢ Two Types of Veg.
â€¢ Choice Of Roti
â€¢ Choice Of Dal
â€¢ Choice Of Rice
â€¢ Sweet / Ice-Cream

Address: Terrace Garden Restaurant, Laksh Prime Building, Opp.Town Hall, anand - 388001.

#skylounge #lounge #restaurant #anand #vvnagar #gujarat #india #foodie #foodiesinanand #food #dinner #delicious #yummy #foodlover #lunch #cafe #hotel #foodies #pizza #tasty #eat #anandvidyanagar #valentines #ValentinesDay2021 #valentineoffer #specialoffer"
2,CNY Reunion Dinner & thank you #pondoksariwangi #cny2021 #reunion #dinner
3,"KadayÄ±f tatlÄ±sÄ±...
#food #foodporn #yum #instafood #socialsteeze #yummy #amazing #instagood #photooftheday #sweet #dinner #lunch #breakfast #fresh #tasty #food #delish #delicious #eating #foodpic #foodpics #eat #hungry #foodgasm #hot #foods"
8,"Ø§Ù„ÙŠÙˆÙ… Ø®Ù…ÙŠØ³ Ùˆ Ù…Ø§Ø¹Ù… ØªÙ‚Ø¯Ø± ØªØ§Ø®Ø¯ Ù‚Ø±Ø§Ø± Ø¨Ø®ØµÙˆØµ Ø¹Ø´Ø§ ØŸ
ØªÙØ¶Ù„ Ø§Ù„Ø­Ù„ ğŸ‘†

ğŸ“± 0930 373 699
ğŸ“ Mazzah, HekShe 

#mappare #cheesy #italy #pizza #dough #pepperoni #food #cravings #lunch #dinner #damascus #hekshe"
1,#trini #arabianfood #halaal #halaalfood #food #foodie #instafood #foodpics #foodphotography #foodstagram #yummy #love #foodblogger #foodlover #delicious #dinner #foodies #tasty #cooking #lunch #restaurant
0,"Kaffeepause mit coffeetasting von SchÃ¶nwald
#tablewaredesign #tableware #tablewares #tischkultur #dishes #chefsexcellentplates #restaurantfood #gourmet #gedecktertisch #restaurantfood #bauscher #advertisement #foodporn #foodstyling #mixandmatch #tabletop #dinner #foodie #food #foodblogger #foodboom #thebestchefawards #restartgastro
#coffee #barista #kaffee"
9,"â˜ºï¸

#dress #ootd #flowers #cute #sunset #photography #puppies #floral #cake #truebeauty #hair #dinner #weddingdress #swag #pizza #delicious #puppy #party #funny #wedding #sky #fashion #redvelvet #koreanstyle #iucelebrity #furniture #makeup #sweet #blackpink #cakes"
17,"Looking for another great recipe idea for Valentineâ€™s Day? How about a classic Italian dish of spaghetti and meatballs ğŸ™ŒğŸ»ğŸ˜‹ We all know food is the way to everyoneâ€™s heart and a cozy Italian dinner of homemade meatballs is always loved by everyone!
These meatballs are baked in the oven and added to a homemade marinara sauce that is so delicious!
This dish will be a hit with everyone ğŸ’¯
Make extra and freeze them for a later time too. One less meal to cook on another day is a bonus gift to yourself ğŸ˜Š
You can grab this recipe on the blog ğŸ‘†ğŸ»
.
.
.
#valentines #pasta #dinner #dinnerideas",Sounds perfect!,#chefmode #homemade #omnomnom #goodeats #cleanfood #keepingitsimpleblog #easyrecipes #atx #simpleingredients #dinnerideas #vscocook #foodblogfeed #mealprep #shareyourtable #tastingtable #foodideas #simplecooking #whattoeat #recipeideas #madefromscratch #realfoodie #onmytable #food4thought #simplerecipes
19,"Eating greens in the winter can be a challenge but I gor your back. I love this #salad made with Brussels Sprout leaves.

Peel away, make my zippy 3-citrus dressing and top with dried cherries, almonds and crispy bacon.

Recipe over at [link in profile]
https://www.kalofagas.ca/2021/02/11/brussels-sprout-leaf-salad/

#greekfood #greece #greek #food #foodie #foodporn #instafood #greekcuisine #greekrestaurant #foodstagram #gyros #foodphotography #mediterraneanfood #foodlover #souvlaki #foodblogger #delicious #tzatziki #restaurant #yummy #instagood #healthyfood #homemade #greeksalad #travel #mediterraneandiet #greekfoodporn  #dinner #bhfyp"
2,"Valentine's Day idea ğŸ’¡

Order takeout from your boyfriend/girlfriend's favorite place and have a romantic candlelight dinner at homeğŸ•¯

Still a few more days away so start preparing now! 
We're to help you (and your valentine) have a great Valentine's Day! â¤ï¸

Download the Takeout Taxi app to order or go to our website (link in bio)

#ValentinesDay #HappyValentinesDay #ValentinesDay2021 #VDay2021 #Valentines #TakeoutTaxi #TakeoutTaxiBuffalo #FoodDelivery #DeliveryService #foodporn #food #foodstagram #lunch #dinner #takeout #restaurant #supportlocal #BuffaloNY #Buffalove #buffalofood #buffalofoodie #buffalofoodies #buffalofoodadventures #buffalofoodporn"
2,"PUT A RING ON IT! Yes please!!!! ğŸ¥°ğŸ”

@eddierockets SMOKESTACK, 100% Irish beef patty, smoked cheese, crispy bacon, rocket rings, Bick's relish & Eddie Rocket's Secret Sauce ğŸ˜‹

Thats weekend dining sorted!! 
.
.
.
.
#eddierockets #eddierocketsireland #eddierocketsloyalty #eddierockets #foodstagram #foodporn #clickandcollect #takeaway #takeawayfood #foodie #dinnerideas #arklow #burger #burgerporn #dinner #dinnerideas"
5,"Does your name start with a â€˜Fâ€™.

If yes, then spam your name in the comments below-on Instagram and Facebook BOTH, to win 10% discount on your next meal. 
.
.
DM TO ORDER NOW!!

#healthyfood #healthylifestyle #food #healthy #instafood #fitness #keto #lowcarb #healthyeating #yummy #faisalabad #health #healthyliving #foodlover #homemade #delicious #nutrition #weightloss #ketopakistan #lowcarbpakistan #pakistan #diet #Ä±nstagood #love #lunch #glutenfree #dinner #Pakistan"
8,"Singapuri chowmien for your evening cravings ğŸ¤¤
â€¢
Price-100 
â€¢
Locationâ€¢thapa fast food ,karkardooma

#foodblogger #foodporn #food #foodie #foodphotography #foodstagram #instafood #foodlover #yummy #delicious #foodgasm #foodies #homemade #instagood #healthyfood #foodiesofinstagram #foodblog #foodpics #tasty #dinner #love #indianfood #cooking #lunch #bhfyp #instagram #foodlovers #breakfast #foods #bhfyp"
14,"Think out of a BUN, Re-cycle it.  Your favorite ghee roast in a new avatar. 

#Gheeroastslider.

Head out to @recyclethelounge today!!!! â€¦ 

#mangalore #Lounge #dance #party #talent #stage #lunch #recyclethelounge #party #dinner #food"
1,"Have you seen a better looking club sandwichğŸ˜ 

ğŸ¥ª Gramma's Kitchen Club - slices of ham and smoked turkey topped with bacon, swiss and colby cheese, crisp lettuce, sliced tomatoes and mayonnaise on toast",#grammaskitchen #grammaskitchenia #restaurant #walcott #iowa #madefromscratch #breakfast #lunch #dinner #dinein #carryout #curbside #orderonline #brisketburger #bacon #clubsandwich
4,"ğŸ”ğŸ¦€ WE ARE OPEN & DELIVERING ğŸ”ğŸ¦€ 
TODAYS SPECIAL! Perfectly seasoned braised pork loin served with a roasted pepper blend, provolone cheese, and spicy mustard on a freshly baked steak roll served with Chips for just $12! 

We will also be serving up our Chili, Chicken Noodle Soup and our Award Winning Cluckâ€™n Red Chowder! 

Available for Pick Up ğŸ› or Delivery ğŸš—ğŸ’¨ Order Online ğŸ’» or on our APPğŸ“± .
.
.
#cluckncrabs #beachhavenwest #chicken #crab #wings #crabcakes #LBI #jerseyshore #NJ #restaurant #food #lunch #dinner #delivery #hungry #yummy #homemade #food #delicious #catering #bestofthebest #app #botb #bestwings #bestseafood #awardwinning #eatlocal"
18,"Chilli Garlic Hakka Noodle ğŸœ 

These Chilli Garlic noodles is a simple yet flavourful recipe where noodles are stir-fried along with dry red chilies, garlic, and lots of vegetables. Try it and it will surely satisfy your taste budsğŸ˜‹ğŸ˜‹ğŸ˜‹
.
.
.
.
.
#hakkanoodles #yummyinmytummy #noodlesğŸœ #noodleslover #chinesefood #foodphotography #foodstagram #yummy #foodblogger #chinesefood #delicious #foodlover #asianfood #homemade #noodle #dinner #foodgasm #lunch #japanesefood #chicken #noodlesoup #pasta #ramennoodles #foodies #spicy #tasty #homecooking #foodiesofinstagramÂ #homemadefood #foodstyling #foodartchefsâ¤ï¸"
1,"Dinner

Saute of mackerel with miso

é¯–ã®ã‚½ãƒ†ãƒ¼ã€å‘³å™Œã‚½ãƒ¼ã‚¹

#madebyme #dinner #food #foodstagram #foodporn #mackerel #grilledfish #misosauce  #ã‚½ãƒ†ãƒ¼ #é¯– #ã•ã° #potato"
3,"Oreoâ¤ï¸love

- - - - - - - - - - 
@appy.tight
@appy.tight
@appy.tight 
.
.
.
.
.
.
.
 
#food #foodporn #foodie #instafood #foodphotography #foodstagram #yummy #instagood #love #follow #foodblogger #foodlover #like #delicious #homemade #healthyfood #photooftheday #picoftheday #dinner #foodgasm #foodies #tasty #cooking #instadaily #lunch #bhfyp #restaurant #instagram #healthy #bhfyp."
41,"Cute Lil ThangğŸ˜ğŸ”¥
â€¢
â€¢
â€¢
â€¢
â€¢
â€¢
#orange #classy #dinner #explore #girlboss #sunset #sunkissed",Collab? DM  @shop.valerio,Look my child na ğŸ˜ğŸ˜©ğŸ˜©ğŸ˜©
1,"Cham-ChamğŸ˜‹ AT @khaugalliapp
.
.
.
.
.
KHAUGALLI APP is offering free registrations to the early birds!
Click on the link in the bio to register now on KHAUGALLI APP and start selling your food online!
.
.
.
.
.
.
Follow us @khaugalliapp
Visit us - https://khaugalli.app/
.
.
#khaugalliapp #supportsmallbusiness #vocalforlocal
#lunch #dinner  #trending #meetha #rasmalai #indianfood #mumbaifoodie #FoodPornShare#cooking #instadaily #deliciousfood  #streetfood  #foodporn #foodie  #snack#breakfast #khana #indianfood #mumbaifoodie #FoodPornShare#cooking #breakfasttime  #FoodPornShare  #digital #breakfast #breakfasttime #snack"
0,"VIVALI RISTORANTE TERRACE BAR

All participating VIP Club restaurants assure all they are meeting sanitary protocols and social distancing!

Complete VIP Club Card listings available to all, 24/7 www.vipsanmiguel.com/

#sanmigueldeallende #restaurants #foodies #fooddelivery #takeout #SanMiguelevents #bakery #breakfast #lunch #dinner #brunch #discounts #menus"
1,"Good Morning Everyone! Starting tomorrow you can get our family meal for the week which will be the Chicken Cordon Bleu with Mashed Potato and Broccoli, Homemade Garlic Bread and Salad. This Family Meal is for 4 people and will cost $45 + Tax. You can call by phone, which is (508) 892-5437, or you can contact us in Messenger! We are located at 509 Stafford ST!  We will be open for In-Door Dining, Out-Door Dining, and Take-Out! 

#charlton #leicester #worcester #worcesterma #centralmass 
#healthyfood #breakfast #lunch #dinner #brunch #508 #newinthewoo #familymeal #chickencordonbleu #friday"
0,"Our chicken wings come with two options:
ğŸŒ¶Honey Chilli Wings
ğŸ”¥Hoisin Chicken Wings

No dinner plan? why not give it a try with 20% off via www.crispyasduck.co.uk ğŸ˜†

#wings #springrolls #crispy #as #duck #deliveryservice #bournemouth #diy #deliveroo #dinner #taco #bun #pancakes #lunch #foodlovers #foodie"
16,"Guess what ğŸ˜ğŸ˜
.
#food #foodphotography #dinner #foodie #foodporn #foodstagram #foodblogger #foodstylist #foodlover #foodiesofinstagram #foodpic #foodgasm #foodstyling #prawns #seafood #seafoodlover #prawnsğŸ¤ #sodelhi #mumbaifoodie #southindianfood #indianfood #indiancuisine #indianfoodbloggers #odiafoodblogger #bbsr #bhukkhaddaadda #followforfollowback #likeforlikes #f52grams #foodnetwork",#food #foodphotography #dinner #foodie #foodporn #foodstagram #foodblogger #foodstylist #foodlover #foodiesofinstagram #foodpic #foodgasm #foodstyling #prawns #seafood #seafoodlover #prawnsğŸ¤ #sodelhi #mumbaifoodie #southindianfood #indianfood #indiancuisine #indianfoodbloggers #odiafoodblogger #bbsr #bhukkhaddaadda #followforfollowback #likeforlikes #f52grams #foodnetwork
3,"Legit, this pasta deserves a whole parade. Crisp sausage and sautÃ©ed kale swooped in a creamy tomato sauce with an aggressive garlic treatment, speckled with parm and red pepper flakes. The perfect chewy floppy oversized pasta tubes, aka rigatoni, soak up every last delicious bit of flavor. Sound the trumpets and alert the Grand Marshal - this one is marching straight into our hearts.â €â €
â €
Get the recipe ---> https://pinchofyum.com/date-night-rigatoniâ €â €

ğŸ“¢Find this helpful? Share it with your friends!

Follow us @wisely.fit ğŸ’šğŸŒ±
for more motivation and fitness tips!

ğŸ‘‰Follow @wisely.fit for more! ğŸ‘ˆ
ğŸ‘‰Follow @wisely.fit for more! ğŸ‘ˆ
ğŸ‘‰Follow @wisely.fit for more! ğŸ‘ˆ
---------------â€”â€”â€”-
â­•ï¸Turn on your post notifications!â­•ï¸
.
.
. 
.
.
Credit: @pinchofyum
#valentinesday #rigatoni #pasta #pastarecipe #comfortfood #noodles #datenight #onthetable #recipe #instayum 
#befitrecipes #cleaneating #delicious #eating #food #foodie #fresh #health #healthy #healthyfood #hungry #instafood #nourish #nutrition #tasty #weightloss #yummy #healthyeating #lunch #dinner"
3,"Heavenly aroma that is beyond compare!
Buy our organic rice : www.healthymagic.ca
â €
#healthymagic #rice #food #foodie #organic
#longgrain #rice #basmati #organicbasmati
#homemade #delicious #foodblogger #dinner
#lunch #foodlover #healthyfood #indianfood
#tasty #cooking #homecooking #foodies #vegan"
3,"Having this luxury,smooth surface dinning set design is the Eye-candy units of the dinning room â™¥ï¸â™¥ï¸â™¥ï¸
Styled spaceâœ”ï¸
Bespokeâœ”ï¸
Cleanâœ”ï¸
Detailedâœ”ï¸

- For enquiries kindly #linkinbio ğŸ¤³
ğŸ“§contact.akeelahinteriors@gmail.com

#dinner #dinningtable #rugs #interiordecor #bespokedesign #interiordesignerinlagos"
0,"Late post. #pescatarian version of the #chill from yesterday. Swapped the turkey for #shrimpchilli for a happy customer. Today is the last day to place an order for Sunday. DMV area #itsnotadietitsalifestyle and #beachbodiesaremadeinthewinter 
:
:
:
:
:
:
#mealprep #orderyourmeals #ordertoday #veggies #supportblackbusiness #supportsmallbusiness #homecookedmeals #itsnottoolate #healthyrecipes #easymealprep #eatinglean #eatingright  #getyourmeals #letsdothis #beachbody2020 #supportblackwomen #dinner #stayfitÂ  #supportblackownedbusinesses #buyblack #orderyourmeals #ordertoday #supportblackbusiness #supportsmallbusiness #homecookedmeals #starttoday  #beachbodiesaremadeinthespring #healthier #healthyrecipes #healthierlifestyle #healthymeals"
2,"â€ŒToday is the eve of the Chinese New Year (å¤§å¹´é™¤å¤•), I trust many people are having their reunion dinner with their families as part of the Chinese traditions but do take note of the social distancing measures in placed.

Although I do not really celebrate it, I am having a simple dinner at my ""another"" house in SK this year, probably the last time before letting it go! :) 

As usual, I am having steamboat with seafood, meat, dumplings, vegetables and mushrooms, a simple but yummy dinner! And fruits of course!

Wishing all â€œHappy Reunionâ€ with your families and loved ones and have a great and smooth sailing Year of the Ox! Gongxi Gongxi!

#foodporn #steamboat #å¹´å¤œé¥­ #æ­å–œ #reuniondinner #foodgasm #photooftheday #chinesenewyear #lunarnewyear #chinesefood #é™¤å¤•#å†œå†æ–°å¹´ #æ˜¥èŠ‚ #æ–°å¹´ #ç‰›å¹´ #feedme #foodoftheday #å›¢åœ† #yearofox #reunion #gathering #food #foodlover #seafood #dinner #instagood #foodphoto #foodpics #igfoodie #igfood

@zfy_ed84"
20,"3 more days until I light the Mastetchef Canada kitchen on fire!
.
.
.
.
 #halifax #food #foodporn #yum #instafood #yummy #munchies #amazing #instagood #photooftheday #sweet #dinner #lunch #breakfast #fresh #tasty #delish #delicious #eating #foodpic #foodpics #eat #hungry #foodgasm"
9,Katia Shenets joins our moscow office as managing director. Get to know her via the link in our bio.,#food #foodstyling #photography #foodphotography #foodie #instafood #foodphotography #foodstagram #yummy #instagood  #foodblogger #foodlover #delicious #homemade #healthyfood #photooftheday #picoftheday #dinner #foodgasm #foodies #tasty #foodfilm
0,#å¹´å¤œé£¯ #äº”ç¦ä¸´é—¨ #æ–°å¹´å¿«æ¨‚ #æ™šé¤ #dinner #happychinesenewyear
2,"Dinner ğŸ¥˜ Baked chicken with warm Greek pasta salad.
â€¢
â€¢
â€¢
â€¢
â€¢
#dinner #dinnertime #dinnerisserved #shakeandbake #ihelped #pasta #pastasalad #warmpastasalad #tortellini #feta #fetacheese #tomatoes #grapetomatoes #pepperoncini #kalamata #kalamataolives #greek #greekdressing #cucumber #englishcucumber #artichoke #artichokehearts #onion #redonion #latergram"
6,"Ø§Ø°Ø§ Ø¹Ø¬Ø¨ØªÙƒÙ… Ø§Ù„ÙˆØµÙØ© Ø¯ÙŠØ±Ùˆ ÙƒÙˆÙ…ÙˆÙ†ØªØ§Ø± Ø´Ø¨Ø§Ø¨ Ø¨Ø§Ø´ Ù†ÙƒØ«Ø±Ù„ÙƒÙ… Ù‡Ø§Ø¯ Ø§Ù„ÙˆØµÙØ§Øª ÙˆÙ…ØªÙ†Ø³Ø§ÙŠØ´ Ø·Ø§Ù‚ÙŠ ÙˆØ­Ø¯Ø© ØµØ­Ø¨ØªÙƒ Ø®Ø§Ø·ÙŠÙ‡Ø§ Ø·ÙŠØ§Ø¨ ğŸ˜‚ğŸ˜‚
 #cooking #cookingtime #cook #delicious #yummy #dinner #instafood #food #recipes #yummyfood #foodie #hungry #lovefood #lovefood #goodfood #tasty #lunch #tastyfood #breakfast #healthylunch #lunchtime #love #recipe #brunch #healthy #broodjestijd #kantoorlunch010 #breakfastideas #coffee #likeforlikes #like"
1,"Tamil Black pepper chicken â¤ï¸
#food #foodie #foodieblog #foodblog #foodblogger #foodblogging #foodieblogger #foodieblogging #chicken #rice #spinach #dinner #dinnertime #whatsfordinner #yum #yummy #indianfood #srilankan #srilankanfood #delicious"
5,"Freshly made fried mozzarella & a cozy heated patio, what more could I ask for? #aboutlastnight #hangrygames #lakeplacid #adks 
.
.
.
#restaurants #ny #northcountry #eeats #instafoodie #foodporn #italianfood #yummy #dinner"
12,"CACAO NICE CREAM WITH RASPBERRY- CHIA JAM

Ingredients:ğŸ‘‡ğŸ»
â¤ï¸4 frozen bananas
â¤ï¸2 Tbsp
â¤ï¸1 tsp Vanilla extract
â¤ï¸Splash of oat milk
â¤ï¸1 Tbsp peanut butter

Topped with raspberry-chia jam, frozen strawberries, hazelnuts and chocolate.

Credits: @eat_like_swaggeratfrow

Follow us for more: @healthy.foods.only
.
.
.
.
.
.
.
.
.
#healthyfood #healthylifestyle #food #healthy #foodporn #foodie #instafood #fitness #foodphotography #vegan #healthyeating #yummy #foodblogger #foodstagram #health #healthyliving #foodlover #homemade #delicious #nutrition #weightloss #breakfast #diet #instagood #fit #love #lunch #veganfood #dinner #keto"
1,"Turning leftover roasted chicken ğŸ— and veggies ğŸŒ± into a light #dinner #sandwich ğŸ¥ª.

#homecook #homecooking #eat #comfortfood #delicious #tasty #yummy #instafood #foodporn #foodie #food #foodgrammerph #whatsonjdsplate",Brilliant use for leftovers ğŸ‘
1,Reunion dinner CNY 2021 #fish #lobster #porktrotter #duck #waxedmeat #claypotrice #yusheng #CNY #reunion #dinner #huatah
5,No dinner plans yet? Give us a call to place your orders! Open 1230pm-10pm!! ğŸŠ #bestmeze #thursday #feast #dinner #turkish #foodie #restaurant #lamb #traditional #authentic  #turkishcuisine #chicken #cocktails #baklava #windsor #berkshire #royalwindsor #chef #wine #food #flavour #dessert  #treats
5,"Happy #TwirlyThursday lovely Hungrys! Feeling the chill? Try my #Polpette alla Casalinga: https://hopeyourehungry.co.uk/having-a-ball/ Fresh, filling & family sized,  swirls of #spaghetti topped with #homemade meatballs & a rich #tomato sauce, perfect #comfortfood for chilly days! Stay hungry! ;) x #bakeithappen #pasta #meatballs #Thursday #fresh #dinner #family"
7,"Delicious and homemade! Yummy ğŸ˜‹

#meals #food #foodie #foodporn #dinner #mealprep #lunch #healthyfood #instafood #healthy #yummy #foodphotography #cooking #delicious #homemade #breakfast #nutrition #foodstagram #tasty #health #foodblogger #chef #foodies #foodlover"
2,"å¹´ä¸‰å
éå·¦å¥¶å¥¶åº¦é£Ÿåœ˜å¹´é£¯â˜ºï¸
æœ‰å¥¶å¥¶æ•´geæ¹¯åœ“ğŸ˜‹
#chinesenewyeareve #dinner #family"
6,Chocolate CakeğŸŒ¸ #sweet #dessert #fruit #birthdaycake #cakedesign #cakedecorating #cake #chocolate #vanilla #rose #flower #order #now #supportsmallbusiness #birthday #party #dinner #love #like #instagood #instafood #reserve #southflorida #miami #broward #catering #event #plan #bake #baking
2,"This year Pandemic Covid 19, can't go back to Malaysia celebrations CNY & reunion. Im missed my parents so much. And today, I'm the chef in the house, busy cooked these simple but delicious CNY RÃ©union dinner just 4 of us. The kids enjoyed the foods much. HAPPY RÃ©union day with loved one for all IG friends",#é™¤å¤• #å›¢åœ†é¥­ #cny #cny2021 #reuniondinner #dinner #homecook #homecooking #happychinesenewyear2021 #chinesefood #igsgfood #igfood #igfoodie #foodporn #foodie #foods,#vscofood #vscopics #instafood #instalike #instadaily #pictureoftheday #picoftheday #foodstagram #homecooked #æ–°å¹´å¿«ä¹ #instagood
104,Cozy holiday soup vibes.,#beautifulcuisines#eaaats#spoonfeed#cafegitane#bestfoodworld#instafood#tokyofoodies#forkyeah#brunch#foodporn#cocktail#love#foodie#foodbeast#wine#dailyfoodfeed#avocado#foodandwine#likefoodnewyork#restaurant#hungryintokyo#dinner#ã‚«ãƒ•ã‚§ãƒ¬ã‚¹ãƒˆãƒ©ãƒ³#ã‚«ãƒ•ã‚§å·¡ã‚Š#æµæ¯”å¯¿#æµæ¯”å¯¿ã‚°ãƒ«ãƒ¡#æµæ¯”å¯¿å·¡ã‚Š#ç¾å‘³ã—ã„#ãƒ–ãƒ©ãƒ³ãƒ#ãƒ¯ã‚¤ãƒ³ãƒšã‚¢ãƒªãƒ³ã‚°
10,"Flax seeds have been prized for their health benefits for centuries and have lately been labeled as superfoods as well for the forte of nutritional properties that they possess. 

#FreshMenu #Flaxseeds #Nutrition #NutritionTips #HealthBenefits #RealGoodFit
.
.
.
#FreshFoodie #Bangalore #FoodBlogger #Foodstagram #Instagood #Mumbai #Delhi #Bangalore #Recipe #Healthy #Lunch #Dinner #FoodForThought #Breakfast #Gurgaon #Bangalorefood #MumbaiFoodLovers #DelhiFoodBlogger #MakeinIndia #India #Indiagram"
3,"Happy Reunion ğŸ§¡ğŸ’›ğŸ¤â¤
.
.
#nice #likes #yum #yummy #delicious #eat #food #dinner #happy #reunion #family #cny2021 #huat"
4,"ğ•‹ğ•–ğ•¤ğ•¥ğ•šğ•ğ• ğ•Ÿğ•š ğ•¡ğ•–ğ•ğ•’ğ•Ÿğ•˜ğ•˜ğ•’ğ•Ÿ...

#jhuzyefoodndrink #jhuzyeboba #jhuzyelovers #jhuzyegeprek #thankyou#food #foodporn #yum #instafood #yummy #amazing #instagood #photooftheday #sweet #dinner #lunch #breakfast #fresh #tasty #foodie #delish #delicious #eating #foodpic #foodpics #eat #hungry #foodgasm #hot #foods"
8,"Pasta con carne molida con vainitas y zanahorias. 
#pasta #food #foodporn #italianfood #foodie #pizza #instafood #pastalover #foodphotography #foodblogger #yummy #foodstagram #dinner #foodlover #homemade #delicious #spaghetti #italy #instagood #italian #cucinaitaliana #cooking #love #chef #healthyfood #cheese #italia #Venezuela #chile"
7,"Easy, fast and delicious.
Braciola, best Sicilian snackğŸ‘Œâ¤ï¸
.
.
#braciolemtl #montreal #sicily #food #foodporn #foodie #instafood #foodphotography #foodstagram #yummy #instagood #love #follow #foodblogger #foodlover #like #delicious #homemade #healthyfood #photooftheday #picoftheday #dinner #foodgasm #foodies #tasty #cooking #instadaily #genuine
#tastemontreal",@aiden.fx Lockdown got more interesting when I decided to invest $800 and now I just got a profit of $8500 in five days @aiden.fx
