3,"Letâ€™s do another 8 rounds.  Iâ€™ve seen great results through the 1st 8.  @joelfreemanfitness 

#fitnessmotivation #fitnessjourney #plantbasedathlete #flexitarian #changeyourmindset #changeyourlife #triathlontraining",Amazing ğŸ˜ dm ğŸ”› @modelworld360
165,"Every year in the UK alone, around 95,000 male calves are killed within 24 hours of birth as it is cheaper for farmers to kill the animals immediately than sell them for veal.
ğŸ¥›âŒğŸ¥›âŒğŸ¥›âŒğŸ¥›
Rpâ€¢ @throw.away.acount #dairyiscruel #februdairy #cows #gotmilk #teamdairy #dairyfarming #februdairy2021 #animalabuseawareness #babyanimalstagram #milkchallenge #teamdairy #sadvideosğŸ˜­ğŸ˜¢ğŸ’” #disgustinghumans #animalabuserssuck #kindnessismagic #bekindtoanimals #bekindtooneanother #bekindtoothers #dairyfree #flexitarian #flexitariano #flexitarianfood #iloveanimalsğŸ¾ #rspcaapproved #dessertsofinstagramğŸ§ #ditchthedairy #vegetarianfoodshare #vegetarianlife #vegetarianrecipeshare #vegetarianlifestyleğŸŒ± #goveganfortheanimalsğŸ’šğŸ·ğŸ®ğŸ£ğŸ–ğŸ—ğŸ°ğŸ”ğŸŸğŸ¬ğŸ‹ğŸµğŸğŸğŸ•ğŸ±ğŸ’š",Iâ€™m disgusted in farmers. Start growing instead of killing. Help save the planet and animals. Not kill everything ğŸ¤¬,itâ€™s more about consumers rather than farmers I believe ğŸ’”ğŸ’”ğŸ’”,Dairy industry = veal and beef industry,"Fucking gutless farmers. Canâ€™t even be around when someone else does their dirty work, so they go shopping.",Proud to be vegan,Shocking,They killed them????ğŸ˜ ğŸ˜ ğŸ˜ ğŸ˜¢ğŸ˜¢ğŸ˜¢ğŸ˜¢ğŸ˜¢ğŸ˜¢ğŸ˜¢
6,"Oh yeah.... This Chick'un burger is the one you have been waiting for! 

This plant based Chick'un burger is all YUM! 

#plantbased #Chickun #plantpowered #veganfriendly #vegetarian #flexitarian #"
3,Baby girl made dinner for Dale and I. Delish!!! Honey mustard glazed salmon with lemon pepper broccoli and mashed potatoes. I had to taste test the salmon bc Ms. Vegan @theblaquegoddess would not. This flexitarian is here for it all! #veganchef #flexitarian #pescatarian #deliciousfood #delicious #deliciousandnutritious #favoritedaughter #fridayvibes #venusday #transformation #salmondinner,My pleasure Mother
360,Got @modpizza for dinner tonight. We haven't gone out for dinner in a long time. It was delicious ğŸ¤¤,Havenâ€™t had pineapple on pizza in so long. Thanks for reminding me about it. We still canâ€™t go anywhere here but at least I can make at home!!!,Omg there's some here in Dallas (and near me)..never had it...but ummm it's going down  tonight! Thanks for posting,#vegan #veganfood #easyveganrecipes #plantbased #plantbaseddiet #plantbasedlifestyle #whatveganseat #vegansofig #flexitarian #vegetarian #veganfoodshare #veganinstaclub #dairyfree #weightlossmeals #weightlossjourney #modpizza #junkfoodvegan #veganjunkfood #fatvegan #whatfatveganseat #veganpizza #pizzafriday,I have yet to try @modpizza! Shame on me...looks like Iâ€™m missing out!!!! ğŸ˜
22,"Want a way to make wiser decisions that can lead to weight loss or weight maintenance? Click the link in the bio for the latest video on my channel!

The F.A.T.S. Formula is a simple concept that I use to keep my caloric intake in check while also being able to ""live a little!"" This method requires no calorie counting and is easy to remember and apply to daily living to help you make wiser food choices. 
#microlocsandmore
#hairhealthandhappiness
.
.
.
.
.
.
.
.
.
.
#weightloss #weightlossjourney
#weightlosstransformation #health #healthylifestyle #healthy #healthyrecipes #healthy eating #healthyliving  #healthandwellness #healthtips #healthjourney #healthtips #healthiswealth #healthyish #healthgoals #healthandfitness #healthandbeauty #healthyfoodie  #microlocs #locjourney #naturalhair #naturalhairstyles #finehair #healthyhair #balance #lowsodium #low-carb #flexitarian",Love it â¤ï¸Dm us @_weightloss_transformation,That was really good ... I just saw your video ... Iâ€™m going to try it ...
16,"#Lunches this week were again my favourite @mississippivegan Chickpea Avocado Salad. Sans avocado. Served over leaf lettuce with a little apple cider vinaigrette. Perfection.

https://www.mississippivegan.com/chickpea-avocado-salad

#instagood #instafood #foodstagram #foodporn #foodie #eatwellbewell #eattherainbow #eatyourveggies #meatless #veganrecipes #veganmeals #vegetarian #flexitarian #feedyoursoul #mealplan #mealplanning",The best!!
46,"Thoughts On The #ImpossibleWhopper ? I'm Addicted. ğŸ¤¤
.
.
.
.
.
.
#foodporn#foodie #instafood  #foodphotography #foodblogger #foodlover #foodstagram #delicious #veggieburger #burger#HealthAndFitness #flexitarian#EatToLive #vegetarian #PlantBurger#veganfood #plantbased #veggie #foodporn #foodie #food #instafood #healthyfood #burgers #whatFlexitarianseat #Whooper#BurgerKing #foodstagram #veggiefood #cheeseburger  #blessedhumbleandthankful",I love them!,Please research the ingredients ğŸ•µğŸ¾â˜¯ğŸ˜³,It tastes pretty good to me.,They taste like cardboard,Love them! ğŸ¤—ğŸ¤—
116,"What does animal-free dairy protein taste like? 

Nothing! It doesn't have a flavor. ğŸ¤¯ 

Our animal-free dairy protein is specifically an animal-free whey protein isolate. Pure whey protein isolate (no matter how it's made) is as neutral a flavor as you can get. Pea, soy, and other plant-based protein isolates tend to have a strong taste that needs extra ingredients to mask. 

Fats and sugars are responsible for dairy products' flavor, while the dairy protein provides the structure. The protein is how milk and cream can transform into everything from your morning latte to cream cheese to mozzarella. We provide partners our animal-free dairy protein to then craft delicious, indulgent dairy products that are just as tasty as good for the planet. 

Contains: milk protein.",".
.
.
.
#KinderGreenerDairy #animalfreedairy #animalfree #PerfectDay #foodtech #alternativeprotein #foodscience #scicommunity #scicomm #sciencecommunication #scienceiscool #sciencefacts #innovationnation #foodservice #sustainabledairy #milkprotein #moofree	#dairyproducts #dairyfood #flexitarian",When can I buy perfectdayfoods dairy products other than ice cream?,Come to Barcelona already!!!,I'm confused.  How is it animal-free if it's from milk?
210,"The ultimate plant-based platter ğŸ™ŒğŸˆ Load up some nachos with our Beefy Crumble, air fry some Alpha Nuggets or grill up our burritos - we've got everything you need for some serious snacking.

Let us know below what you will be cooking up, and if it's the half-time show or the main event that you're most excited to see ğŸ˜‰",#fingerfood #appetizers #nuggets #nfl #superbowlsnacks #superbowl #superbowlsunday #Meatlessrecipes #veganizedmeals #plantbased #vegan #veganrecipes #meatlessmonday #easyrecipes #eatvegan #eatplants #flexitarian #vegetarian #VeganFoodShare #plantpowered #healthyfoodporn #vegansofig,What a dream ğŸ¤¤,Everyone stop eating.. I'm on my way!ğŸ¤¤
24,"For this colorful dish ğŸ§¡ğŸ’šI was inspired by a few different posts Iâ€™d saved but couldnâ€™t make a complicated  sauce since I wanted something super simple and quick with whatever ingredients I had. 

Features 
Koginut squash from @samascottorchards 
Cabbage from @norwichmeadowsfarm 
Onion from @centralvalleyfarm 
Blue oyster Mushrooms from @smallhold 
Broccoli raab from @4thstreetfoodcoop 

Hereâ€™s what I did.
1. Boiled the bean pasta (only likes like 3 mins much shorter than regular pasta) and started to steam the cubed koginut squash over the boiling pasta
2. SauteÌed onions and garlic in olive oil.
3. Drained pasta and started sort of steaming/ low boiling the squash in the same pot with a half inch of water
4. Added chopped mushrooms to garlic and onion.
5. Added slivered cabbage and raab a few minutes later.
6. Stirred together sauce: 
I think I used 2 tbsp soy sauce, 1.5 tbsp maple syrup, 2 tsp hot sauce, 2 tbsp vinegar, 4 tsp starch (tapioca), 2-4 tbsp sesame seeds and some water. (Not my idea, borrowed from a few recipes!) 
7. Add sliced tempeh to the pan.
8. Once veggies and tempeh are cooked, turn down heat and stir in the sauce and noodles and squash.","#buylocal #shoplocal #localproduce #knowyourfarmer  #seasonalfoods #farmersmarket 

#meatlessmonday 
#whatvegetarianseat #vegetarianfortheplanet #flexitarian #omnivoreapproved #nomeatnoproblem 

#plantbased #plantbasednutrition #plantbasedrecipes #eatmoreplants #plantstrong #reducitarian 

#whatsfordinner
#noodles #nofoodwaste #zerowastekitchen #zerowaste  #zerowasteliving 

 #sustainableeats #sustainablefood  #noplanetb  #climatecrisis 
#greensgrainsbeans #beanqueen",Thanks a lot for this. I love your feed. Keep it up! â­ğŸ˜
13,"One of my favorite things to do is to take a bunch of things I find in my fridge and and pantry and put them into a bowl!

For this bowl I wanted to make something super easy and quick while leaving myself some leftovers for the next day.

Elements:
- Annie's white cheddar pasta (yum) ğŸ§€
- Pan fried zucchini and brocolli with soy sauce, garlic and chilli ğŸŒ¶ ğŸ¥¦
- Roasted sweet potato seasoned with salt, pepper and Tajin ğŸ 

This was super filling and it left with some different pieces that I could mix and match with other things.

#schoolproject #vegitarian #flexitarian #pescatarian #vegetables #plantbased #sustainability #eat #food #happy #life #blog #foodblog #calgary #yyc #mru #yummy #spicy #bowl",Broccoli ğŸ¥¦ yum looks really good!,Good idea for a on-the-go or busy person ğŸ¥‡
3,Attention all Health Bear lovers! Which flavors have you tried so far? We love knowing. #oatmeal #healthbear #porridge #glutenfree #gf #healthy #Vegan #Vegetarian #Plantbased #Flexitarian
53,Planning out your Super Bowl spread? Add these easy to make dairy free bite size snacks to the list! Recipe link in bio. ğŸ˜ƒ  #plantbased #superbowl #snacks #dairyfree #cheese #lactosefree #flexitarian #veganfriendly #cashewcheese #nuttinordinary
48,"Golden on the outside, tender on the insideâ€”our crispy jack nuggets are just the way you like 'em, any way you dip 'em!

#jackandannies #plantbased #wholeplants #cleanmeat #vegan #vegetarian #meatless #flexitarian #jackfruit #nuggets",@jozefism these are the nuggets I was telling you about! I went to Wegmanâ€™s again this week to grab you a box and they were out. Testimony to the greatness ğŸ™Œ,I canâ€™t wait to try these!
68,"Smoothie Bowl Fridays! Just ya old typical strawberry bannana smoothie. No added sugar, vegan, and colorful. Check the simple recipe I use to make this yummy smoothie. Please like, comment, share, and follow ğŸ˜‹.
.
.
Recipe:
. 2 cups of frozen strawberry 
. 1 1/2 frozen bannana 
. 1 cup of unsweetened almond milk 

And voila. Docorate with preferred toppings
.
.
.
.
.
.
.
.
.
.
.
.
#smoothie #smoothiebowl #smoothiefriday #vegan #recipes #vegetarian #yummy #yummyfood #instasmoothie #instagood #instagram #instadaily #blackcooks #blackhistorymonth #foodie #foodiesofinstagram #instafoodie #foodporn #foodpornography #foodislife #homemade #homemadefood #breakfastideas #lunchideas #flexitarian #thehaitianflexitarian_yum #tasty #delish 
ğŸ“·@thehaitianflexitarian_yum"
9,"Plant Based Fish Fillets! Doing what we can to keep the fish in the ocean! 

#plantbased #fishless #tastelikefishfillets #naterian #veggiepower #plantpowered #veganfriendly #vegan # vegetarian #flexitarian #flexifridays #nomeat #meatlessmondays"
49,"ğŸŒ¶Itâ€™s Friday & we are just Chillinâ€™! ğŸŒ¶ 
There are few things more comforting than a warm bowl of chili after a long work week. Spice it up with some of our Longeve Original Plant-Based Protein Crumbles! How do you spice up your chili? ğŸ˜","â€¢
â€¢
â€¢
â€¢
â€¢
â€¢
#longevebrands #plantbasedchili #cleaneating #cleaneatingideas #cleaneats #flexitarianlife #flexitarian #meatlessmeals #plantbased #proteincrumbles #plantbasedmeat #recipeoftheday #chiliseason"
19,"Lentil Bolognese anyone? 

This is the first time Iâ€™ve tried cooking with lentils and it was fab!

Super healthy and super tasty, what more do you want on a Friday evening? ğŸ˜… 

Iâ€™ll get the recipe up and posted over the weekend so keep your eyes peeled! 

I also used a @knorruk tomato & paprika stock pot in this which worked great! 

#lentils #glutenfree #comfortfood #glutenfreerecipes #glutenfreefood #glutenfreeveganfood #spaghetti #glutenfreelife #glutenfreesafe #glutenfreeblogger #glutenfreediet #coeliac #coeliacdisease #coeliacuk #coeliacfriendly #coeliacfoodie #coeliacsafe #coeliacsofinstagram #coeliacblogger #coeliacdiet #coeliacliving #glutenfreenottingham #coeliacnottingham #dairyfree #eggfree #meatfreemeals #flexitarian #imabitveggie #meatfreemeateater"
46,"I'm not fancy when it comes to avocado on toast - just a splash of lime, chopped onion, sliced tomato, a few chilli flakes and lots of salt & pepper. Also, not to forget a little balsamic glaze. 

Steps are rubbish again today, and you know what...I'm not even going to do a work out to counter act it. It's Friday night and I'm going to chill out.

#countingcalories #caloriesincaloriesout #caloriecounting #caloriedeficit #caloriecontrolled #nutracheck #nutracheckuk #fooddiary #foodoptimising #food #foodblog #foodblogger #slimmingworld #flexitarian #healthylifestyle #balanceddiet #balancedlifestyle #lifestyle #fridaynightfood #meatfree #calorie #instadaily #instafood #instafoodie #avocadotoast"
78,"Hey championsâ€¦
Wanna see how to cook up our banging vegan â€˜Burger Experience meal kitâ€™? ğŸŒ± Hereâ€™s a quick vid to get you drooling ğŸ¤¤ 
Hope yaâ€™ll like it. Order your kit now from >>> @greatfood2u.co.uk and get cooking ğŸ˜‹
Link in bio. 
.
.
.
.
#vegan #food #veganmeat #flexitarian #valentinesday #veganfastfood #ukvegans #veganmovement #mealkits 
#foodbox  #foodie #foodporn #fooddelivery #instafood #gf2u #foodstagram #foodphotography #takeaway #foodblogger #box #foodlover #foodpackaging #subscriptionaddiction #veganuary",Delicious ğŸ˜‹ğŸ˜‹
58,"âœ¨Soup for dinnerâœ¨

Made with boiled broccoli stems and roasted sweet potato, carrots and bell peppers! (It was all blended so you just gonna have to believe me on this one ğŸ˜‰)

For the liquid I used soy milk and the flavor agents were salt, pepper, rosemary, fresh basil, nooch and my spicy friend sriracha ğŸŒ¶

What a great way to end the week!!

Have a wonderful weekend everyone ğŸ§¡

#lightplate#vegan#plantbased#recipes#cooking#veganfood#healthy#healthyliving#foodporn#poweredbyplants#veganlife#cleaneating#eatforabs#vegansofinstagram#vegetarian#flexitarian#healthyfood#instafood#fruitsandveggies#vegancommunity#crueltyfree#veganism#VeganInstaClub#soup",Finally u using that chilly sauce ğŸ˜‚â¤ï¸â¤ï¸â¤ï¸,This looks gorgeous ğŸ¤¤
44,"Lebanese Mezze Fest from @flaxandkale ğŸ“Barcelona
Rainbow hummus (original + blue spirulina + turmeric + beetroot), crunchy chickpeas, pita bread focaccia style, plant-based â€˜meatballsâ€™, plant-based â€˜moorishâ€™ skewers, roasted grapes, ras el hanout olives, baked mushrooms, raw vegetable cruditÃ©s

#foodphotography #chefsofinstagram #chef #restaurant #eat #foodie #food #foodporn #foodstagram #lebanesefood #flexitarian #flexitariandiet #barcelona #bcn #bcnfood",ğŸ˜ eating the rainbow yum!,This looks perfectğŸ˜
65,"ğ“ˆ’ğ“¸

ğ“‡   VEGAN QUICHE  ğ“‡ 

*Ì£Ì©â‹†

This recipe is inspired by @_theplantfeast_ .
I really love her quiche recipe so I've made it many times.
Today I don't use miso. 
And I addition paprika powder, dijon mustard and more sakekasu than her recipe.
Of course I love it so much!!â¤ï¸
Contained vegetables are onion, mushroom, broccoli, dry tomato, and kale.
So yummmmm!!â¤ï¸

*Ì£Ì©â‹†

#ãªã¾ãˆã®ã„ã‚‰ãªã„ã‚„ã•ã—ã„ã”ã¯ã‚“ 

*Ì£Ì©â‹†"
14,"Well, itâ€™s been a while - but this was worth posting about! An amazing feast from @gauthierinsoho, delivered today and ready to finish (warm and plate up) at home. Weâ€™ve only had about half of the food so far, as the box contains a gourmet 8 course menu for 4 people - amazing value at Â£75 inc delivery. Totally recommend - absolutely amazing Michelin-starred food to eat at home! What a treat! ğŸ˜‹ If you fancy trying it yourself, use this referral code for Â£10 off http://gauthierwines.refr.cc/beatricef
.
.
.
.
#plantbased #veganontuesdays #parttimevegan #whatdoveganseat #whatveganseat #plantbasedfortheplanet #plantbasedforhealth #wholefoodsplantbased #wholefoodplantbaseddiet #plantpower #mostlyvegan #plantpowered #veganinspo #veganrecipes #veganrunner #vegandad #veganmum #eatplants #teamgamechangers #goodoldvegan #flexitarian #healthyvegan",In! I wonder if they deliver to Anglesey...,Such a good idea! ğŸ’¡
897,"Kick-off the weekend with more excellent plant-based news! @starbucks created a 100% plant-based test store in Seattle to trial meatless and dairy-free products, @mcdonalds quietly rolled out the McPlant burger in their test markets Sweden & Denmark, @benandjerrys continues their stellar dairy-free line with the addition of â€˜Phish Foodâ€™, and @unrealdeli vegan deli meats are now available at over 1,000 stores nationwide including @wegmans, @FreshThyme, @HEB, @WholeFoods, @GiantFood, and @ralphsgrocery. So many delicious ways to enjoy #MeatlessMonday and beyond!
.
.
.
#starbucks #unrealdeli #mcdonalds #benandjerrys #phishfood #veganicecream #dairyfree #breakfastsandwich #coffeelovers #plantbasedeating #flexitarian #fastfood #icecream #burgers #mcdonaldsburgers #dairyfreemilk #almondmilk #oatmilk",Thank you for shouting us out with such great company! â¤ï¸ğŸŒ±,Omg if there is a vegan pastrami I will be sooo happy! ğŸ¥ºğŸ’–ğŸ‰,Ben and Jerry ğŸ’•,Hurry up already McDonald's,So awesome love it all!!,So cool!!! Canâ€™t wait for more from Starbucks,I'm excited to try @unrealdeli ğŸ¤—,@heb will we see these in San Antonio??? At the Quarry??? ğŸ˜ğŸ˜ğŸ˜ğŸ˜ğŸ˜ğŸ˜ğŸ˜ğŸ˜,@mcdonalds needs to use a vegan oil for fries!!! Seriously ridiculous to not even have vegan French fries.
25,"VEGAN BANH MI ğŸ¥–

By no means traditional, and definitely not authentic....but it was still incredibly delicious! Vegan everything, even the basil mayo. This will get meat eaters giving two thumbs up in approval. Yeah, I put basil mayo in my banh mi! 
.
.
.
.
.
#foodie #foodphotography #instafood #banhmi #veganbanhmi #foodstagram #vegansandwich #sandwiches #homemade #kitchenbaharat #lunch #foodlover #vegetarianfood #plantbased #ilovefood #vegetarian #thefeedfeed #vegetarianrecipes #meatlessmeals #eatingfortheinsta #carbohydrates #eeeeeats #realfood #homecook #healthycooking #pasta #banhmisandwich #foodtrends #foodideas #flexitarian",Yummy! What a great idea ğŸ¤—,Whatâ€™s the meat replacement?
96,"Ambassador @seannastelonfitness is a part of our #FullofCrop fam - are you? Our founders were pioneers in plant-based when they founded PlantFusion. They wanted a vegan protein powder that went far beyond what was available on the market. Something that not only tasted great, but was nutrient rich as well. â €
â €
Years later, with the shelves and our social feeds full of supplements, powders, and vitamins, we're sticking to our roots. Our growing product lines are still totally plant-based, delicious, and full of plant-based crops to nourish your body and make you feel your best. â €
â €
What are some things in your life that help you to feel your best?",Great tee shirt!!!,Love the plant based collagen Sean told me about â€¼ï¸,The best of the best!!!!!,#PlantFusion #PlantBased #PlantBasedProtein #ProteinPowder #VeganProtein #VeganProteinPowder #Supplements #GutHealth #Nutrition #Wellness #Fitness #WellnessJourney #WellnessGoals #FitnessGoals #NutritionGoals #WholeFoods #WholeFoodsMarket #VeganRecipeShare #Vegetarian #Flexitarian #KetoProteinPowder #KetoFriendly #GMOFree #NonGMO #SugarFreeProtein #PlantBasedFood #PlantBasedDiet #PlantBasedLifestyle #PlantBasedSupplements,Definitely my @plantfusion  vitamins and minerals- protein and collagen,The best and only supplements Iâ€™m rocking with! âœŠğŸ“ˆğŸ’ª thankful for @plantfusion for definitely helping me feel my best!
14,"Hamburger Patty, Mashed Potatoes and Carrots #yummyfood #food #foodphotography #foodie #foodporn #instafood #instagramfood #yummyinmytummy #flexitarianfood #flexitarianfoodie #flexitarian #foodoftheday #hamburger #hamburgerpatty #mashedpotatoes #carrots #dinner #cooking #supper #ilovefood #ilovethisfood #ilovefoods #yummygoodness #photooftheday #getinmybelly #foodstagram #friyay #friday"
121,"Happy Heart Health Month to all of us! â¤ï¸ I thought this picture is fitting because part of loving yourself is taking care of yourself!

My family history includes many heart health issues and several heart attacks. So I do everything I can to help keep my ticker strong. ğŸ‘Š

This includes:
ğŸ’œEating lots of fruits, veggies, whole grains, lean proteins, and healthy fats. These foods make up a healthy diet. Some of my fave ways to get in fruits and veggies are to make nice cream from frozen bananas and to blend up smoothies. ğŸ˜‹

â™¥ï¸ Getting in more movement. Iâ€™ve recently been recovering from a back injury, but in normal times youâ€™ll find me walking and doing yoga and Pilates. ğŸ§˜â€â™€ï¸ 

â¤ï¸ Spending time with loved ones. A less-stressed life is good for your heart! I just took a break to chat with my hubby, and cuddling my kitties also reduces my stress levels. ğŸ˜»

Now tell me: How are YOU taking care of your heart health? ğŸ¥°

PS This pic was taken in Hilton Head Island by @mrsdtoole, after several days in the sunâ€”pre-pandemic, of course!",Totally agree ğŸ™ŒğŸ™Œ,Love all of these tips!! â¤ï¸â¤ï¸â¤ï¸,"Love love these tips! Also, canâ€™t get over how beautiful you are sweet Amy! ğŸ˜˜ xoxo",Great tips! ğŸ™Œ,I have a family history of heart health issues as well. So important to raise awareness on this.,That was such a great trip! Miss you!,Beautiful! Thank you for sharing wonderful tips!,You look so beautiful â˜ºï¸ thanks for sharing,Movement for me is huge. It definitely helps. Along with a lot of veggies of course. Looking fabulous friend! Bring back those travels again soon.,Getting more marine-based omega-3s is a great way to help your heart!,Yesâ€”mine too unfortunately. I do all of the above and also reduce stress with laughing and #selfcare â¤ï¸,#hearthealth #hearthealthmonth #americanheartmonth #hearthealthyfood #dietitiansofinstagram #nutritiontips #wholefoodplantbased #plantbasedmeals #plantbasednutrition #vegan #vegetarian #flexitarian #pescatarian #rdchat #selfcare #selflove #selflovejourney
28,"#repost 
Check out @mammasugarlips recent post involving our delicious Simpleas Mince and all of their incredible benefits ğŸ˜ƒğŸŒ±! 

For more, check out the post! 

#glutenfree #Simpleasmince #Simpleasplantbased #Veganuary #meatfree #vegan #meatsubstitute #flexitarian #plantbased #vegetarian #sustainable #veggiemince #peamince #fieldgrownmince #positivenutrition #futurefoods #nonGM #healthyeating #storecupboardbasics #synfree #highfibre #nosoya #healthyfood #norfolk #peas #peasnacks #highfibre #discountcode #veganuarydiscount #freefromuary",Canâ€™t wait to get cooking with it ğŸ‘ŒğŸ½ğŸ’š
26,"ğŸ’›ğŸ’›ğŸ’›ğŸ’›ğŸ’›ğŸ’›ğŸ’›ğŸ’›ğŸ’›ğŸ’›ğŸ’›

#makeuplover #makeuplook #makeup #blondehair #werbungwegenmarkennennung 
@colourpopcosmetics @kathleenlights #eyeshadowpalette #sojadedpalette #lippencil #prettyfresh #tintedmoisturizer #highlighter #flexitarian 
@doseofcolors #lipgloss 
@haticeschmidt @lovcosmetics #bronzer"
207,"ğŸŒŸ DINNER ğŸŒŸ 

KFC Fakeaway tonight made with @quorn_uk southern fried burger, ketchup, spinach, English muffin and a side of @mccainuk french fries - approx 530 cals and approx 17g protein

I keep seeing the @kfc_uki quorn vegan burger which I really want to try but so sad the bun has sesame in it ğŸ˜¢

#kfcfakeaway #fakeaway #weightlossfood #weightlossmeals 
#weightlossuk #weightlosscommunity #weightlossjourney #weightlossfamily #weightlosssupport #weightlossblog #intuitiveeating #caloriedeficit #caloriecounting #caloriecountinguk #caloriecountingjourney #caloriecountingblogger #flexitarian #ibs #fodmap #nutracheckjourney #nutracheckuk #jekccsupport #ENnetworking #gsgnetworking #jdslimmingsupport #spempowermentnetworking #shellswsg #kayesadopteddaughters #kcalkillers",Could you not take your own bun to replace it ğŸ˜Š this looks nice xx,Looks great babe ğŸ˜˜ are you allergic to sesame? Xxx,Love a burger ğŸ˜ğŸ˜ğŸ˜,Oh wow this looks so good ğŸ¤¤,Lovely ğŸ˜ğŸ˜,Love a FakeawayğŸ˜,Delicious hun ğŸ˜,Sounds much babeğŸ˜ğŸ˜˜,This looks gorgeous and so tasty ğŸ˜ğŸ˜,This looks amazing ğŸ˜ğŸ˜,Mm love these quorn burgers x,Ooo need to try them burgers ğŸ¤¤,Tasty xx,Aww this looks lush ğŸ¤¤ğŸ¤¤,Ohhh lovely ğŸ˜ğŸ˜,Delish â¤ï¸,Delish ğŸ¤¤,Ooo I didnâ€™t know they did burgers ! Will have to look at this rangeğŸ˜,This looks delish x,Chippys ğŸ’›ğŸ’›,The french fries look banging ğŸ‘ŒğŸ½,Mmm yes please ğŸ˜
19,"Friday #fakeaway ğŸ˜ Made cauliflower and chickpea curry and sag aloo - with a side of pilau rice and some poppadoms (but of shot) 
Now I'm STUFFED!

#veganuk #plantbased #meatfree #veganmanchester #flexitarian #omnivore #vegetarian #veganfakeaway"
27,Vegan steak bake and chips.  #veganuk #veganrecipes #veganboy #foodie #food #lovefood #veganfoodshare #veganfoodblog #foodblogger #foodporn #healthy #fitness #health #plantbaseddiet # #nomeat #plantbasednutrition  #flexitarian  #vegetarian  #veganfortheanimals  #veganfortheplanet  #gfv  #glutenfreevegan
66,"Friday Night Taco Night ğŸŒ® 

@thebodycoach 90 day plan Fish Finger Tacos- canâ€™t have any Mexican food without @nigellalawson JalapeÃ±o salsa ğŸŒ¶ 

#foodie #foodblogger #recipeideas #lockdowncooking #kentfoodie #the90dayplan #flexitarian #delicious #foodpic #discoveredunder5k #photooftheday #foodlover #bloggerunder1k #foodinsta #tacos #taconight #fishtacos #jalapeno #mexicanfood #homemade #fishfingers"
15,"Kennt ihr schon @alexandra_anele? Dank des Lockdowns hab ich ja eine Menge Zeit ihr Videos zu gucken. Und ich bin maximal inspiriert ğŸ˜ğŸ˜ğŸ™. 

#makeuplover #makeuplook #makeup #everydaymakeup #everydaymakeuplook #blondehair #werbungwegenmarkennennung 
@colourpopcosmetics @kathleenlights #eyeshadowpalette #sojadedpalette #highlighter #flexitarian #prettyfresh #tintedmoisturizer 
@doseofcolors #lipgloss 
@haticeschmidt @lovcosmetics #bronzer"
23,"Ich dachte, heute wirds mal ein simpler #everydaymakeuplook ğŸ¤—. Na ja fast ğŸ˜.

#makeup #makeuplook #makeuplover #everydaymakeup #blondehair #werbungwegenmarkennennung 
@colourpopcosmetics #sojadedpalette #eyeshadowpalette @kathleenlights #lippencil #foundation #prettyfresh #tintedmoisturizer #highlighter #supershock #flexitarian 
#doseofcolors r #lipgloss 
@haticeschmidt #bronzer @lovcosmetics"
7,"When your hair and make up turn out good but the video was ğŸ’©ğŸ˜‚
#tryagaintomorrow 
@colourpopcosmetics Pretty Fresh Foundation in 20n and SuperShock Highlighter in Flexitarian 
@barrymcosmetics Fresh Face Cheek & Lip Tint in Caramel Kisses 
@hudabeauty Rose Gold Remastered Palette 
@tartecosmetics Lights Camera Lashes Mascara 
@kvdveganbeauty Everlasting Liquid Lipstick in Bauhau5
#barrym #bmfreshface #freshface #cheektint #huda #hudabeauty #rosegold #rosegoldremastered #pink #pinkmakeup #colourpop #colourpopcosmetics #colourpophighlighter #flexitarian",Love your hair in this!
89,"Our take on chilli garlic tempeh inspired by @alvin_kapau @masaktv - swipe to see the cooking video 

Really tasty snack or side dish. Yes this is a deep fried dish but why not, once in a while it's okay (and tempeh is really good for you)! ğŸ˜‹

Here are the ingredients in English 

* 400gr Fresh Tempeh 

Mixed batter:
* 5 tbs white flour
* 1 tbs rice flour 
* 1 tsp coriander powder 
* 1 tsp white pepper 
* 1/2 tsp garlic powder 
* water to make medium thick paste batter

Garnish:
* fresh minced garlic (10 cloves) fried and added at the end.
* chillies 
* spring onions 
* onion
* pinch of salt 
* pinch of sugar
* pinch of veg powder 

You can buy our tempeh from our website, @vegana_marketplace or @kit.eats.uk ğŸ’š

ğŸŒŸ Our tempeh is fresh and unpasteurised, produced by us in Farringdon London ğŸŒŸ
*
*
*
*
#tempeh #tempehdish #freshtempeh #indonesianfood #indonesianinuk #tempehuk #protempehuk #vegan #veganuk #flexitarian #madeinlondon #plantbased #plantprotein #probiotic #fermentation #eseaeats #tempehlover","I am from rescue animals clothes brand, we are seeing you are a great fit to be a brand representative. Please talk to the branding supervisor if you are interested. Check out my bio."
27,"Dinner is ready ğŸ˜Š zucchini noodles, whole-wheat spaghetti, tomatoes and tempeh ğŸ˜‹

La cena estÃ¡ lista ğŸ˜Š espaguetis de calabacÃ­n, pasta integral, tomates y tempeh ğŸ˜‹

#weightloss #weightlossmaintenance #weightlossmotivation #weightlosssupport #fooddiary #foodlover #foodblogger #healthyfood #healthyhabits #healthylife #healthylifestyle #healthychoices #veganfood #vegetarianfood #flexitarian #weightlossjourney #foodie #foodies #foodporn #foodgasm #foodinstagram #foodinspiration #whatieat #adelgazar #vidasana #comidasana #comidavegetariana #comidavegana"
24,"#pizzanightğŸ•

Will come back for more information about ingredientsğŸ˜, for now, feast your eyesğŸ˜ğŸ˜œğŸ˜‹ #yum #homemade
_
Stir fry @lindamccartneyfoods vegetarian shredded hoisin duck with #woodlandmushrooms #onions #springonions @aldiuk tomato passata #vinetomatoes, #mozzallera and @morrisons #garlicflatbread
_
#foodphotography #instaphoto #foodie #londonfoodie #instagramfood #flexitarian #vegetarian #vegan #healthyfood #foodgasm #foodpic #dinner #foodlover #foodblogfeed #tasty #hungry  #foodblog #nomnom",This looks amazing ğŸ˜
11,"ğŸ§¼ğŸ’¦ğŸŒ Thanks to that virus that shall not be named, Iâ€™m washing my hands like crazy! One day while washing my hands with whatever store-bought soap was on sale at the time, I realized I wanted to be more responsible with my soap buying choices. So I found these cute little pump lids that attach to a standard size mason jar (which I have a million of because I thought how fun would it be to make mason jar candles? Itâ€™s not fun. Itâ€™s super hard. I managed to produce one candle and decided itâ€™s not for meğŸ¤£) and then it was on to the soap. I wanted to find a company that was natural, environmentally responsible, ethically sourced, cruelty free, and gentle on my poor finicky skin. Hello @drbronner ğŸ’™ This company ticks all my boxes and then some! When I read their story I fell in love. In addition to their commitment to the environment, the way they support all these different important causes is incredible and something you donâ€™t see often. This statement really struck something in me, â€œTo heal, make whole, become one, these are all one and the same. For people suffering from PTSD, depression, addiction and end-of-life anxiety, it means holding all that we are, light and shadow, blessings and pain, and bearing it with patience, acceptance and love until it is transformed and we become whole again.â€ I have received some pretty significant blows in my life and have struggled with PTSD, depression and anxiety. I am lucky to have a strong support system in my family and friends and access to a great doctor and therapist, but I know others do not. Dr. Bronnerâ€™s will now and forever be special to me for supporting this community. I canâ€™t say enough good things about this company. Be Kind â™¥ï¸ğŸ™ğŸª´ğŸ’«ğŸ§¿ #canada #yeg #wholefood #plantbased #vegan #organic #vegetarian #flexitarian #nutfree #glutenfree #nongmo #foodismedicine #allergies #microbiome #sustainability #reducereuserecycle #drbronners #ethical #fairtrade #natural #gogreen #healsoul #allone #mentalhealth #notanadjustafan"
18,"â€œWhen you look at yourself through shattered lenses, you look shatteredâ€ - Geneen Roth

Perhaps itâ€™s time for new lenses so you can see all that is good in your life. Even if itâ€™s just small things right now, allow yourself to celebrate the small things âœ¨",#tampamom #holistichealthcoach #tampabae #redefineyourself #lifeafterdivorce #happilydivorced #healthyliving #millenialmom #healthylifestyle #bringthejoy #flexitarian #motherhoodunfiltered #motherhoodunplugged #coparenting #momsohard #declutteryourlife  #healthylifestyle #consciousdiscipline,"Ooh this is so good ğŸ™ŒğŸ» instead of trying to fix everything else, we should start by fixing the way we see ourselves âœ¨ğŸ’—"
22,"Butternut squash with bacon and creme fraiche - normally a favourite but after my 3rd Veganuary and 2 meat free January's before that  I'm finding it less appealing to  eat meat again this year.

But it's still hard  to work out the practicalities when the rest of the family still want to eat it and are getting more and more resistant to my efforts to reduce, suddenly deciding they don't like some vegetable based meals they have previously eaten quite happily - just for the sake of being stubborn as far as I can tell.

#veganuary #flexitarian #homemade #dinner #butternutsquash #lesswaste #plantbased #tryingtodomore",Its so frustrating isn't it. When I met my husband I was a vegetarian but he is SOOO fussy and the days to short to cook different meals. He doesn't consider it a meal unless there is meat in it and once there was nearly a divorce over carrots ğŸ™„ğŸ˜†
17,"Green lentil #curry with #mushrooms and #vegetables (carrots, broccoli, cauliflower, kale). January or #veguary #challenge has passed but the mostly #vegetarian #meals continue. Have come down as more of a #flexitarian - still need some fatty fish (salmon, sardines etc.) In my #diet. #vegetarianfood #ruoka #food #foodphotography #ruokakuva #newdiet #healthylifestyle #healthyfood #healthierchoices #curryislife #currynight #vegetarianjanuary",Looks Scrumptious ğŸ˜
162,"ğŸ‹ VEGAN CRANBERRY LEMON MUFFINS ğŸ‹â â €
â â €
These moist and mouthwatering muffins ğŸ§ are tart but sweet and perfect for anyone who enjoys cranberries year-round! â™¥ï¸ğŸ¤¤â â €
â â €
Recipe dEATS below! â¬‡ï¸â â €
â â €
Ingredients:â â €
1/2 cup Mori-Nu Silken Tofu Firm, purÃ©edâ â €
1 1/2 cups fresh cranberries, halvedâ â €
1 tbsp granulated sugarâ â €
1 flax ""egg"" (1 tbsp flax meal + 3 tbsp water)â â €
1 1/4 cup flourâ  (we used Bob's Red Mill GF 1-to-1 flour)â â €
1 cup almond flourâ â €
2 1/2 tsp baking powderâ â €
1/2 tsp baking sodaâ â €
1/2 tsp saltâ â €
1/2 cup granulated sugarâ â €
1/4 cup coconut creamâ â €
1/3 cup coconut oilâ â €
1/4 cup lemon juiceâ â €
1 tbsp lemon zestâ â €
1 tsp vanillaâ â €
â â €
Instructions:â â €
- Preheat oven to 350ÂºFâ .â â €
- Spray 12-cup muffin pan or put in liners.â â €
- In blender, purÃ©e Mori-Nu Silken Tofu Firm. If blending a full box, set aside 1/2 cup of purÃ©e for this recipe. Save rest in fridge for another use.â â €
- Mix flax meal with water and let sit for 10 min to form the flax ""egg."" Set aside.â â €
- In small bowl, mix chopped cranberries with 1 tbsp sugar. Set aside.â â €
- In large bowl, mix together dry ingredients (2 flours, baking powder, baking soda, & salt)â .â â €
- In another bowl, whisk together sugar and coconut cream until syrupy.â  Add rest of wet ingredients (coconut oil, lemon juice, lemon zest, vanilla) plus the tofu purÃ©e and flax ""egg."" Mix well.â â €
- Pour wet ingredients into dry ingredients. Mix to combine. Do NOT overmix.â â €
- Fold in cranberriesâ .â â €
- Scoop muffin batter into muffin tinsâ .â â €
- Bake at 350ÂºF for 30 minutes until toothpick inserted in center comes out clean.â â €
- Cool on cooling rack.â â €
â â €
Let us know what recipe you'd like to see us make next! ğŸ‘‡â â €
â â €
â â €
â â €
morinu.com #morinutofu #tofu #silkentofu #morinu #vegan #vegetarian #plantbased #vegansofinstagram #shelfstable #tofurecipe #tofurecipes #tetrapak #flexitarian #flexitarianfood #cranberry #cranberrymuffin #cranberrymuffins #lemonmuffin #lemonmuffins #cranberrylemon #cranberries #cranberrysauce #veganmuffin #veganmuffins #veganmuffinrecipe #dairyfreemuffins #glutenfreemuffin #glutenfreemuffins #plantbasedmuffins"
65,"Last nightâ€™s Bolognese tasted like we were transported to Italy, but it was magically made in that LA way; from lentils and brown rice.","#vegan #theplantreset #plantbased 
 #mealdelivery #organic #la #losangeles #femalechef #vegan #forksoverknives #medicalmedium #reset #cleanse #eatclean #govegan #flexitarian #recipe #veganreset #vegancleanse #mindfuleating #plantbasednutrition #nutritioncoach #la #mealdelivery #lacleanse #chef #glutenfree #bolognese #glutenfreepasta",This is my fav,Want that recipe xo,Please sign me up for plant reset week of 2/15 ğŸ‘ğŸ’•,This looks heavenlyâ¤ï¸
5,"Tonight my friends we tried @unbelievablealt Tender Chickenless Peices in our Teriyaki with sticky rice. Another day with no meat and when it tastes this good Iâ€™m not complaining 

#nomeat #teriyaki #friday #fridaynightdinner #fridaynightdinner #flexitarian #lessmeat #ukfatman #healthyfood #healthylifestyle #looseweight #getfit"
6643,"ğŸŒ®Simple Plant-based Super Bowl taco recipe coming at ya! 

But before we share it, question, have you heard of the term FLEXitarian? Itâ€™s plant-based eating that allows for a minimal amount of meat. This is what we have been doing lately at home to introduce more vegetables to our meals and consume less meat. ğŸ™Œ

Anyone else trying to incorporate more plant-based meals at home? 

Quick Plant-based Super Bowl TacosğŸŒ® (Serves 4 tacos)

Ingredients:
- 1 @Beyondmeat patty 
- @sietefoods Gluten-free hard shell tacos made w/ casava and ğŸ¥‘oil
- 1/2 c grape tomatoes, sliced
- 1/2 c cilantro, chopped
- 1 c fresh salsa de molcajete verde
- 1 avocado (to make the salsa creamy) 
- 1 Serrano Chile, sliced 

For directions, check out our stories today. This recipe is super simple to make and I bet youâ€™d never notice itâ€™s completely plant-based. ğŸ˜‰ğŸ˜‹ #plantbasedrecipes #flexitarian",Those look so yummy,Plant-based tacos are my favoriteğŸ˜,Those look delish!,How fun!!,Yum I totally want to make these tacos ğŸ˜,Omg ğŸ˜ğŸ˜ Now I want some tacos ğŸ˜â¤ï¸,Yummy! These tacos look so good,Yummy those look so delish especially the jalapeÃ±os,Yummmm these look amazing and I LOVE beyond meat! ğŸ˜»,I love tacos ! Should try your recipe ğŸ‘ğŸ»,This looks so good!!! Perfect for the big game day,Yum this looks and sounds delicious,Those tacos look so good,This looks so delicious,Yes for plant based ğŸ˜ğŸ™ŒğŸ¼ looks yummy,Mmm this looks perfect to serve for Super Bowl.,That looks so good,Ohh this is a great idea! Love plant based foods!,Plant-based-meal eater over here! And I love tacos!ğŸ˜ğŸ˜ğŸ˜,I need to try more plant based! and this looks like a good starter yum!,I need to try this wow so yummy,This looks so delicious mama,Tacos are our favorite. These look yummy,This sounds so delish!,Oh I love this ğŸ˜,I didnâ€™t realize there was a name for it but yes we do that as well!,I love that these are plant-based! Yummm!,These are so cute!! Where did you find the adorable helmet?,That taco looks yummy,Yum these sound delicious,"wow, that's so amazing! love it",Oooh I love tacos! These look yummy,Sooo Flexitarian is the word for it?! Then yup thatâ€™s me! ğŸ™‹ğŸ»â€â™€ï¸ Yummy recipe - Iâ€™ll have to give it a try!,I never heard of this term but this is exactly what I do amiga! Cada dÃ­a se aprende algo nuevo â¤ï¸,Ohhhh plant based. How awesome.,Iâ€™ve been slowly adding in plant based items too,Love anything that is plant-based! And tacos are always a good idea! ğŸ’•,Amiga they look so delicious!!!,".
.
.
#superbowlfood
#taco #tacolife #beyondmeat #superbowlparty #plantbasedrecipe #plantbasedfoods #plantbasedcooking #recipeoftheday #superbowl #plantbasedfoodie #superbowlweekend #plantbasedmeals #plantbasednutrition #superbowlsunday #tacotime #plantbasedfood #plantbasedmeal #plantbasedprotein #footballsunday #plantbasedeating #plantbased #footballfan #gobeyond #plantbasedlife #superbowlhalftimeshow #plantbasedlifestyle",Omgeeee this looks amazing!!!! ğŸ˜ğŸ˜ğŸ˜ğŸ˜,Yes we are and itâ€™s been incredible how it has helped us feel through out the day.
30,"Our tasty El Diablito jerky is so good for the environment that you'll be all smiles too! 

We're upcycling the invasive Mexican devil fish into our El Diablito jerky. Because of the fish's unique natural texture, our jerky brings ZERO fishiness but a whole bunch of flavor and good vibes! 

ğŸ“¸: @sierraschultzz 

.
.
.
.
.
.
.
.
.
#goodvibes #allsmiles #hiking #hikingadventures #getoutdoors #eldiablito #jerky #flexitarian #flexitariandiet #ditchbeef #sustainableseafood #upcycle #upcycledfood #pezdiablo #trailsnacks #hikingfood #pescatarianmeals"
55,"Curry time!! 

Homemade vegetable curry with rice and little onion bhajis. The perfect way to finish off the week!! 

#curry #currynight #homemadecurry #vegetablecurry #veggiecurry #vegancurry #rice #onionbhaji #glutenfreedinner #vegandinner 

#foodies #foodinspiration #foodlover #homemade #homecooking

#glutenfree #glutenfreefood #glutenfreevegan #glutenfreedairyfree #glutenfreefoodie #glutenfreediet #dairyfree 

#vegan #veganfood #veganfoodporn #plantbased #plantbasedfood #vegetarian #veggie #flexitarian",Yum! I had curry tonight too ğŸ˜‹,Great veggies in there
22,"Burnt Onion and Eggplant Pasta ğŸ 

Ingredients: 
2 onions
3 eggplants
Bulb of garlic
Dried mint/mint
Lemon juice
Tahini 
Ground cumin, sweet smoked paprika powder
Cherry tomatoes
2 red peppers

Method: 
Heat the oven to 200 Â°C and get out a large baking tray. Drizzle oil onto a baking sheet on the tray. Chop and quarter the onions, cut the top off of a bulb of garlic, and cut the eggplant lengthways. Use a knife to cut a cross-hatched pattern into the fleshy part of the eggplant, and dip into the oil on the tray. Make sure the onions are also covered on the pan. Lastly, cover the bulb of garlic with aluminium foil and add onto the tray. Check on it after 40 minutes, add a cup of water onto the onions, and turn the onions if necessary. Add the chopped peppers and cherry tomatoes and bake all for 20 more minutes.
Meanwhile make the sauce: Combine 2 tbsp tahini, 3 tbsp lemon juice, 2 tsp salt, 2 tsp cumin, 3 tsp pepper powder, 2 tsp mint. 
Once the tray vegetables are baked and burnt, take the tray out of the oven and let cool. Transfer the onions to a bowl that you can use with a stick blender. Then, scrape out the fleshy parts of the eggplants with a spoon and add to the bowl. Donâ€™t mind if any of the outer bits get added accidentally. You can also squeeze the skins above the bowl to get all of the flesh out. Lastly, squeeze the caramelised onions into the bowl, and add the tahini mixture. 
Mix together with a spoon and then blitz everything together until smooth and silky. Season to taste - feel free to add additional smoked paprika if necessary. Add to a pan of cooked and drained pasta, along with the roasted peppers and cherry tomatoes. Top with freshly cut parsley! 

* #vegan #veganfood #veganfoodie #veganrecipe #vegetarian #flexitarian #veganlife #veganism #plantbased #plantbasedfood #plantpower #vegetables #vegans #veganmeals #vegandinner #veganlunch #quickvegan #veganbreakfast #vegansofinstagram #veganchef #vegancook #healthyfood #dietfood #diet #nutrition #nutritionist #dieting #health #healthfood #foodporn",YESSSSSSSSS!!! this pasta looks sooooo good ğŸ”¥ğŸ”¥ğŸ”¥would love if you checked out my page tooğŸ™‚,Itâ€™s a complicated one what can I say ğŸ‘©â€ğŸ³
48,"Letâ€™s talk snacks
.
.
My kryptonite, along with evening desserts.  Trying to go back to only having two snacks a day and using the amazing ideas from @bodycoachapp ğŸ˜‹
.
.
This week I made chocolate and peanut butter fudge. What a treat!!! I donâ€™t think I will be able to resist having a couple
.
.
This beauts only have oats, peanut butter, maple syrup and chocolate protein
.
.
.
Whatâ€™s your favourite snack?
.
.
.
#snacks #healthysnacks #healthytreats #thebodycoach #bodycoachapp #refuelmeal #veggierecipes #healthyfood #healthylifestyle #sweatchallenge #sweatchallenge2021 #sweatchallengespain #balancedlife #flexitarian #realfood #realfooding #sweatapp #homeworkouts #homeworkouts 
#postpartumfitness #postpartumjourney #sweatchallengespain #fitmum #fitnesslover #couchto5k #mumrunner",I love peanut butter and rice cakes,This looks amazing! My fav at the moment is the peanut bars!!!!! So good the joe wicks ones xx,What cycle are these on x,Raisins and almonds ğŸ¤¤
9,"Pickled cucumbers is my latest craving plus it is so easy to prepare. What's in it?
- cucumber slices
- diced onions
- red pepper paste
- rice vinegar
- brown sugar
- sriracha
- ketchup

What are you craving lately? I need more food ideas. 

.
.
.
.
#healthymomlife #myfooddiary #flexitarian #pescatarian  #foodgawkers #foodfuel #familytimes #momlifebelike #happydaysâ¤ï¸ #foodpicsdaily #simplemenu #simplemeals #eatforhealth #momcooks #dailymeals #homecooking #whatwelike #eatingforinsta #breakfastfoods #pickledcucumber","#cucumberslices
#dicedonions
#redpepperpaste
#ricevinegar
#brownsugar
#sriracha
#ketchup",Cantonese chow mein!,"Yum! Love a good pickle! The sushi place around the corner from us makes a super tasty beer pickled daikon appetizer, and it's easy to make at home, too.","And for my B-day/lunar new year cravings, I'm looking forward to mom's special sticky rice chicken casserole... It's basically ç³¯ç±³é› (lo mai gai) spread out into a baking dish and steamed without the lotus leaves."
14,"I just ran a new fastest 5km, 23min 25s. So itâ€™s time to refuel!

Roast chicken, bacon, cheddar cheese, spring onions and mushrooms in a toasted sandwich served with some luxury coleslaw. Too much filling? Nope, just right!

#flexitarian #fitness #runningismytherapy #running #runnersofinstagram #healthylifestyle #homecooking #cooking #cookingathome #sandwich #toastedsandwich #foodporn #healthyfood #dontlimitfoodchoice"
94,"Guac for the gays! ğŸ˜…

Inside joke with @gluten.free.vegan.uk ... 

But boy, oh boy did these guac burgers hit the spot with sweet potato fries & vegan coleslaw.

Vegan coleslaw: a true moment after spending four years not eating it ğŸ˜",#flexiganteacher #flexigan #flexitarian #flexigandiet #flexitariandiet #veganuk #veganfooduk #glutenfreevegan #gayvegan #londonvegan #glutenfree #glutenfreemeals #glutenfreefood #glutenintolerance #plantpower #plantbased #plantbaseddiet #whatveganseat #plantbasedmeals #veganmealideas #glutenfreemealideas #freefromfood #foodintolerance #homemadefood #veganukshare #veganfoodshare #plantbasednutrition #plantbasedrecipes #plantpoweredkitchen #plantbaseduk,ğŸ˜‚ ğŸ™ŒğŸ»ğŸ™ŒğŸ»ğŸ™ŒğŸ»ğŸ™ŒğŸ» made me spit my tea just now ğŸ˜‚ that guac looks awesome! ğŸ¥‘ ğŸ¥‘ğŸ¥‘ğŸ¥‘ğŸ¥‘ğŸ¥‘ğŸ¥‘ğŸ¥‘,"Holy shit, that is a lot of guac ğŸ˜‚"
298,"Chickpea ""tuna"" salad for lunch today.
.
I mashed up chickpeas and added mayo, pickle relish, onions, celery, and nori komi furikake seasoning. I tried this for the first time about a month ago and I've been addicted ever since ğŸ¤¤",Yum ğŸ˜ğŸ˜ chickpea tuna is so weirdly addictive ğŸ˜‚ğŸ˜‚ can't believe how good it tastes ğŸ™Œ,"Looks so good, I havenâ€™t made this for a while.","My fav I do mashed chickpeas w/vegan Mayo, mustard, black pepper, dill pickle, red onion & celery",I've been meaning to do this for so long! Thanks for sharing ğŸ¤—,"I do chickpea ""chkn salad"". Same thing but mix the chickpeas with mayo, grapes and relish",I usually make it and add it to a tortilla and some arugula.,#easyveganmeals #easyveganrecipes #veganrecipeshare #plantbaseddiet #plantbasedlifestyle #plantbasedrecipe #whatveganseat #veganfoodshare #veganfoodporn #vegansofig #vegansofinstagram #vegancooking #plantpowered #poweredbyplants #herbivoreÂ  #flexitarian #plantbased #dairyfree #wfpb #vegancomfortfood #veganinstaclub #wfpbweightloss #veganweightloss #weightlossmeals #weightlossjourney #lowcaloriemeals #chickpeasalad #chickpearecipes,Yes!! One of my fave lunch go-tos! Had this today! ğŸ’š,"I've started making the chickpea ""tuna"" salad last year and I love it. I don't always have celery so I use cucumber or bell pepper sometimes :)"
54,"Fish Friday!  Quick, easy and with a collection of seasonal vegetables rich in antioxidants and phytonutrients.  Little ones will love this too, as the base vegetables are soft and the fish can be flaked once cooked.  You can use any white fish fillets and it can easily be prepared for one or for a large family.
.
White fish contains lean, high quality protein along with good levels of selenium, the antioxidant mineral required for immune health and well researched for its impact on DNA repair. 
.
This is per person
* Butter or olive oil
* 1 white fish fillet 
* 1 medium potato, diced
* 1/2 large carrot, cut into batons
* 1/2 celery stick per person, sliced
* 1 garlic clove, chopped
* a few sprigs of thyme
* 2-3 spears purple sprouting broccoli
* 100ml white wine
.
* Put the potatoes in a pan of boiling water and simmer for 10 minutes.
* In a pan, melt a knob of butter or a tbsp of olive oil and gently cook the carrots, celery, garlic and thyme for about 5 mins.
* Drain the potatoes and add them to the carrot pan.  Mix well to coat with the oil or butter.  Add a little more if the mixture is too dry.
* In a mixing bowl, spray the purple sprouting broccoli with olive oil and massage the spears to make sure they are evenly coated. This prevents burning.
* Place the mixture in a roasting pan and then nestle the fish fillets in-between. Season and add some more sprigs of thyme and a little butter or olive oil to the surface of the fillets.
* Pour the wine into the pan, cover and seal with foil and cook at 180 for 15 minutes.
#fishfriday #feelgoodfriday #fishy #lookafteryourself #flexitarian #pescatarian #nutritionmatters #nononsensenutrition #foodphotography #eatwell #stayhealthy",Do you go to the fish man in Vernham Dean on a Friday? X
10,"02/05/2021 - (36/365)

â€”finals week cheatsâ€”

- homemade oatmeal
 - 2 cups oats
 - 1 cup almond milk
 - 1.5 tbsp honey
 - cacao nibs

- 2+ tbsp of peanut butter on whole wheat bread
- brocolli w parmesan cheese
- pineapples

- soy pudding w brown sugar syrup and sago

- unsalted butter cooked onions, eggplant, & garlic
- brocolli w parmesan cheese

- combos chips (finished all ğŸ¥²)
- cheetos jalapeÃ±o (my favourite but so bad for my diet)

#whatieatinaday #cheatday #fooddiary #oatmeal #flexitariandiet #flexitarian"
15,"The ultimate Friday fakeaway. Dirty wedges. One side is Philly steak (@nakedgloryuk), the other is creamy garlic mushroom ğŸ¤¤ 

#dirtyfries 
#slimmingworld
#slimmingworlduk
#slimmingworldjourney
#slimmingworldfood
#slimmingworldfoodblog 
#slimmingworldinspiration 
#slimmingworldfoodie
#foodie
#healthyfoodie
#slimmingworlddinner
#weightlossjourney
#weightloss
#weightlossmotivation 
#healthyfood
#healthylifestyle
#healthyliving
#getinmybelly
#flexitarian
#comedinewithrhi
#vegetarian
#vegetarianrecipes
#veggie
#dinner
#slimmingworlddinner
#speedfood",Ohhh that looks good! ğŸ¤¤ğŸ¤¤
5,"letâ€™s talk about SKINâœ¨ I have had various skin issues over the years. Lookin at you, Adult AcneğŸ–•People who Iâ€™m hoping karma has a plan for affectionately call me Pizza Face ğŸ™ƒ I had tried everything you can think of. Prescriptions, Antibiotics, ProActiv, and literally everything in the drug store. The funny thing is, as soon as I stopped putting everything under the sun on my face and let it be, my face cleared up. I still have the occasional cystic acne pop up, but I can almost always link it to what Iâ€™ve been eating or if Iâ€™ve been extra stressed lately. I will share my secret weapon for those pop ups another time. My hands though, they canâ€™t seem to find what they like. Iâ€™ve tried every sensitive skin lotion and all it does is set my hands on fire. If I leave them be, they crack and bleed. And donâ€™t get me started on Covid-19 and 20 hand washes a day and repeated sanitizing - Iâ€™m surprised my hands havenâ€™t just fallen off at this point! This brings me to the lotion in my photos: BroccoFusion by Newco. Trust me. Look up all the benefits of broccoli, itâ€™s crazy. This lotion is the ONLY THING that calms my skin. I am also acutely aware that the root of all of this is likely inflammation somewhere in my body. Changing my diet has already made a huge difference in my appearance, my mood and my energy levels. I am excited for every new day in this little life of mine ğŸ¤— Be Kind â™¥ï¸ğŸ™ğŸª´ğŸ’«ğŸ§¿ #canada #yeg #wholefood #plantbased #vegan #organic #vegetarian #flexitarian #nutfree #soyfree #canolafree #glutenfree #dairyfree #allergies #acne #excema #foodismedicine #sustainability #crueltyfree #bpafree #minimalism #motherearth #broccoli #newconaturaltechnology #broccofusion #notanadjustafan"
117,"What type of sushi do you think this is? What if I told you this was RICE PUDDING dessert from @dirtcandynyc Japanese tasting menu. I wasnâ€™t planning to get it last night, the â€œto-goâ€ containers and harsh lighting certainly donâ€™t do this beautiful food justice, but man oh man did it taste insanely good. This special tasting menu ends tomorrow!
.
.
.
Courses (pictured in backward order):
ğŸ  Roasted Japanese Sweet Potato with Soy and Chive Butter and Maple Togarashi Creamy Dip
ğŸ¥¬Soft and Crunchy Tofu Salad with Little Gem Lettuce and Yuzu Tamari Dressing
ğŸ› Butternut Squash Curry Katsu with Daikon Pickles and Ginger Rice
ğŸœ Spinach Ramen with Roasted Spinach Broth and Lilac Spinach
ğŸ£ Rice Pudding Sushi with Cucumber Cake, Cream Cheese Frosting, Sweet Butternut Squash, Avocado Mousse, and Soy Sauce Caramel. It's dessert sushi!",#yelp #nycfoodgals #feedfeedvegan #japanesefood #nybucketlist #sushi #ramen #katsu #plantbased #vegan #outdoordining  #foodporndaily1 #Nycfoodie #thefeedfeed #flexitarian #outdoordiningnyc #yelpnyc #foodie #cheatmeal #veganaf #eatingfortheinsta #plantbased #foodilysm #instavegan #vegetariana #photooftheday #nycfoodblogger #eeeeeats #veganfoodporn #tastingmenu,Never had rice pudding dessert,That is so cool,Oh wow!!! That is unique!,Omg this looks amazinf,"Still gotta make it over here, looks incredible!"
22,To say Iâ€™m looking forward to this is a bit of an understatement @vivera_uk @lodough.co #vegan #veganfood #vegetarian #flexitarian #wwuk #wwblueplan,Was it nice? Ive not tried this one x
161,"Thai Lemongrass Coconut Soup with Seared Scallops. 

We ventured slightly away from the traditional Tom Kha and Tom Yum soup and created a fusion of this popular Thai tradition. 

Made with Thai chilis, lemongrass, red sweet peppers, mushrooms, yellow curry, coconut cream, tom yum paste, garlic, onions, brown sugar and half homemade vegetable broth and half homemade lobster stock. 

Seared scallops with salt and pepper. 

#seagan #seaganisland #seaganism #seaganlife #foodies #seaganeating #healthylife #dfwseagan #flexitarian #foodporn #foodphotography #pescatarianrecipe #pescatarianrecipes #seaganrecipe #seaganrecipes #cleaneating #seafoodrecipe #seafoodrecipes #eattheocean #seaganfood #seafood #pescatarian #healthyeating #seafoodporn #scallops #scallopsrecipe #tomkhagai #tomyumsoup #thaisoup #seagansoup",Great combo!! I can almost smell those beautiful flavours ğŸ˜‹ğŸ’›,All of the flavors in this sound so incredible together! ğŸ˜,ğŸ’¯ delicious ğŸ˜‹! Not to mention your stunning plating. Perfect your guys ğŸ‘ğŸ‘â¤ï¸,Wow this looks Delicious ğŸ˜ğŸ˜‹ğŸ˜‹,Oh lovee lemongrass!! Looks so yummy ğŸ‘,This looks wonderful! ğŸ™ŒğŸ‘ŒâœŒï¸ğŸ’šğŸ’š,This looks amazing with amazing Thai flavors ğŸ˜ğŸ˜ Delicious ğŸ˜‹ğŸ˜‹,Oh wow... scrumptious looking scallops ğŸ™ŒğŸ™ŒğŸ™Œ,those scallops are seared to perfection ğŸ˜ğŸ˜ğŸ˜ looks super yummy!,It looks so flavorful and I would love to have some,Wow thatâ€™s looks like perfection ğŸ˜± just stunning ğŸ˜,This is divine ğŸ¤¤ğŸ¤¤ğŸ¤¤,Yesss and yessss ğŸ¤©ğŸ¤©ğŸ¤©ğŸ˜‹ğŸ˜‹ğŸ”¥ğŸ”¥ğŸ”¥ omg this is such An amazing soup !!!!,Wow great shot of a fantastic dish chef! ğŸ˜,I love it. Thank you!!,BEAUTIFUL!!!â¤ï¸â¤ï¸ Absolutely love all of this incredible dish! WOW!!! Such a delicious fusion of incredible deliciousness! Wonderful! Have a great weekend â¤ï¸ğŸ˜ğŸ˜â¤ï¸,"Fusion Thai, ğŸ‘ğŸ» ğŸ‘ğŸ» ğŸ‘ğŸ» interesting ğŸ˜‹ğŸ˜‹ğŸ˜‹",Omg this is bang on... Perfect ğŸ‘Œ,This looks so good!! â¤ï¸,Sounds so flavorful!! I love anything with lemongrass!!,What a fun way to serve these gorgeous scallops and keep the crisp sear ğŸ‘Œ,"Oh, I never thought to put them together but they sound great together!  Those scallops are perfectly seared!ğŸ˜ğŸ˜ğŸ˜",Omggg â¤ï¸â¤ï¸â¤ï¸ this looks fabulous ğŸ‘ğŸ‘ğŸ‘ I have never eaten scallops.. lol but those look so perfect!,These are perfect scallops look so delicious and yummy ğŸ¤©ğŸ‘ğŸ‘ğŸ‘ğŸ‘,"Whoa, these scallops look amazing! ğŸ˜ğŸ”¥",This sounds perfect to me,I would love this ... looks so tasty ğŸ˜‹ğŸ˜,"Yes, please. I'll take two orders if this. ğŸ˜",Delish ğŸ”¥,"Thanks for this amazing soup! I can almost taste that broth with so many herbs, spices + lobster stock?? Wow! I could eat two bowls right now with the perfectly seared scallops. Great picture! as usual. Have a good weekend friends! ğŸ¤—","Wow, so fancy and with so many of my favorite ingredients ğŸ¤¤ looks amazing!!","Yes, please ğŸ¤¤ğŸ¤¤ğŸ¤¤ğŸ¤¤",This is amazing!
109,"Big Buns burgers and fries ğŸ”ğŸŸ

A super exciting new venture for @falafelguysuk that allllll the Leeds foodies have been posting about is @bigbunsuk! They launched last week and we had to get in on the action since weâ€™ve always enjoyed their food and itâ€™s lovely to see new places opening during all this. 

As we donâ€™t eat beef we opted for their veggie options and got the Falafel Guys OG Vegetarian, the Frenchie Vegetarian and some of their sharing fries with cheese sauce. 

The burger patties were falafel and went nicely with the toppings and sauces, they really hit the spot. I have to say though... the chips were something else. So so crispy and salty, plus theyâ€™re curved and I donâ€™t know why but it makes them so much better. 

Check them out if youâ€™re in the Leeds area and are looking for somewhere new to try this weekend. Their smash burgers look unreal and Iâ€™m hoping they might add a chicken burger ğŸ¤ğŸ¼

*full disclosure, this meal was paid for by us, but as part a soft launch promo we got the burgers thrown in for free and only ended up paying for the chips and our drinks ğŸ‘ğŸ¼",Honestly the best burger Ive had delivered in Leeds ğŸ¤¤ and you're so right about the chips!,Omg need a burger now ğŸ˜,The fries ğŸ˜ğŸ˜­,Thatâ€™s a pretty perfect looking burger right there!
12,"Today's Special? â 
â 
Any Vegeez ğŸ¥£ you like! â 
.â 
.â 
.â 
#eatlovevegeez #vegeez #veggies #veggiefood #comfortfood #frozen #frozenfood #food #flexitarian #vegetarian #foodporn #healthyfood #foodie #healthychoices #realfood #natural #naturalfood #veglife #fromfieldtofork"
43,"Bean and Cheese Quesadilla 

Loaded with beans, cheese and salsa picante
Gluten-free wrap

total mess to eat,  but worth it ğŸ™ˆ

Have a great weekend 

#lunchtime #lunch #glutenfree #quesadilla #mexicaninspired #vegetarian #flexitarian #homecooking #home #foodiesofinstagram #foodie #foodpics #foodphotography #food #delish #fridayvibes",Yummm! Cant do without the salsa picante ğŸ˜,Such a grear combo ğŸ™Œ
10,"Ramen ğŸ¤¤ with all the necessary awesomeness it requiresğŸ¤©

I've been making a lot of soups lately, surprising even myself. This time it's a quick and great vegan ramen: a piece of fresh ginger (minced), a shallot (diced), a carrot (julienned), half of a bell pepper (diced), two heads of bok choy (cut into quarters), a block of tofu (cut into cubes), two pieces of white radish (diced), some scallion, a little bit of oyster mushroom, approximately two tbsp of miso paste, and about 125g of chow mein noodles. And some spices like salt and black pepper. I basically just dumped everything but the noodles into boiling water, waited a few minutes for the veggies to soften, then added the chow mein. Also sprinkled over some sesame seeds before eating.ğŸŒ¿ğŸœ

#plantbased #veganfood #foodporn #flexitarian #ramen #veganramen #ownrecipe #quickmeals"
101,"Valentines â¤ï¸ Special ğŸŒŸ Alert ğŸš¨ 

As our Jerk/BBQ â€œChickenâ€ ğŸ“ Bowls ğŸ¥™ have been such a hit ğŸ‰ hereâ€™s our new ğŸ¤© Drunken Jerk â€œPrawnsâ€ ğŸ¤ Bowl ğŸ¥™ alongside our DELISH Curry ğŸ› â€œPrawnsâ€ ğŸ¤ 

Youâ€™ll be able to order our new Drunken â€œJerkâ€ Prawns ğŸ¤ Bowl ğŸ¥™ from next Thursday ğŸ˜ but in the mean time why not treat yourself ğŸ˜ to some @jam.delish tonight ğŸ˜‹

Collection via ğŸ“ 07957 439777

Delivery via ğŸ›µ @justeatuk @ubereats_uk @deliveroo

#plantbased #plantbasedfood #plantbasedlondon #plantbasedvegan #vegan #veganfood #veganlondon #flexitarian #foodporn #foodie #tooting #wandsworth #balham #clapham #battersea #earlsfield #wimbledon #veganuary #peta #takeaway #healthyfood #crueltyfree #healthy #meatless #prawns #jerk #curry #salad #seafood #shrimp",This looks delicious
215,"PSA @bundits_uk ğŸ¥™ // if you do one thing this weekend, make sure itâ€™s a visit to this new opening on Constitution Street!

I popped along for lunch (itâ€™s dangerously close for me) and tried a few bits off the menu. I can vouch for the short rib and salt & chilli tofu buns which were both banging ğŸ¤¤ the others looked great and I didnâ€™t get a taste so they mustâ€™ve been good! The Korean fried cauliflower was also lovely - zero complaints!

Thereâ€™s a large choice of buns including a couple that can be made vegan, as well as a good few small plates on the menu, all reasonably priced. Buns are Â£4.50 or 2 for Â£8.

Theyâ€™re currently open 12-5pm Wednesday - Sunday but will open for breakfast too from 9am on Wednesday! Iâ€™ll definitely be back to try some more ğŸ¤©

#getbunned",Holy holy holy moly!!!ğŸ¤¤ğŸ¤¤ This is torture seeing this goodness ğŸ˜ğŸ˜ğŸ˜,Wow serious envy from Glasgow ğŸ˜,So intrigued by the breakfast menu ğŸ˜,Your photos have made me so so so excited to head down there!!,This place looks like a VERY welcome addition to the foodie scene. Canâ€™t wait to try!,Fab snaps Kirsty! Will need to try the tofu next time! ğŸ˜,Wow these look amazingğŸ˜,That slab of pork belly ğŸ¤¤ the Korean cauliflower sounds absolutely delicious,Absolutely dying to try these ğŸ˜ğŸ˜ğŸ˜,Looks so good!! Can't wait to check them out soon â˜ºï¸,This all looks amazing! Canâ€™t wait to visit when the lockdowns over and I can get back to Edinburgh ğŸ¤©,"Yep, this is on my list for this weekend! ğŸ˜ğŸ˜ğŸ˜ğŸ˜",These look amazing!,Ohhhhhh that looks insane ğŸ˜,"Woah, what a spread!",#baobuns #edinburghfoodie #edinburghfood #koreanfriedchicken #porkbelly #chinesecuisine #flexitarian #edinburghlife #supportlocal #leith #scottishbusiness #scottishfoodie #eeeeats #takeawayfood #tgif #eatingfortheinsta #feedfeed #edinburghfoodbloggers,So excited to try this place ğŸ˜ğŸ¤¤ğŸ¤¤,I can't resist Korean fried cauliflowerğŸ˜,Ohh these look fab ğŸ˜,Cracking photo,Going tomorrow!â¤ï¸
9,"PRE-ORDERS FOR VEGAN MEALS CLOSE @9PM MAKE SURE YOU GET YOUR ORDERS IN ON TIMEğŸ˜

#Vegan #VeganEater #CaribbeanVegan #Flexitarian #JamaicanCooking #Deliciousness #Food4TheSoul #WeekendTakeaway #MouthWateringFood  #SouthEastLondon"
26,"Saying hello to the first weekend in February with this Filo Pastry Tart with chargrilled vegetables, balsamic vinegar, cherry tomatoes and vegan feta cheese ğŸ™ŒğŸ»

The link to the bbc good food recipe I used will be in my bio shortly ğŸ¥°ğŸ’–

FYI the pastry is shop bought because who has the energy for that ğŸ™„

#vegan #vegetarian #flexitarian #pescatarian #vegetarianrecipes #veganrecipes #food #mediterranean #tasty #february #recipes",That looks incredible! May have to put something like that together ğŸ‘Œ,"I need to stop staring at this, but I can't. R.I.P. me ğŸ’€"
50,"So you donâ€™t like hot sauce? Then just go straight up with Syrup and Vegan Butter. 

Still time to get your valentines brunch kit. Doesnâ€™t matter if youâ€™re on your own this valentines or can share with a friend over zoom. 

Itâ€™s always a good time to celebrate someone you love whether they are friends, family or lovers - get your bites and waffles on!

We still have a couple left of this limited run - so you could be in with a chance to have an alternative valentines and punk it up with waffles and bites in bed. 

Get sticky 

Link in the bio - nationwide delivery ğŸ“¦ 

#kissbites #kissbrunchkit #valentinesbrunchkit #valentineskit #kissvegan #veganchickenandwaffles #veganchick en #veganwaffles #virginmary #bloodymary #brunch #veganbrunch #flexitarian"
4,"QUICK AND EASY #LUNCH ğŸ Mushroom Bolognese from @ohsheglows Every Day!  Forgot to add #lentils but it was still #deliciousandnutritious 
J got a second helping and we still had leftovers! 
â€¢ Use precut #mushrooms and store-bought sauce to make it #quickandeasymeals 
â€¢ Use lentil pasta for extra #protein (in case you forget to cook the lentils like me ğŸ˜‚ğŸ¤¦ğŸ»â€â™€ï¸
â€¢ Add nutritional yeast for vitamin B
â€¢ Pair with frozen veggies and seasoning for a complete meal ğŸ¥˜ 

#vegan #vegetarian #flexitarian #flexitariandiet #ohsheglows #lentilpasta #healthylifestyle #healthyfood #plantbased #feedyourbody #30minutemeals",Yumm looks like a delicious lunch ğŸ˜
16,"Breakfast for Champs.

Vange cooked up some longanisa and eggs this AM... like geeze louise is he amazing or what?! Not louise, idk who that is. 

#silly
#insidejokes
#filipinobreakfast 
#filipinolonganisa
#sweetcuredpork
#filipinofood
#breakfast
#preworkout
#recoverymeal
#trainingdiet
#trainingfood
#energyfood
#sweettreat
#menthatcook
#longanisa 
#myfavorite
#breakfastforchampions 
#highprotein
#lowcarb
#flexitariandiet 
#flexitarian"
21,"Veganuary doesn't have to be over!
.
January may be left in our dust but I will still be including plenty of vegan meals in my diet ğŸŒ±
.
I was really excited to receive the latest book by @fearnecotton for some inspiration to try more dishes out.
.
Yes, I was mostly looking at the desserts ğŸ«ğŸ˜
Yes, my photoshoot model was paid in kisses and cuddles ğŸ¶ğŸ’—
.
#veganuary #veganfood #fearnecotton #happyvegan #veganinspiration #justwantchocolate #vegan #skipstraighttodessert #flexitarian","Oh good book choice! The Butternut Squash, Lentil and Mushroom casserole is all iâ€™ve tried so far but very tasty!"
193,"Friday = fakeaway and @veganvirgins_'s BBQ Tempeh Buns with chunky chips sounds very tempeh-ting!
#tofoo #tofu #tofurecipes #vegan #veggie #flexitarian #recipe #food #foodstagram #foodie #whatveganseat #yum #plantbased #eatmoreplants #poweredbyplants #plantbasedrecipes",ahhhh love it thank you so much! Was a banging dinner ğŸ’—ğŸ’—
112,"New food friday cont.. Trout & Samphire ğŸ’«

Trout cooked in garlic, fresh herbs & chilli oil. Never had trout before & what a dream it is, the softness of salmon & so delicately flavoured ğŸ˜‹

The greens & roasties were pan fried in garlic, ACV & mixed herbs. The ACV gives a beautiful freshness without being sour, especially great if you donâ€™t have lemon! 

This was inspired by an @aliceliveing fave I saw her chatting about with @rhitrition",Scrumptiously delish ğŸ˜‹,Trout is one of my favs! Looks delish x,"Sounds amazing! I havenâ€™t tried trout, but could definitely try it cook in garlic ğŸ˜‹",Those roasties look banging,#freefromfriday #freefromuary #trout #fishrecipes #samphire #naturallyglutenfree #freefrom #glutenfreerecipe #glutenfreerecipeshare #gfblogger #freefromblogger #plantbased #veggiesofinstagram #flexitarian #pescatarian #pescatarianrecipes #lactosefree #dairyfree
42,"Instant ramen+ Desi flavors+veggies= total game changer.
.
If you haven't bought premade spice boxes from your local Indian Market...you don't know what you are missing out on. It makes it so easy to whip something up without having to worry if you have the right spice powder for a dish!
.
Let me know if you want to know more about these spice boxes!
.
#noodsnoodsnoods #noodleworship #ramenlover #ditchthediet #carbcycling #flexitarian #flexitariano #paneer #quesofresco #noodsonly #fastingforweightloss #omad #eatingwindow #foodinspirations #creativefood @maruchan_inc #maruchan #instantramen #lunchideasforkids #toddlersnacks #easydinner #quickmeals #intermittentfasting16hours",Oohh yes totally making this now,ğŸ˜ğŸ˜ğŸ˜ these look amazing and delicious!,Omg Iâ€™m so hungry! This looks sooo goodğŸ˜,I want to know more about these spice boxes! We love exploring new flavors and recipes.,"Are there different â€œspice levelsâ€ to the spice boxes, like mild, medium or hot?"
12,"STEWP IDEA OF THE WEEK
You just can't beat hot crispy potatoes!  So I like to make these for the Patatas Bravas. Here is what I do. To time with eating the cooked Stewp, start this 30 minutes before the Stewp is ready.
1. Put 2 tbsp vegetable oil into a roasting pan and heat the oven 
to 180C.
2. Peel the potatoes and cut into 2 cm chunks. I prefer to use Maris Piper for oven roasting as they get really crispy, but any floury potato will work.
3. Boil the potatoes on the hob for 5 minutes then drain.
4. Add the potatoes to the oven dish and turn to coat in the oil.  Keep them separated if you can. Roast for 20 minutes.
Enjoy!
Alex
#feelstewpendous #stewpendous #roastpotatoes #lentils #pulses #stew #stewp #soup #vegan #vegetarian #meatlover #Flexitarian #patatasbravas #chorizo #easycooking #onepotmeal #plantbased #glutenfree #energy #healthy #nutritioun #Edinburgh #edinburghfood","I bet that's so tasty. Am I right? ğŸ˜‹
Did you check our page? You will find it interesting ğŸ˜"
101,"It's pizza night!! ğŸ•Pizza Friday's ğŸ•were a solid tradition of my childhood...
â €â €â €â €â €â €â €â €â €
But this isn't your average ol' Domino's pizza!
â €â €â €â €â €â €â €â €â €
A friend of mine suggested we cook homemade pizzas on New Year's Day, and let me say it was a miracle worker for relieving hangovers without extending that lethargic feeling that often comes with eating greasy foods. 
â €â €â €â €â €â €â €â €â €
So now, Pic and I love to do regular pizza making parties for a fun date night or just a chance to remember again how much fun cooking can be.
â €â €â €â €â €â €â €â €â €
Cait's Healthy Homemade Cauliflower Pizza ğŸ• :
@traderjoes cauliflower crust (or go ahead and use the real stuff!)
@traderjoes vegan mozzarella & marinara sauce
roasted bell peppers
diced cherry tomatoes
handful of spinach
nutritional yeast
@williamssonoma truffle salt
â €â €â €â €â €â €â €â €â €
ğŸ‘‰Prep and/or cook your crust according to instructions. Add spoonfuls or marinara, top with cheese, then nutritional yeast. Layer on the veggies, and top with truffle salt. Bake @ 425F fpr ~12 min, and voila!","#veggiebowlbabe #plantbasedonabudget #forkfeed #foodphotography #foodblogger #feedfeed #forkyeah #bestfoodworld #eeeeeats #foodblogfeed #foodie #foodgasm #buzzfeedfood #foodporn #veganfoodshare #veganrecipeshare #vegansofig #veganonabudget #healthyfoodshare #vegetarian #plantstrong #plantbasedrecipes #plantbased #plantbaseddiet #flexitarian #vegetarianrecipes #bestofvegan #mealprep #whatveganseat #vegandiet 

@thefeedfeed @eastcoastfoodies @buzzfeedfood @foodie @foodporndaily1 @foodblogfeed @ohmygodfoodporn @plantbasedonabudget @food52 @huffposttaste",I make this exact same thing at least once a week!! Love their crusts and their cashew mozz ğŸ˜ definitely need to get that truffle salt,Canâ€™t beat a pizza night. Looks class ğŸ™Œ
19,"It's -27c / -17f  here but guess what! My kids still want popsicles, and frozen mango and frozen peas and heck they love eating snow for that matter. Almost every type of smoothie I make also gets a second life in a popsicle mold. If your kids (or YOU) can't stomach the idea of drinking a green smoothie you can try turning it into a fun popsicle. Freezing gives it a different texture which many toddler prefer over eating kale or spinach. There are also lots of neat popsicle molds on the market now so you can make fancy frozen treats fit for a party... you know once we can party again!  #wfpb #plantbased #veganfood #plantbasednutrition #plantbasedfamilies #dailydozen #starchivore #starchbased #hclf #highcarb #lowfat #wholefoodplantbased #healthyfood #health #evidencebased #cooking #wellness #lifestylemedicine #lifestylechange #nomeat #eatplants #eatrealfood #eattherainbow #dairyfree #vegetarian #flexitarian #thechinastudy #forksoverknives #popsicle #toddlerfood"
22,"Egg & cheese wrap flavored with bacon salt and everything  bagel seasoning.
.
.
.
#breakfast #breakfastideas #breakfastwrap #eatfreshfood #eggandcheese #homecooking #homecooked #easyrecipes #simplepleasures #simplefood #lessingredients #healthyfastfood #food #foodstagram #tastyfood #flexitarian #flexitariano"
21,"Once I made up mind that I was done going back and forth with depression, anxiety and weight loss the results came in faster and began maintaining them longer. Let me help you dismantle fear and step into a better version of yourself you never thought possible make up your mind to say you are done today and lets get to work! Email me at flexablelifestyle@gmail.com or DM me for a free consultation!!! 
#healthcoach #lifestyle #flexitarian #flexablelifestyle #nutrition #organic #healthcoachmom #fitmom #healthcoachforwomen #eatwellfeelwell #flexitarianlifestyle #love #move #wellnesscurator #healthyvibes #flexitarianlife","by far, such a beautiful courage shareğŸ’›"
103,"If youâ€™re like me and you order way too much sushi every single time, then @minatosushi delivered to your door is the one for you.

Scoff the first round of bits at a silly pace and then just pick away at the rest over the next couple of hours. Or in this case, next day as we are having the leftovers for dinner again tonight!

@minatosushi deliver to East Lothian, Midlothian & Edinburgh. Theyâ€™re super popular, so you should prep and order at least a week in advance. Donâ€™t worry - itâ€™s worth the wait!",These rolls look delightful and whatâ€™s that in the background? Tell me everything ğŸ˜‹,#minatosushieastlothian #sushidelivery #ğŸ£ #eastlothian #eastlothianfoodie #eatlothian #eastlothianfood #foodie #foodies #edinburghfoodies #flexitarian #edinburghfoodbloggers #eatlocal #instafood #eatlikealocal #eeeeeats #igersedinburgh #Scotland #instafoodie #igeats #scottishfood #foodiegram #iphone11pro #edinphoto #forkyeah #scotlandslarder #supportlocal,"Been opening and closing their site this week, itâ€™s a sign!",This looks like the dream sushi platter!! ğŸ˜,"Wowee, what a feast ğŸ˜ğŸ˜ğŸ˜",I never order enough! This looks so good,So weird my colleague just sent me a photo about 15 mins ago of their sushi from here last night!! Looks fab ğŸ˜ğŸ˜,ğŸ˜±ğŸ˜± that plate!! Looks fab! What a spread ğŸ˜›,I've heard of this and need to try their sushi - looks so good! ğŸ˜ğŸ˜,Miss I miss Edinburgh sushi so muchğŸ˜­,This looks absolutely mint Fi ğŸ˜ğŸ¤©,Omg @jonny_perr Ken when I said I was craving sushi ğŸ‘€ this looks mega,@minatosushi do the best it's been way to long I definitely need to reorder asap
13,Nothing says Friday like family fajita night! ğŸŒ¯ğŸŒ¯ Better yet you can grab all of this for less than Â£7 at @sainsburys!,".
.
.
.
.
.
.
.

 #youngskitchen #youngs #fish #recipeodtheday #dinnerideas #foodstagram #inthekitchen #quickmeals #easyrecipes #recipeinspiration #whatsfordinner #thekitchn #perfectlyplated #inthekitchen #madeinbritain #weightlossfood #onmyplate #forkyeah #healthydinner #caloriecounting #bonappetit #eatingwell #flexitarian #burger #filletofish #lowfat #fishandchips #dinnerinspo #slimmingworld #mcdonalds #fajitas"
36,"Warm up with this Spicy Buffalo Chickpea Stew recipe.â  ğŸŒ±
â 
Iâ€™ve heard lots of people wanting tips on how to eat healthy while working from home and I am working on a post to share with you! But in the meantime - if you have healthy food, that is prepped and tastes great on hand.....well youâ€™re more inclined to eat well. 
â 
I shared this recipe last fall it was such a hit I wanted to share it again for new friends and as a reminder for everyone else. â 
â 
Buffalo Chickpea Stewâ  ğŸŒ±
â 
Ingredientsâ 
â 
1 tablespoon avocado oilâ 
2-4 cloves garlic, mincedâ 
Â½ yellow onion, dicedâ 
2 stalks celery, dicedâ 
2 medium carrots, peeled & choppedâ 
Â½ red pepper dicedâ 
1 Â½ cups cauliflower, finely choppedâ 
1 can chickpeas (or 2 cups cooked chickpeas) â 
1 (28oz.) can diced tomatoesâ 
4 cups vegetable brothâ 
Â¼-1/2 cup Buffalo Franks Hot Sauceâ 
2 tablespoons nutritional yeast â 
2 tablespoons ranch seasoningâ 
Â½ teaspoon onion powderâ 
â 
Directionsâ 
â 
1.  In a large pot over medium heat add oil, garlic and onion and cook 1-2 minutes stirring frequently. â 
â 
2.  Add in celery, carrots, red pepper and cauliflower and cook another 4-5 minutes stirring often to avoid sticking. â 
â 
3. Add in chickpeas, diced tomatoes, broth, buffalo sauce, ranch seasoning, nutritional yeast, and onion powder and simmer on medium to low heat for around 20 minute until vegetables are cooked. Top with vegan sour cream or fresh cilantro. I love to toss cilantro on everything because it add a ton of flavour and it also helps to remove heavy metals from your body. â 
â 
Recipe note if you wanted to make this a family meal you could lighten up the buffalo sauce and puree soup with handheld immersion blender or food processor. My kids love tomato sauce but hate chunks so by blending it up they get all the veggies with no complaining. You could also sub chickpeas for chicken or add rice, barley or noodles. â 
â 
If you want to make this a creamier soup add in 1/2 soaked cashews pureed with 1/2 cup broth. â 
â 
I hope you enjoy this warming, comforting soup recipe!â 
â 
â 
#plantbased #flexitarian #plantbasedsoup #souprecipe #healthyrecipes #recipeshare #soupweather #healthyrecipe #delicious #selfcare #nourish #food #comfortfood"
1199,Get ready for game day with this epic vegan snacking board from @thelivingplatter! Our Crispy Chickâ€™n Sliders and Seven Grain Crispy Tenders are the perfect thing to snack on while cheering on your favorite team. ğŸŒ±ğŸ’ª #Vegan #Flexitarian #Vegetarian #Plantbased. Tag us in your Gardein creations to be featured daily!,"Wow, that looks amazing! ğŸ¥°",Thank you so much for sharing!â¤ï¸â¤ï¸,This looks amazing!! ğŸ’šğŸ‘,Snacking board of our dreams ğŸ˜,We love your products ğŸ˜ğŸ¤¤ We sent you a DM with a collab proposal,@thebeatrixkiddo
37,"Recipe testing rewards, with some local buys thrown in ğŸ‘ğŸ½

#tottenham #tottenhamfoodie #n17 #n0sh17 #local #localbusiness #neighbouringn0sh #lunch #dinner #leftovers #bowlfood #dips #vegan #flexitarian #plantain #eatyourveggies",Tou take THE BEST pictures! !,What is it? And I'll repost on ku feed xxx,OMG that looks glorious! ğŸ˜ğŸ”¥,This looks super tasty! ğŸ¤¤
9,"This tasted as good as it looks!
Lion tamer and avocado toast from Saint Leo in Downtown Oxford, MSğŸ¥°
-
-
-
#foodie#oxford#oxfordms#vegetarian#plantbased#flexitarian#food#avocadotoast#liontamer#avocado#toast#healthy#mississippi#saintleo#saintleolounge","Oh, wow! Dear, it looks really delicious and tempting ğŸ˜‹ I wish I could have a bite nowğŸ’š Please check out my account if you like good food with recipes from around the world ğŸ—º ğŸ’™"
6,"Chocolate chia seed pudding! Itâ€™s a high-protein breakfast thatâ€™s very healthy and very good!! 
#flexitarian #dairyfree #vegan #vegetarian #healthy #healthyeating #eatinghealthy #highprotein #breakfast #sogood #chocolate"
11171,"Alan Jope described the skyrocketing demand for plant-based foods as an â€˜inexorableâ€™ trend. 

Speaking to Bloomberg, he listed plant-based products as one of the top five global categories the corporation will prioritize. 

Full story via link in bio",We all saw this coming before they did ğŸ˜ ğŸ‘ğŸ»,#plantbased #plantbaseddiet #savetheplanet #ecofriendly #vegandiet #veganlifestyle #vegetarian #flexitarian #nomeat #reducetarian #plantbasednews #pbn #plantbasedhealth #plantbasedfitness #plantbasedlifestyle #veganfood #plantbasedfood #dairyfree #cleanmeat #vegetarianism #unilever #alanjope #veganmayo #veganicecream #plantbasedfuture,Unilever company does animal testing so not a Vegan company just have some plant based products,"Vegan butters are starting to empty on the shelves more than regular butter in my local supermarkets, I can vouch for this ğŸ”¥ğŸŒ±",Now if they would only stop testing on animals ğŸ¤,ANIMAL TESTING GIANTS,And stop testing on Animals!!!,Cool but that is one sick and twisted company poisoning us with every one of their products.,"Whole food, plant based - not more plastic food ğŸ™„ğŸ¤¦ğŸ»â€â™€ï¸",Still difficult to find vegan mayo here in Malaysia ğŸ˜¬,Jheeeeez this is low-key huge from him ğŸ‘ğŸ‘,Other top five priorities probably include animal cruelty,"Hopefully it's not a trend, and becomes the norm. Not just in food. But also in fashion and home decor etc.","Thatâ€™s so amazing. Itâ€™s so awesome to see companies who used to be some the worst around, are transforming into something a bit more positive.",Love this type of news itâ€™s what us vegans love to hearğŸŒ±ğŸŒ±ğŸŒ±ğŸ’š,Ben & Jerryâ€™s vegan cookie dough ice cream is to die for without having to kill or harm any any animals ğŸ‘,@ana.mypage have a good weekend,Love it ğŸ™ŒğŸ¾ğŸŒ±,I have mine. Delicious!!,Unilever owns soo much,Yes it is ğŸŒğŸŒ,I'll be sure to read the ingredient list meticulously,Can plastic free be the next big trend in food? ğŸ’š,ğŸ˜†joke of the year,"Vegan pizzas, Gardein and all that are disappearing and Iâ€™m kinda upset ğŸ˜¢ğŸ˜¢",It sure is !,Shame they test on animals!! XcX,"They all do the saame thing. Unilever admitting.. Sure, since their products are dusting on the shelves. I spotted in Poland months ago. Honestly, You can do so much more with your ğŸ’°",I am wary of these corporations. They only see $$.,As I sit and scroll Iâ€™m eating my Ben & Jerryâ€™s chocolate caramel cluster nondairy Yum,These are in  our fridge. Farm Boy in Toronto has  extensive vegan products. So hopeful yo see this. Can't come fast enough for the animals.,It is the future!ğŸ‘ğŸ»ğŸ’ªğŸ»ğŸŒ±ğŸ’š,Please tell me something I dont know......go green if you wanna save Mother Earth!!ğŸ˜‰ğŸŒ±ğŸ’š,Itâ€™s a great start and great to see big organisations addressing the big issues head on. Not going to get it 100% right on day 1 but theyâ€™ve made a start ğŸ‘,Yessss #plantbasedfood #unicleverplantbased #vegan ğŸŒ±,Its not though. Its getting bigger but its never going to be completely plant based. For every 1 person that becomes vegan millions will be born that won't even try it.,"still wonâ€™t buy it as Unilever tests on animals, so whatâ€™s the point? #greenwash #veganwash","Yes Unilever isnâ€™t perfect and many of its practices are morally reprehensible, however, unfortunately, the only way Vegan products have a chance of becoming mainstream is through companies like them. Sad I know, but this is actually good news, to effect change we need to be in the room. ğŸ’•",Looks whoâ€™s using the word â€œ Mayoâ€ hmmmm,As we should as humans on this planet. ğŸ˜Š,"lol a country or two, misleading as usual","whole fruits for the WIN , we'll get back to our species specific food eventually .",What about their ethics when they use animals for testing,Wonderful news! The future is vegan! The collective conscience is listening. ğŸ’•,"Could've figured that with how Unilever sued the Just Mayo company under the guise of the vegan product not being 'real mayonnaise"" and then years later coming out with their own. Yep, ingenuity, values, and competition threatens Unilever money and market share.","Unilever....went after the small company that makes â€˜Just Mayoâ€™.....with lies and disinformation now, wants to climb on the vegan train....PATHETIC...Boycott Unilever forever!",@_live_from_ny something for us to invest in!,I can â€œadmitâ€ Iâ€™m a billionaire but it doesnâ€™t make it true. #FakeNews,Which is why they locked up Just Mayo in court for years?? They basically ran them out of the Mayo business so theyâ€™d have less competition?,Plant based eating ALWAYS has been go back to the Holy Scriptures because our Creator the Lord Jesus Christ gave us the foods that we must eat,"Processed, toxic food-junk was already >90% plant-based..",The vegans dont need companies like unilever,Hellmans mayo biggest garbage  from 80 %or more only oil. There is more options to buy. Unilever is crap,One of the worst companies out there along with NestlÃ©,While they have countless individuals imprisoned & tortured in their labs...,Itâ€™s happening ğŸŒâ¤ï¸,FinallyğŸ’š,FinallyğŸ’š,Next move - end animal testing!ğŸ’š,Facts!,Stop testing on animals please ğŸ™,Will they pledge to stop f***ing testing on animals though??,@lesterrrtorresss babyyy,we shouldnâ€™t focus on processed food but whole foods with ancient local and organic nutrient rich herbs ğŸŒ¿ spices fruits ğŸ and vegetables ğŸŒ¶ ğŸ…,Ben & Jerry's ain't vegan.,Put your money where your mouth is,Please just bring Ben and Jerryâ€™s to South Africa! ğŸ™ğŸ¼,Most importantly...Check the ingredients on the vegan products....a vegan product is not always a healthy product,Plant based milk is definitely crowding out dairy milk.,Still canâ€™t find dark chocolate digestive without milk! ğŸ˜­,"Well, I just bought both of those products ğŸ˜‚",Unilever.. criminals!,"$$$$, it's all about $. Life expectancy will still be the same.",We need those products In PanamÃ¡
12,"#Repost @freshmushroomssa
â€¢ â€¢ â€¢ â€¢ â€¢ â€¢
Keep supper simple: Ultimate Baked Potato with Mushrooms, Sour Cream, Bacon & Chives.

#WeLoveMushrooms #plantbased #plantprotein #healthyeating #mushroomswitheverything #MushroomRecipes #mushroomlove #umami #easyeating #superfood #flexitarian #eatin #foodie #cooklikeachef #eatwell #lunch #dinner #comforteating #simplesupper #bakedpotato #bacon"
22,"Vegetarian ğŸŒ±
.
I havenâ€™t been posting or cooking very much lately bc I was real life quarantined yâ€™all. Pero, we back. Iâ€™ve been back in the gym lately and ofc back to meal prepping! My dinner* is pictured above. 
.
Feta
Cucmber
Tomato 
.
(If you want more fat drizzle in olive oil and sprinkle w salt and pepper for taste. I left it plain bc the feta is very pungent on its own and I love it.) 
.
Quinoa 
Mushrooms
Onions
Kale
.
(I added nutritional yeast for some extra protein & seasoned it all the way of course. I cooked it in about a tablespoon of avocado oil, but feel free to use whichever oil you prefer or none at all if youâ€™re looking to cut fat) 
.
Enjoy ladies and mi gente! 
.

 #vegan #healthy #healthiswealth #flexitarian #dinner #fexitariandiet #meatlessmonday #recipes 
#veganfood #vegetarian #vegetarianfood #flexitarian #groceryshopping #lite #fitlife #finedining #mealprep #fries #cauliflower #meatloaf #meat #yummy #explorepage #food #foodporn #quinoarecipes #blackhistorymonth"
1,"Right now is a great time to hop on over to @theothersideofthefork and give it a follow 

Working on video content geared towards busy lives 

#chefsoninstagram #vegan #vegetarian #flexitarian. #cheftomlin #cheftomlin3"
82,"Vegan tofu curry with kale, broccoli and cauliflower 
ğŸ›ğŸ¥¬ğŸ¥¦ğŸ›ğŸ¥¬ğŸ¥¦ğŸ›ğŸ¥¬ğŸ¥¦ğŸ›ğŸ¥¬ğŸ¥¦ğŸ›ğŸ¥¬ğŸ¥¦ğŸ›

This is one I posted a while back but I made it a bit more vegetabley with the sides. Swipe for the recipe and swap the prawns for tofu!

ğŸ›ğŸ¥¬ğŸ¥¦ğŸ›ğŸ¥¬ğŸ¥¦ğŸ›ğŸ¥¬ğŸ¥¦ğŸ›ğŸ¥¬ğŸ¥¦ğŸ›ğŸ¥¬ğŸ¥¦ğŸ›

#mealinspo #curry #food #comfortfood #spicy #spicyfood #tofu #tomato #tofucurry #tomatocurry #kale #broccoli #cauliflower #vegetables #5aday #vegan #meatfree #vegetarian #pescatarian #dairyfree #flexitarian #homecooking #garlic #lemon #onion #ginger #chutney #watermelon #fruit #dinner",Delicious ğŸ˜ğŸ˜,this makes my mouth watering ğŸ˜ğŸ¤¤ğŸ¤¤,This looks so good ğŸ˜,I neeeed this ğŸ˜,Mmmh what a healthy flavorful meal ğŸ™Œ
