260,"Narnumru, Pomegranate and Egg. A unique recipe from the Azerbaijani cuisine. Sauteed onions with butter, juicy pomegranate arils and eggs would make this incredible dish!
Followâ¡ï¸ @homerecipes101
Facebookâ¡ï¸ homerecipes101
-
-
-
-
-
-
-
-
INGREDIENTS:
2 Tbsp butter
1/2 Cup yellow onions, finely chopped
1 Cup pomegranate arils
2 Eggs
Freshly ground black pepper 
Sea salt to taste 

INSTRUCTIONS:
1. In a medium skillet, melt butter over medium heat. Add onions and saute until tender and soft, about 5 minutes. Stir frequently.
2. Add pomegranate arils and cook covered until it gets juicy and soft. About 6-8 minutes.
3. Make two wells in the pomegranate, exposing the skillet underneath. Crack the eggs in each spot and season with salt and pepper, lower heat and cook covered until the whites are set and the eggs are cooked to your liking. Serve immediately with bread.

#homerecipes101 if you make any of our recipes!

#food #foodrecipes #foodrecipe #yummy #yum #worldfood #foodpics #foodaholic #recipes #recipe #easyrecipes #breakfast #eggs #egg #vegetarian #vegetarianrecipes #veggies #healthyfood #healthy #healthyrecipes #brunch #healthyeating #wrap #youtube #lunch #delicious #deliciousfood #tasty"
178,"Leftover grilled veggies salad

#ketolunch #keto #glutenfree #lowcarb #grilled #intermittenfasting #glutenfreerecipes #nogluten #omad #ketosis #ketolife #ketones #nosugarchallenge #nosugar #delicious #lowglycemic #ketoweightloss #ketofriendly #veganrecipes  #vegan #lunch #plantbased #foodblogger #eatinghealthy #dietfood  #veganketo #ketocommunity #plantbasedrecipes #roastedveggies #athome",This looks great!,Keto friendly for the win ğŸ™ŒğŸ™Œ weâ€™ve got your dessert covered ğŸ˜‰
8,"FOOD INSTAGRAM IS A HIGHLIGHT REEL TOOâš ï¸

Ate savoury food. Didnâ€™t photograph as well as porridge. Wonâ€™t be doing that again! ğŸ˜¡â˜¹ï¸ğŸ˜”

JOKES @marmite toast you will ALWays have my heart. Not every meal will be âœ¨stunningâœ¨ but doesnâ€™t mean it wonâ€™t taste peng. Donâ€™t let insta fool you that people are meticulously arranging blueberries round the edge of their bowl everyday pls!!! Food instagram is a highlight reel as much as any other type of Instagram feed is xx

Still chomping through the last of this sourdough and various other bits from the fridge. Soooo happy to see the sun reappear today as well, missed u!!
.
.
.
.
#sourdough #lunch #toast #easylunch #brunch #studentlunch #studentmeals #quiche #salad #easymeals #quickmeals #healthy #healthymeals #healthyfood #foodie #foodporn #balance #health #lunchtime #foodphotography #eeeeeats #lfl #gainpost #ifb #foodblogger #vegetarian #diet #veggie #fitfood #fitfam"
12,"\ CHICKEN WITH MUSHROOMS /

another day of a delicious lunch - iâ€™m truly lucky to have a talented friend :â€™) ate this with arabic spiced rice, it goes soooo well with the mushrooms! finished everything in two minutesğŸ˜© 

.
.
.
.
#hungary #hungaryfood #debrecen #debrecenfood #debreceniegyetem #chicken #mushroom #chickenandmushroom #lunch #lunchtime #lunchideas #lunchplate #food #foodporn #foodphotography #foodstagram #foodblogger #foodphoto #foodphoto #debby #debbysfoodie #delicious #yummy #homemade #homemadefood #homemadelunch #colorful #colorfulfood"
7,"Wholemeal toasted pitta with half smoked salmon and cream cheese and half hummus and pitta, topped with spring onions ğŸ«“ AMAZING!

#food #foodinstagram #foodinspo #foodporn #foodies #foodideas #lunch #lunchideas #lunchtime #lunchbreak #lunchinspo #pitta #greekfood #hummus #hummuslover #hummusrecipe #philadelphia #creamcheese #smokedsalmon #pepper #yummyfood #yummy #eat #eathealthy #eatwell #eatclean #eatinghealthy"
5,"Pasta n sauce cheese leek and ham for lunch today. Always forget how good they are and so filling. 
-
-
-
#slimmingworld #sw #swuk #slimmingworldinsta #slimmingworldjourney #slimmingworldblogger #slimmingworlduk #slimmingworldsupport #slimmingworldmafia #slimmingworldfamily #slimmingworldrecipes #slimmingworldplan #slimmingworldmember #slimmingworlddiary #slimmingworldfollowers #slimmingworldinspiration #weightloss #weightlossjourney #foodoptimising #slimmingworldfood #healthyeating #slimmingworldmeals #healthyfood #slimmingworldfriends #motivation #fitness #weightwatchers #diet #lunchtime #lunch"
4,"Sunshine and porridge for lunchğŸŒ
ğŸ•
ğŸ•
ğŸ•
ğŸ•
ğŸ•
ğŸ•
ğŸ•
#food #lunch #breakfast #healthy #meal #healthylifestyle #healthyfood #craving #porridge #banana #yummy #jam #blackcurrant #bowl #healthyeating #foodporn #foodphotography"
5,"Ø§Ù„Ø§Ù†ØªØµØ§Ø±Ø§Øª Ø§Ù„ÙˆØ­ÙŠØ¯Ø© Ø§Ù„ØªÙŠ ØªØ¯ÙˆÙ… Ø¯Ø§Ø¦Ù…Ø§ ÙˆÙ„Ø§ ØªØªØ±Ùƒ ÙˆØ±Ø§Ø¦Ù‡Ø§ Ø£Ø³Ù‰ ØŒÙ‡ÙŠ Ø§Ù†ØªØµØ§Ø±Ø§ØªÙ†Ø§ Ø¹Ù„Ù‰ Ø£Ù†ÙØ³Ù†Ø§... â™¥ï¸â™¥ï¸

Ø¯Ù…ØªÙ… Ù…ØªØ£Ù„Ù‚ÙŠÙ† ğŸ¥°ğŸ¥°

#jeudi
#goodday #happyday
#dejeuner #dejeunerhealthy #lunch #pranzo #morroco #healthylifestyle #healthyfood #marecette #tastyfood #foodpic #foodpornshare #photooftheday #instagramy #instagood #sardines #aufour #beans #jusbettrave #bettrave #dÃ©lice #tastyfood #bonappetit #foodblogger #followforlikes #hungry  #homemadefood #deliciousfood #vue #"
1,"Coq au vin with mushroom and bacon garnish. Another lovely cookalong lunch with @sportsmankent @theemmanent and @sarahpozzetti 

#lunch #coqauvin #wine #chicken #food #eating #eatingin #lockdown #glutenfree #coeliac #recipes #zoom"
9,#food #foodporn #foodie #instafood #foodphotography #foodstagram #foodlover #yummy #foodblogger #delicious #foodgasm #tasty #cooking #eat #dinner #foodpics #foodies #lunch #healthyfood #homemade #foods #foodpic #yum #chef #foodiesofinstagram #dessert #breakfast #restaurant #foodblog #eatingnyc
13,"farro salad>>>

â€¢
â€¢
â€¢
â€¢
â€¢
â€¢
â€¢
â€¢
#foodie #food #foodporn #instafood #foodphotography #foodstagram #foodblogger #yummy #foodlover #delicious #foodgasm #homemade #instagood #foodies #foodiesofinstagram #healthyfood #tasty #foodpics #dinner #love #lunch #cooking #dessert #bhfyp #breakfast #yum #chef #healthy #foodblog #emyayeats",That looks good and healthy!
4,"Creamy Sausage & Mushroom pasta

Usually chicken but i had none so improvised with these instead... First time tasting them and they are yum! 

So easy and any meat can be used...

Sausage/chicken 130g
Pasta 60g
Mushrooms 85g
Carrot
Onion
Garlic granules
Garlic salt
Lemon pepper
Add 40ml of cream and top up with water

Total 550kcal

#lunch #dinner #healthydinner #healthylunch #healthyeating #healthyfood #food #foodie #foodofinstagram #instayum #veggies #vegetarian #vegetarianfood #weightloss #weightlossjourney #losingweight #babyweight #homemadefood #cooking #homecooking #fitness #fitjourney #instafit #instafood"
20,"Leftovers are gold in the kitchen, and a fridge raid always make me smile 

Last nights New potatoes and green beans met olive oil in a hot pan. A few dollops of Roasted Red Pepper, Chilli and Garlic  Sauce joined (You could use Pesto), a good crack o pepper and fried eggs to finish

A lunch of leftovers in minutes!
Love what you have got  x

#LoveLeftovers #Fridgeraid #Friedeggs #sauteÌ #Potatoes #Cook #Shoot #Eat #Post #MeatFree #Lunch #InstaFood #TheFeedFeed #Food52 #LoveFood",My kind of lunch ğŸ˜‹ğŸ™Œ
3,"Day 50, Meal 2 - done âœ… I have to say the @nushfoods chive cream cheese (vegan) is SO yummy!!! ğŸ’š I was really really skeptical as before transitioning to vegan for #veganuary2021 I absolutely loved my low fat cream cheese on ryvita as either a snack or accompaniment to soup ğŸ¥° So I thought Iâ€™d give this a go and at only 3sp for 50g itâ€™s not bad on #wwgreenplan points either! I absolutely love lentil soup by the way especially on a freezing cold day â„ï¸â˜ƒï¸ #soup #wwuk #vegan #veganlife #plantbased #veganlunch #weightlossjourney #weightloss #determined #veganfood #nush #yummy #lunch #caloriecounting #fooddiary #veganjourney #soupforthesoul #lunchtime ğŸŒ"
6,Chole kachalu ki chat# sev#red radish slice# tangy tamarind sauce# mint sauce##food #foodporn #yum #instafood #yummy #amazing #instagood #photooftheday #sweet #dinner #lunch #breakfast #fresh #tasty #food #delish #delicious #eating #foodpic #foodpics #eat #hungry #foodgasm #hot #foods4thought,Love the colors
3,"When my new favorite food arrives just in time for lunch ğŸ¤©

#essentialfoodsofficial #essentialfoods #cute #mjolnerthemarvelous #largebreed #lunch #food #dogsofdenmark"
2,ğŸ ğŸ¥¦ğŸ¥•ğŸŸ#lazac #salmon #Ã©desburgonya #gyogyulas #home #kitchentime #lunch #food #foodporn #vegetables #foodstagram #foodlover #lunchtime #mutimiteszel #fÅ‘zÃ©s #mik
5,"Thursday lunch:
Cod bites with rice and veggies

Trocitos de bacalao con arroz y verduras

#feedingthegrizzly #thursday #cod #lunch #rice #veggies #vegetables #bacalao #arroz #verduras #trocitos #jueves"
2,#yummy @goustocooking #lunch #food #foodporn #healthylifestyle #healthyfood
1,clickable links #pavbhaji #ladipav #bhaji #potato #capsicum #greenpeas #butter #onion #streetfoodindia #snacks #teatimesnacks #lunch #dinner #breakfast #homemade #indianrecipes #karnatakarecipes #mumbairecipe
4,"I live for turkeyğŸ˜ğŸ¥ºğŸ˜ğŸ˜‹ğŸ˜‹
..
..
 #jollofrice #laziefoody #food #foodporn #foodie #instafood #foodphotography #foodstagram #yummy #instagood #foodblogger #delicious #love #foodlover #like #follow #healthyfood #foodgasm #dinner #homemade #foodies #tasty #photooftheday #lunch #cooking #restaurant #healthy #chef"
6,"Ù‡ÛŒÚ† Ø´ØªÛÚ© ÙˆÛ•Ú© Ø®ÙˆØ§Ø±Ø¯Ù†ÛÚ©ÛŒ Ø®Û†Ø´ Ø®Û•ÚµÚ© Ú©Û†Ù†Ø§Ú©Ø§ØªÛ•ÙˆÛ• . ğŸ˜‹

â€â€ğŸ“: MRF 4 Towers
ğŸ“²: 07503690022

â€”â€”â€”â€”â€”â€”â€”â€”â€”â€”

Nothing brings people together like a delicious food . ğŸ˜‹

â€â€ğŸ“: MRF 4 Towers
ğŸ“²: 07503690022

â€”â€”â€”â€”â€”â€”â€”â€”â€”â€”

Ù„Ø§ Ø´ÙŠØ¡ ÙŠØ¬Ù…Ø¹ Ø§Ù„Ù†Ø§Ø³ Ù…Ø«Ù„ Ø§Ù„Ø·Ø¹Ø§Ù… Ø§Ù„Ù„Ø°ÙŠØ° .

â€â€ğŸ“: MRF 4 Towers
ğŸ“²: 07503690022

â€”â€”â€”â€”â€”â€”â€”â€”â€”â€”
#tchetche #tchetchecafe #cafÃ© #restaurant #foodlover #lamb #kurdistan #iraq #erbil #breakfast #lunch #dinner #apetizer #sweet #dessert"
3,"We will open at 11am today for lunch.  Jason is making his Italian Chicken Soup.  Plus, we have hot coffee, brownies and gelato.  Please be safe out there!
.
#cordells #shopsmall #shoplocal #eatlocal #abilene #FarmFresh #farm #brownies #lunch"
4,"#lunch wok de legumes x struck hachÃ©

#regime #diet #regimeuse #regimeusemotivee #weighlossjourney #weightloss #weightlossjourney #pertedepoids #pertedepoidssaine #healthyfood #healthy #imback #foodporn #food #foodlover #fit #fitness #fitgirl #motivation"
4,"Chicken Parmigiana ğŸ‘ŒğŸ‘ŒğŸ—ğŸ—ğŸ—
.
_
 
.
.

.
.
#Doralcafeanddeli #lunch #homemade #lunchtime #lunchideas #lunchğŸ´#lunchathome #eatingfortheinsta #eats #eat #eatgood #doral #Miami #Food #109 #doral #doralfood #miamirestaurant #miamifood #chickenparmigana #chickenparmesan"
6,"Butternut Squash and Sage Risotto
.
#foodie #food #foodporn #instafood #foodphotography #foodstagram #foodblogger #yummy #foodlover #delicious #foodgasm #homemade #instagood #foodies #foodiesofinstagram #healthyfood #tasty #love #dinner #foodpics #lunch #cooking #vegetaraion #bhfyp #vegan #yum #chef #healthy #foodblog #risotto"
10,"Lunch: bowl with lamb's lettuce, mushrooms, cherry tomatoes, raddish, sprouted lentils topped with spring onion and hot sauce
.
.
.
#food #lunch #healthy #vegan #wholefoodplantbased #wfpb #vegansofinstagram #vegans #whatveganseat #plantbased #veganstudent #vegangirl #veganfood #veganbowl #rawvegan #easyvegan #simplevegan #veganeats #veganessen #vegangermany #vegandeutschland #essen #gesund #rohvegan #vegancommunity #veganshare #buddhabowl #veganfoodie #healthyfood #healthyvegan"
4,"Brave the â„ï¸and warm up by the ğŸ”¥ with a bowl of our famously delicious Wyoming Elk & Beef Chili for lunch today at The Village Anchor, 11a - 2p!! #comfortfood 

Reservations for COVID-safe indoor & heated bubble dining or order online curbside carryout âš“ï¸â„ï¸ğŸ”¥VillageAnchor.com or 502.708.1850

#safedining #bubbledining #carryout #food #instafood #yummy #delicious #tasty #homemade #foodies #yum #love #photooftheday #louisville #kentucky #louisvilleeats #eatlovelouisville #louisvillefood #lunch #chili #comfortfood"
4,"ğ•‹ğ•–ğ•¤ğ•¥ğ•šğ•ğ• ğ•Ÿğ•š ğ•¡ğ•–ğ•ğ•’ğ•Ÿğ•˜ğ•˜ğ•˜ğ•’ğ•Ÿ ...

#jhuzyefoodndrink #jhuzyeboba #jhuzyelovers #jhuzyegeprek #thankyou #thankyoufororder #food #foodporn #yum #instafood #yummy #amazing #instagood #photooftheday #sweet #dinner #lunch #breakfast #fresh #tasty #foodie #delish #delicious #eating #foodpic #foodpics #eat #hungry #foodgasm"
7,Life is better with burritos ğŸŒ¯ try our  el guapo with chorizo or vegetarian la Bonita now #linkinbio,#milestable #breakfast #brunch #lunch #coffee #burgers #fries #phillyeats #philly #openinphl #philadelphia #eeeeeats #phillyfoodie #phillyfood #southstreetphl #ordernow #doordash #trycaviarphilly #grubhub #supportsmallbusiness #shopsmall
9,"Quanno li fate cosÃ¬ ne parlamo#food #instafood #instagood #foodblogger #foodie #italy #love #foodphotography #picoftheday #photooftheday #foodlover #yummy #delicious #foodgasm #italianfood #dinner #italia #foodstagram #travel #eat #photography #foodpic #instalike #cibo #lunch #amazing #pizza #instagram #foods #restaurant
---
I'm using @tagsfinder_com (www.tagsfinder.com) created by @petr.z.prahy"
0,Tom yum ğŸ¦ #thaifood #kinnthai #endlesshunger #lunch #endlessluncher #food #canberra#tomyumsoup
3,"Easy lunch x
#slimmingworld #slimmingworldconsultant #freefood #extraeasy #nofads #swtotnes #swinsta #swinstagram #slimmingworldinstauk #slimmingworlduk #lunch"
5,"Our Boxed Meals are perfect for any office occasion! ğŸ®ğŸ’¼ Place an order online or over the phone!
â€¢
â˜ï¸ 215 855-2202
ğŸ’»| cfarestaurant.com/montgomeryville/home
â€¢
â€¢
â€¢
#chickfila #cfa #eatmorechicken #lunch #dinner #catering"
8,"ğŸ§…ğŸ§…ğŸ§…
#food #foodporn #foodie #instafood #foodphotography #foodstagram #yummy #instagood #love #follow #foodblogger #foodlover #like #delicious #homemade #healthyfood #photooftheday #picoftheday #dinner #foodgasm #foodies #tasty #cooking #instadaily #lunch  #restaurant #instagram #healthy"
10,"FRIED CATFISH & A DELTA MULE... our Ark-Mex way of winding down. ğŸ™Œ Youâ€™ve nearly made it through the week. Reward yourself with a plate of Fried Catfish Tacos and an oh-so-refreshing Delta Mule Cocktail. Cheers!

#heightstaco #htt #taco #pickle #catfish #eatlocal #eatlocalLR #arkansas #eatwell #dinner #whatsforlunch #lunch #mexicanfood #intheheights #locallyowned #madeinarkansas"
2,"It's a Purple ğŸ’œ Reign on our table today with Burnt garlic veg singapore noodles and a warm bowl of Purple cabbage soup.
.
.
.
Follow @mom_im_hungryyy for more intresting, yummy treats.
.
.
.
#singaporenoodles #vegetarian #purplecabbagesoup #purplecabbage #redcabbage #redcabbagesoup #vegan #deliciousinmybowl #coloursonmyplate #yummyinmytummyğŸ˜‹ #eeeeeats #nomnom #f52grams #f52community #homemade #healthy #comfortfoodeats #eatyourcolors #treatyoubetter #lunch #dinner #happymeal #happyeating #purple #purplelove #ourhomestoriesâ¤ï¸"
11,"Gift your love ones a lifetime memory at @ariawestvillage 

#comfortfood #foodie #foodporn #food #instafood #foodphotography #homemade #foodstagram #delicious #yummy #homecooking #foodblogger #dinner #foodlover #healthyfood #vegan #tasty #lunch #foodgasm #cooking #pasta #foodiesofinstagram #soulfood #foodies #yum #vegetarian #delivery #datenight #pastalover #valentines"
5,"I like Alexis @alexis.conners the ""Newbie"" @f45_training_newtampa ğŸ˜. At 5am, it hard to motivate early risers....Great Job CoachğŸ‘ğŸ½ğŸ‘ğŸ½. See you soon!!!",@f45_training_grovewesleychapel #motivation #nutrition #health #cleaneating #fitness #bodygoals #healthylifestyle #foodie #lunch #real #sol #sun #solar #food #restaurant #high #quality #grabngo #813eats #tampa #tampabay #matterman #jonsgourmet #blackownedbusiness #vibratehigher,Love ğŸ’“ it DMğŸ“© @thefitshark__
0,"Hungry? 

Hot chips layered on 2 slices of WholeSun buttered bread and drizzled with tomato sauce ğŸ˜‹ğŸ˜‹. Perfect to enjoy any time of the day ğŸ˜",#wholesome #wholesun #wholesunbread #bread #breadmaking #breadbaking #breadsofinstagram #breadart #breadlove #chips #chiproll #hotchips #fries #tomatosauce #lunch #dinner #foodie
4,"So glad we stopped by @caribellachicago in #LoganSquare.  Offering a variety of breakfast and lunch entrees...many under $10... we LOVED the jerk #chicken #Jibarito â¤ï¸ğŸ˜‹

#caribella #chicago 

#food #foodie #foodporn #instafood  #delicious #sun #foodstgram #tasty #foodlover #foodblogger #restaurant #eat #love #instagood #happy #eeeeeats #yummy #chicagofood #globaleats  #chicagofoodie #happy #foodieinternationalchat #smile #sandwich #breakfast #lunch"
5,"Arroz,pulpo y verdurağŸ‘¨â€ğŸ³ğŸ™ğŸšğŸ¥•ğŸ¥’ğŸ¥¢
.
- arroz
- pulpo al teriyaki
- verduras al wok

.#me #pasion #chef #pulpo #teriyaki #verduras #wok #lunch #comer #comidasana #fusion #foodstyling #fooodporn #foodphotography #foodie #foodlover #food #instafood #instachef #artfood #barcelona #brutal #platazo #octopus"
8,"Savoury Muffins fresh daily. Get them while you can. (Online order link in bio)
#breakfast #lunch #coffee #tea #treats #beer #wine #hamonteats ğŸ‘ğŸ¥¯ğŸ¥ªâ˜•ï¸ğŸ«–ğŸ§ğŸºğŸ·âœŒï¸"
2,"An apple a day!

Apples and yogurt are on repeat this week for breakfast!

My current favorite is Honey Crisp; I  love the crunch and that it isn't super sweet.

What is your favorite apple?

#trackingitall #ww #wwcoach #weightwatchers #instafood #yum #delicious #breakfast #lunch #dinner #food #yummy #healthyeating #healthyfood #healthy #chef #nomnomnom #foodphotography #apple #anappleaday #apples #crunch #crunchy #crisp #fruit #yogurt #yogurtdip #greekyogurt"
3,#food #foodporn #foodie #instafood #foodphotography #foodstagram #yummy #instagood #love #follow #foodblogger #foodlover #like #delicious #homemade #healthyfood #photooftheday #picoftheday #dinner #foodgasm #foodies #tasty #cooking #instadaily #lunch #bhfyp #restaurant #instagram #healthy #bhfyp
3,"Had a different lunch today. I always have a tuna sandwich but today I had scrambled egg on toast and then peanut butter on toast bc that didn't feel like enough.

It was delicious, I couldn't say which was the better slice ğŸ˜‡

Last night I had a lot of the chocolate tiffin that I made for pudding, like several pieces. I just had this sudden wave of certainty that I needed to keep going, not get complacent in recovery, give my future self the chance to have children if she wants them. So I had more calories than usual to get my body closer to an optimally healthy state. Having more calories is the best thing you can do in recovery. Eating more will only get you to your body's healthy weight quicker.

#eatingdisorderrecovery #edwin #edwarrior #edfighter #mentalhealth #edrecovery #eatittobeatit #strongnotskinny #recovery #anorexiafighter #anorexianervosarecovery #anorexiarecovery #ednos #mentalhealthmatters #mentalhealthawareness #feelthefearanddoitanyway #antidiet #allbodiesaregoodbodies #antidietculture #lifepositivebodyneutral #selflove #selfcare #oppositeactions #recoveryjourney #mentalhealthrecovery #mentalillnessrecovery #bodyacceptance #lunch #scrambledegg #anorexiawarrior"
3,"Pasta express 

#food#lovefood# #pasta#foodie #instafood #foodphotography #foodstagram #yummy #instagood ##follow #foodblogger #foodlover #like #delicious #homemade #healthyfood #photooftheday #picoftheday #dinner #foodgasm #foodies #tasty #cooking #instadaily #lunch #homecooking #restaurant #instagram #healthy#"
4,"As we celebrate our one year anniversary this week, We want to thank all of you for your awesome support! â¤ï¸ We also will be selling some amazing handmade pottery by Earth Known Clay. There will be amazing mugs, single pour overs, bowls, and cute jars. I absolutely love drinking my morning coffee from these beautiful mugs! By the way, itâ€™s all made locally. Donâ€™t forget to warm up to a nice yummy latte and fill your bellies with some breakfast, lunch or something sweet. Stay warm and safe! Make today AWESOME! ğŸ¤©#cafe #breakfast #lunch #bakedgoods #latte #coffee #callicoon #callicoonny #love #thekitchentablecafe33 @earthknownclay"
10,"You see calories, I see memories!  @ritzclassic 

Follow @cuisine_goa 
Follow @cuisine_goa 
Follow @cuisine_goa 

#food #delicious #tasty #india #foodies #eat #hoggers #lunch #dinner #seafood #shrimp #cuisinegoa #goan #goa #foodblogger #foodie #indian #french #fries #potatoes #cooking #recipes #easy #dish #rice #likes #instagood #instadaily #picoftheday #likeforlike"
4,"Roses are red, â¤ï¸
Violets are blue ğŸ’™ 
This looks delicious and isnâ€™t for two! ğŸ˜

.
We are now open for DINE-IN service
.
Outdoor Dining, Takeout and Curb-side also Available 
.
Call Ahead Seating available: 609-391-0222 ğŸ“±
.
Check out our Full Menu and Order Online here: augiesocnj.com
.
.
#Augies #NJ #NewJersey #NewJerseyEats #OceanCity #Omelettes #Waffles #Breakfast #Brunch #Lunch"
8,"Thatâ€™s right, Hot Queso Dip is here to get you through all this snow â„ï¸ ! A rich Queso infused with spices and topped with a Green Chili Salsa served with our fresh house made Tortilla Chips. You can make even better by adding our Smoked Brisket to make it a â€œBrisket Queso Dipâ€!!!! ğŸ§€ 
â€¢
ğŸš¨ Today is the Day to get those Valentineâ€™s  Day orders in. Weâ€™re doing the best we can to get everyone wanting to order on the list but we may have to cut ordering short by this afternoon â¤ï¸ 
â€¢
Check out our website for Menu updates and donâ€™t forget, Indoor Dining returns March 10th! So if youâ€™re interested in dining with us, give us a call at 717-584-3116 reservations are HIGHLY recommended!
â€¢
â€¢
â€¢
#valentines #goodvibes #bbq #food #lunch #dinner #restaurant #mexicanfood #winter  #instafood #foodstagram #instagood #instalike #repost #smallbusiness #local #likeforlikes #tasty #foodnetwork #bonappetit #foodandwine #lancastercounty #lancaster #lancastercountypa #lancaster #millersville #millersvilleuniversity #franklinandmarshall #tacos #new #2021 #tacos"
2,"Check out our new weekly specials.  Available today thru Wed. 2/17, dine in or delivery! #instayum #weeklyspecials #dontmissout 
.
.
#njrestaurants #lunch #nj #lunchtime #dinner #norwood #dinnertonight #njfoodie #njfood #italianrestaurant #bergencounty"
8,#food #foodporn #foodie #instafood #foodphotography #foodstagram #foodlover #yummy #foodblogger #delicious #foodgasm #tasty #cooking #eat #dinner #foodpics #foodies #lunch #healthyfood #homemade #foods #foodpic #yum #chef #foodiesofinstagram #dessert #breakfast #restaurant #foodblog #eatingfortheinsta
4,"Taiwanese Egg Fried Rice ğŸ˜‹. 
.
.
#dapurcanada#homemade#cook#lunch#rice#friedrice#canada#ontario#february2021"
5,"Sweet and simple. ğŸ¥ ğŸ¥. Buttermilk pancakes. ğŸ“¸ @laurenavilaphotography
.
.
.
.
.
.
#takeoutlongbeach#shoplocal#supportsmallbusiness#brunch #sundayfunday #breakfast #lunch #mimosa #schooner #longbeach #orangecounty #togo #waterfrontdining #waterfront #brunchwithaview #longbeachfood #longbeacheats #losangelesfood #dinersdriveinsanddives #diner #longbeachfoodie #longbeachcity #foodie #takeoutchallengelongbeach #belmontshore #naples,ca #belmontheights #lbc #longbeach #naplesisland #omlettes  #belmontshore #belmontheights #lbc"
4,#traditional #moroccan #lunch #lambtajine with #potatoes and #olives served with side salads and #zaalouk . Meat spices: #blackpepper #curcuma #gingerpower #paprika and salt. Slow Cooked in #oliveoil in a terracotta #claypot #tajine
11,"Cheung Fun, è…¸ç²‰
.
LOOK!!! Handmade by chef of the house (NOT ME btw!)
.
When these were first attempted.... they definitely didnâ€™t look like this! But after a few goâ€™s look at them!  They were almost as good as what you can get in the restaurants but just home made!
.
These ones had spring onions but were so tasty with the sweet soy sauce and hoisin sauce!
.
Have you guys been cooking more these days?!?
.
.
.
#chiggereats #cheungfun #è…¸ç²‰ #hongkongfood #hkfood #hkfoodblogger #hkfoodstagram #hkfoodblog #hkfoodie #hkfoodporn #hkfoodpic #dimsum#dimsumlover #dimsumtime #yumcha #lunch #homemade #londonfoodie #foodietribe #foodtryb #londonfood #ldnfood #londonfoodie #londonfoodies #foodporn #foodpics #foodphotography #foodgram #foodgloriousfood #foodiesofinstagram"
10,"Healthiest Laddoo everâ¤ï¸No sugar, No ghee
. 
Checkout my reels for its recipe
. 
Follow
@moms_magicanjana 

#food #foodporn #foodie #instafood #foodphotography #yummy #foodstagram #instagood #delicious #foodblogger #love #foodlover #like #follow #healthyfood #foodgasm #dinner #foodies #tasty #restaurant #lunch #homemade #photooftheday #eat #cooking #healthy #picoftheday #chef #instagram #bhfyp"
5,"â€¢ â­ï¸Lunch â­ï¸
â€¢
â€¢
â€¢Lunch today was a half a pack of @aldiuk Cajun chicken fillets which I picked up on offer yesterday with a salad, avocado, mayo and some sweet chilli sauce! ğŸ¥‘ğŸ”ğŸŒ¶ğŸ¥—
â€¢
â€¢
â€¢
â€¢#slimmingworld #slimmingworlduk #lunch #weightloss #diet #slimmingworldinsta #weightlossjourney #slimmingworldrecipe #bodymagic #caloriecounting #slimmingworldlunch #food #slimmingworldmotivation #slimmingworldfood #running #slimmingworldfriends #dietplan #calories #weightlossmotivation #slimmingworldinspiration #slimmingworlddiary #foodoptomising #caloriedeficit #healthyeating #myfitnesspal #slimmingworldfamily #slimmingworldmafia #exercise #slimmingworldjourney #gym"
17,"Le Bec Fin 
å‘¢é–“ä¿‚french-inspired Japanese restaurantï¼Œæ‰€ä»¥å¯ä»¥è¦‹åˆ°å»šå¸«æœƒé‹ç”¨æ™‚ä»¤æ—¥æœ¬é£Ÿæèå…¥æ³•åœ‹å˜…çƒ¹èª¿æŠ€å·§

é¦–å…ˆä»‹ç´¹å“å…¶ä¸­ä¸€å€‹å››é“èœå˜…åˆå¸‚å¥—é¤
-duck breast salad
-gratinated drench onion soup en cocotte
-Spanish red prawn pasta
-creme caramel 

ğŸ¥—æ‰€é¸ç”¨å˜…è”¬èœæ¯”æ™®é€šå˜…é¤å»³ç¨®é¡è¼ƒç‰¹åˆ¥ï¼Œäº¦éƒ½çœŸä¿‚å¥½æ–°é®®

ğŸ§„æ¹¯äº¦éƒ½çœŸä¿‚å¥½impressiveï¼ŒçœŸæå¯¦æ–™ï¼ŒèŠå£«é‹ªé¢ï¼Œè€Œä¸”å³åˆ»è¦ºï¼ŒåŒä¹‹å‰å–ºæ³•åœ‹é£²éå˜…ä¸ç›¸ä¼¯ä»²ğŸ‘ğŸ»

ğŸ¦ğŸäº¦éƒ½çµ•ä¸æ¬ºå ´ï¼Œéœ€çŸ¥é“å¹³æ™‚é£Ÿä¸€éš»ç´…è¦å¹³æ—¢éƒ½å·®ä¸å¤šæ¥è¿‘$200æ¸¯å¹£ï¼Œä½†ä¿‚ä¸€ç¢Ÿæ„ç²‰å·²ç¶“ç”¨å’—äº”éš»ï¼Œé£Ÿä¹‹å‰å’æ™’å•²è¦è†å‡ºåšŸï¼Œé»å£é¦™ç³¯ï¼Œè¦å‘³æ¿ƒéƒ

æœ€å¾Œå˜…ğŸ®å‰‡è¼ƒç‚ºæ™®é€š
ğŸ”¸
4 courses $660
ğŸ”¹
ğŸ“åˆ†å€ç¾é£Ÿæœç´¢#ieathkåŒ—è§’ #ieathk_northpoint
ğŸ”¹
 #ieathk #hk #hkfood #foodie #eater #lifewelltraveled  #nomnom #yummy #instafood #hkfoodie #getinmybelly #beautifulcuisines #forkyeah #9gagnomnom #foodporn #lunch #dinner #hongkongfood #frenchbistro #duckbreast #redprawn"
8,"NovitÃ  le delizie#food #instafood #instagood #foodblogger #foodie #italy #love #foodphotography #picoftheday #photooftheday #foodlover #yummy #delicious #foodgasm #italianfood #dinner #italia #foodstagram #travel #eat #photography #foodpic #instalike #cibo #lunch #amazing #pizza #instagram #foods #restaurant
---
I'm using @tagsfinder_com (www.tagsfinder.com) created by @petr.z.prahy"
7,"ğŸ˜‹ğŸ¥£
#food #foodporn #foodie #instafood #foodphotography #foodstagram #yummy #instagood #love #follow #foodblogger #foodlover #like #delicious #homemade #healthyfood #photooftheday #picoftheday #dinner #foodgasm #foodies #tasty #cooking #instadaily #lunch #bhfyp #restaurant #instagram #healthy #bhfyp"
1,"[Dreamcatcher íŠ¸ìœ„í„°ì˜ ìƒˆë¡œìš´ ì—…ë°ì´íŠ¸]

ê¿ˆë‘¥ì´ë“¤âœ¨#ë“œë¦¼ìºì³ ì™€ í…ì…˜ì—…! í–ˆë˜ #ì§€ì˜¤ë”” #ì ì‹¬ì–´íƒ ë¹„ë¡.. ìœ·ë†€ì´ëŠ” #ë´í˜¸ì´ ê°€ ì´ê²¼ì§€ë§ŒğŸ˜† ì„ ë¬¼ì¿ í°ì€ #Dreamcatcher ì—ê²Œ ì˜ ì „ë‹¬(?) ë˜ì—ˆìŠµë‹ˆë‹¤ã…‹  #ì¸ì¦ìƒ·ğŸ“¸ #NOWì˜¨ì—ì–´ #god 

[NUEVA ACTUALIZACIÃ“N DEL TWITER DE DREAMCATCHER]

Dreamcatcherâœ¨ #Dreamcatcher y tensiÃ³n! #Geodi #Lunch Attack Aunque ... Yutnori #Denhoi ganÃ³ ğŸ˜† Los cupones de regalo se entregaron bien a #Dreamcatcher (?)

#jiu #sua #gahyeon #dreamcatcher #yoohyeon #siyeon #dami #handong #insomnia #kpop #dreamcatcherkpop #dreamcatchers"
9,"Lunch! 397 cals!

Working today and resisted pizza and opted for salad ğŸ™ŒğŸ¾ğŸ™ŒğŸ¾

Cajun chicken & panchetta with a balsamic and olive oil dressing

#healthychoices #healthyfood #healthyeating #healthylifestyle #salad #lunch #calories #caloriecontrol #caloriecounter #caloriedeficit #calorietracking #caloriecounting #caloriecountinguk #caloriefuckingdeficit #weightlossuk #weightlossgoal #weightlossstory #weightlossjournal #weightlossjourney #weightloss #beaccountable #changeyourmindset #changeyourlifestyle #hospitalitylife #eatlessmovemore #workingonmyself #workingonmyfitness #changes #goals #goalsetting",That looks so yum! ğŸ˜‹
3,"Ahi sandwich from Avensole Winery
#ahi #ahisandwich #sandwich #frenchfries #fries #temecula #winecountry #avensolewinery #lunch #lunchideas #lunchinspiration #lunchinspo"
3,"ğŸ”¥20% OFFğŸ”¥

ğŸ•Italian meatball ğŸ•

ğŸ•Chicken, chorizo and jalapeÃ±oğŸ•

These wonâ€™t last at this price, get yourself down High Street, for a fantastic pizza made in 3mins ğŸ•ğŸ”¥ğŸ•

#glasgow #3minutepizza #italianbase #pizza #scotland  #highstreet #pizzalover #365days #open247 #foodlover #pizzamyheart #italy #welovepizza #instafood #pizzaforlife #pizzatime #dinner #lunch"
11,"#ê°„ì‹ #í•œêµ­ìŒì‹ #koreanfood
.
#food #foodporn #foodie #instafood #foodphotography #foodstagram #yummy #instagood #love #follow #foodblogger #foodlover #like #delicious #homemade #healthyfood #photooftheday #picoftheday #dinner #foodgasm #foodies #tasty #cooking #instadaily #lunch #bhfyp"
5,"Lunch on Bananna leaf

....

#lunchtime #lunch #lunchtimeworkout #lunchtimes #lunchtimefun #lunchtimewalk #lunchtimelive #lunchtimefitness #lunchtimerun #lunchtimeconcert #lunchtimeselfie #foodporn #lunchtimeisthebesttime #lunchtimephotography #food #lunchtimeshopping #lunchtimewalks #lunchtimestrolls #lunchtimefuntime #fitness #london #lunchtimeentertainment #yummy #spring #foodie #running #instafood #lunchtimecafe #workout #healthyfood"
4,"Î Î¿Î¹ÏŒ ÎµÎ¯Î½Î±Î¹ Ï„Î¿ Î¼Î¿Î½Î±Î´Î¹ÎºÏŒ Ï†Î±Î³Î·Ï„ÏŒ Ï€Î¿Ï… Î¼Ï€Î¿ÏÎµÎ¯Ï‚ Î½Î± Ï†Î¬Ï‚ ÏŒÎ»ÎµÏ‚ Ï„Î¹Ï‚ Î¼Î­ÏÎµÏ‚, ÏŒÎ»ÎµÏ‚ Ï„Î¹Ï‚ ÏÏÎµÏ‚, ÏŒÎ»ÎµÏ‚ Ï„Î¹Ï‚ ÏƒÏ„Î¹Î³Î¼Î­Ï‚ & ÏƒÎµ ÎºÎ¬Î¸Îµ Ï€ÎµÏÎ¯ÏƒÏ„Î±ÏƒÎ· ÏŒÏ€Ï‰Ï‚ ÎºÎ±Î½Î­Î½Î± Î¬Î»Î»Î¿; #CrepaCrepaLove

#instafood #eat #foodpic #delicious #yummy #instagood #crepes #foods #spicy #foodie #food #fresh  #foodpics #hungry #tasty #lunch #eating #yum #dinner #foodporn #photooftheday #foodgasm #foodlovers #delish #amazing #crepes #salt #crepa #cheese"
4,"Lunch today - @heckfooduk spring sausages with spinach, cherry tomatoes ğŸ… and low fat coleslaw ğŸ™ŒğŸ¼

I used :

â€¢ 5 sausages 
â€¢ 100g low fat coleslaw 
â€¢ 56g cherry tomatoes
â€¢ 36g spinach 

Seasoned with lots of salt and pepper ğŸ’ğŸ¼â€â™€ï¸

Macros
âœ¨C 10g
âœ¨F 12g
âœ¨P 35g

ğŸ”¥Overall cals 300

#healthylifestyle #healthyfood #healthyeating #lunch #lunchideas #easy #easyandhealthy #easyhealthymeals #delicious #deliciousandnutritious #healthy_hollyb"
1,"Thursday #lunch: a very tasty delivery from Mine Madeh.
(Second photo from the Uber Food app)
ğŸ³ğŸ³ğŸ³
#allfoodisgoodfood #ainuketÃ¶Ã¶mistoidab #lÃµunasÃ¶Ã¶k #takeaway #Ğ½ĞµĞ·Ğ°Ğ¸Ğ½ÑÑ‚Ğ°Ğ³Ñ€Ğ°Ğ¼Ğ¸Ğ»Ğ½ĞµĞ¿Ğ¾ĞµĞ» #Ğ¿ĞµÑ€ĞµÑ€Ñ‹Ğ²Ğ½Ğ°Ğ¾Ğ±ĞµĞ´ #minemadeh"
6,"#ì• í”Œë§ê³  #í•œêµ­ìŒì‹ #koreanfood
.
#food #foodporn #foodie #instafood #foodphotography #foodstagram #yummy #instagood #love #follow #foodblogger #foodlover #like #delicious #homemade #healthyfood #photooftheday #picoftheday #dinner #foodgasm #foodies #tasty #cooking #instadaily #lunch #bhfyp"
2,"This meal deserves some respect!!! 

Just look at this beauty ğŸ˜»ğŸ˜»

 If you no order our lunch wetin you gain oooo.. 

Hello there â˜ºï¸â˜ºï¸

No one does it better!! Foodie  #lagoscaterer #breakfast #sadealata #food  #chefmode #madeinlagos #abujacaterer #nigerianfood #gizzard #stayathome #puffpuff #foodblooger #lunch #giveaway #macaronisalad #africandishes #foodlover #beans #abujafoodie #breakfastinspiration #nigeriancaterer #corona #plantian #chicken #instablog9ja  #smallchops #chineserice #partyjollof #turkey #riceandbeans"
4,"This AmAzing sandwich got me speechless!

Let me know how it turns out if you make this!
...
Ingredients
3 slices of whole wheat sandwich bread
1 medium-sized onion cut into rings
2 tomatoes cut into rings
2 sunny side up eggs
thinly sliced ham (I used Zwan luncheon meat which is essentially a chicken ham)
lettuce leaves
Salt
Black pepper
Mayonnaise
Finely grated cheese

1. Toast your bread for a few minutes until lightly brown and crispy
2. Set up your work station or countertop with the toppings in the sequence you want them to go on to your sandwich.
Starting from my far right, I have mayonnaise, lettuce, sunny side up egg, ham, tomatoes and onions. This is my preferred method for sandwich stacking, but by all means do what makes you satisfied.
3. Spread a slice of toasted bread with mayonnaise on one side, then layer with lettuce, a sunny side up egg, some slices of ham, some slices of tomatoes and finally some slices of onions in that order.
4. Season with salt and black pepper
5. Top this bottom stack with another slice of toasted bread already spread with a generous amount of mayonnaise, then repeat your stacking.
6. Season with salt and pepper
7. Top the two stacks with the final slice of toasted bread, also spread with a generous amount of mayonnaise. 
8. Now it's time for the taste test! Yum Yum
-
#explore #lunch #ghanaianfood #foodie #FrommMyTinyKitchenToYourHearts #eatghana #thisisaccra #foodblogger #simplerecipe #easycooking #cookingmadeeasy #foodporn #sandwiches"
6,".
.
.
ï½¢tomato sauceï½£
.
.
ãƒ¢ãƒãƒ¢ãƒã®ãƒã‚šã‚¹ã‚¿ã¨
ãƒ’ã‚šã‚µã‚™ã‚‚ãƒ¤ãƒã‚™ã„âœ¨ç¾å‘³ã—ã„âœ¨
.
ğŸ•
#å¤§é˜ª#æ³‰ä½é‡#pizza#pasta#ãƒã‚™ãƒ©ãƒƒã‚­ãƒ¼ãƒ
#lunch#cafe#æ³‰ä½é‡ã‚«ãƒ•ã‚§ 
#cafestagram#ã‚«ãƒ•ã‚§å·¡ã‚Š 
#foodphotography#fujifilm#instalunch
#cafephotography#tokyocameraclub 
#igersjp#Osaka#fujifilm 
#Instagram#instagood#ã‚«ãƒ¡ãƒ©æ•£æ­© 
pt_life_ #igersjp#igdaily#æ—¥å¸¸#åœŸæ›œæ—¥ã®å°æ—…è¡Œ 
#ã‚­ãƒªãƒˆãƒªã‚»ã‚«ã‚¤#ãƒ•ã‚¡ã‚¤ãƒ³ã‚¿ã‚™ãƒ¼è¶Šã—ã®ç§ã®ä¸–ç•Œ"
14,"Boneless Chicken Kerhai !
Why not make this quick fix simple yet delicious kerhai for your weekend dinner ! 
For a complete recipe , go check my stories / highlights ! 
and donâ€™t forget to give it a thumbs up ğŸ‘ if you like the recipe !

#chicken  #chickenrecipes #dinner #chickenlovers #lunch #foodphotography #foodlover #foodiesofinstagram #yummyinmytummy #yummyfood #deliciousfood"
4,#food #foodism #foodtime #foodstagram #foodlover #foodlovers #fooddiary #livetoeat #lovetoeat #cook #lunch #eat #comfortfood #lunchtime
9,"Check out our stories for behind the scenes swirls, drips & ASMR ğŸ˜‰ğŸŒ€ğŸ”‰ğŸª
.
.
.
.
.
.
.
.
.
.
.
.
.
.
.
.
.
.
.
.
.
.
.
.
.
.
.
.
.
.
.
.
.
.
.
.
.
.
.
.
.
.
.
.
.
.
.
.
.
.
.
.
.
.
.
.
.
.
.

#cookiestagram #cookies #londondesserts #afternoontea #lunch #cookiegram #london #ldnfood #londonfood #justeat #londonfoodguide #londonbakery #londonfoodblog #londoneats #chocolate #foodnetwork #foodnetworkuk #potd #friyay #eeeeeats #golondonfood #infatuationlondon #feedfeed"
104,"ã‚«ãƒ¬ãƒ¼ã‚¹ãƒ¼ãƒ•ã‚šã®è‚‰æ±ãƒãƒ³ãƒã‚™ãƒ¼ã‚¯ã‚™ğŸ´

ç¾å‘³ã—ã™ãã‚™ãŸãğŸ¤¤ğŸ’“

ï»¿
ï»¿ @calm_garden 

ï»¿
ï»¿
ï»¿
ï»¿
ï»¿

#fashion 
#fashionista 
#fashionblogger 
#instafashion 
#food
#foodie 
#foodporn 
#foodstagram 
#lunch 
#Insta
#instagram 
#instagood 
#instalike 
#instadaily 
#instamood 
#instapic 
#photo
#photography 
#photooftheday 
#follow
#followforfollowback 
#like4likes 
#likeforlikes 
#likeforfollow 
#å¤§é˜ªã‚¯ã‚™ãƒ«ãƒ¡ 
#å¤§é˜ªã‚«ãƒ•ã‚§ 
#ã‚¯ã‚™ãƒ«ãƒ¡
#ã‚¯ã‚™ãƒ«ãƒ¡å¥³å­ 
#ã‚¯ã‚™ãƒ«ãƒ¡éƒ¨ 
#ã‚¯ã‚™ãƒ«ãƒ¡ã‚¹ã‚¿ã‚¯ã‚™ãƒ©ãƒ "
385,"Pineapple Pepper MedleyğŸ

I like this side dish because it surprisingly pairs well with many diffferent entreÌes. 

Toss the peppers in about 2 T of pineapple juice, this will help the peppers caramelize a little. 

I fry the pineapple in 1:1 butter and olive oil. Then I use the same pan with a little more olive oil and sauteÌ the peppers on high heat.

Then I add the chopped pineapple back to the pan just to warm them up.

Salt & Pepper then serve. 

This medley can also show up on taco or fajita night!

.
.
.
#pineapple #bellpepper instagood #yummyfood #vegetarianrecipes #veganrecipes #recipeoftheday #satisfyingvideos #love  #healthyfood #healthylifestyle #healthyeating #videooftheday #happy #Food
#FoodPorn
#thaifood #fruitsbasket #fruitsalad 
#Foodie
#Delicious
#healthydesserts 
#Breakfast
#Yum
#Lunch
#homemade #vegandessert #photooftheday #veganfood",Yum!! Love these so much â¤ï¸,Omg so good! Love this combination ğŸ˜,Grilled pineapple is so yummy ğŸğŸ,Yum â¤ï¸. This dish looks amazing,Amazing account.  Can you check  my account and support it â¤ï¸ğŸ˜€,great photo!
26,"â€¢ A dieta tutta la settimana per affogare nei dolci la Domenica...â€¢ ğŸ¥±
ğŸ“ğ‘·ğ’‚ğ’”ğ’•ğ’Šğ’„ğ’„ğ’†ğ’“ğ’Šğ’‚ ""ğ‘ªğ’‚ğ’‡ğ’‡Ã¨ ğ‘´ğ’‚ğ’ğ’›ğ’ğ’ğ’Š""
ğ‘¨ğ’ğ’•ğ’‚ğ’ğ’–ğ’“ğ’‚, ğ‘·ğ’–ğ’ˆğ’ğ’Šğ’‚, ğ‘°ğ’•ğ’‚ğ’ğ’š
.
#waitingsunday #monday #mondaymood  #lunch #lunchtime #domenica #food #foodlovers #foodstagram #golositÃ  #delicious #puglia #weareinpuglia #pugliagram #pugliamylove #apulia #pugliafood #pasticceriamanzoni #altamura #february8th #yummy #sweetfood #italianvibes #tradizioni #moodoftheday #fuckcovod19 #staypositive #staystrong #noncirestachemangiare #dessert"
16,#passtilla #passtilla_marocaine  #passtillafruisdemer #food #foodporn #yum #instafood #yummy #amazing #instagood #photooftheday #sweet #dinner #lunch #breakfast #fresh #tasty #food #delish #delicious #eating #foodpic #foodpics #eat #hungry #foodgasm #hot #foods
16,ğŸ˜‹ğŸ˜‹ğŸ˜‹ #food #foodporn #yum #instafood #yummy #amazing #instagood #photooftheday #sweet #dinner #lunch #breakfast #fresh #tasty #food #delish #delicious #eating #foodpic #foodpics #eat #hungry #foodgasm #hot #foods
8,"#ë¸ŒëŸ°ì¹˜ #í•œêµ­ìŒì‹ #koreanfood
.
#food #foodporn #foodie #instafood #foodphotography #foodstagram #yummy #instagood #love #follow #foodblogger #foodlover #like #delicious #homemade #healthyfood #photooftheday #picoftheday #dinner #foodgasm #foodies #tasty #cooking #instadaily #lunch #bhfyp"
6,"Devilled Mackerel fillet @chefrickstein recipe ğŸ˜‹ 

Mackerel fillet marinated with tumaric, chilli and cumin, coriander and some lemon juice. Cooked under the grill for less then 4 mins and served with Tomato, red onion and cucumber salad with drizzle of balsamic vinegar. Cant believe, it took me less then 10 mins to prepare and cook the dish but tasted amazing 
.
.
.
.
.
.
.
.
.
#weightlossrecipes #weightlosscommunity #weightlossideas #rickstein #fish #mackerel #healthyfood #lunch #lunchisserved #lunchtoday #lunchideas #spice #tastemade #tastyrecipes #tastyfoods #foodshare #foodaddict #foodheaven #foodblog #foodpost #foodgram #eeeeeats #foodblogeats #foodblogger #foody #foodlovers #foodpic #foodphotos #foodporn #foodgasm"
4,#healthyfood #lunch #scrambledeggs #sausagepatties #wrap #fruit
6,Scrambled eggs on our new @bamboo_bamboo.uk plates. Life is good ğŸ˜Œ,#twiggins #thetwigggins #twins #babies #foodie #babyfood #toddlers #lunch #gerberbaby #babygirl #babyboy #eat #organic #yum #veggies #eatyourveggies #mealprep #fruit #almondbutter #healthy #accessiblefoods #breakfast #balancedmeals #babyweaning #babyledweaning #blw #momblog #momlife #toddlermomlife,Double whammy! ğŸ˜ Hope you love your new plates ğŸ’š
9,"Now thatâ€™s the snow storm we were looking for! Weâ€™re enjoying it while he can, because spring is just around the corner! 
//
#OceanCity #NewJersey #BoathouseMarina #OCBoathouseMarina #Marina #Dining #FamilyFun #Breakfast #Lunch #Dinner #Fishing #DocksideKitchen #iloveocnj #AquaPark"
7,"We know that food is the only love that you are interested in! So, we've brought to you the most scrumptious dishes that you can enjoy this valentine's week!
.
Call us - +91 93721 81763,
Order in from Zomato or Swiggy today!
Shop no. 5, 6 & 7, X Point Rodium Building Nr. Babasaheb Ambedkar Hospital, SV Rd, Kandivali (W), Mumbai, Maharashtra 400067
.
#cravejunction #mumbai #strawberryfestival #restaurant #food #foodie #foodporn #instafood #dinner #bar #yummy #delicious #foodlover #foodphotography #lunch #foodstagram #instagood #cafe #chef"
9,#bowl #handmade #healthyfood #food #pottery #healthy #ceramics #foodporn #vegan #breakfast #chiaseeds #bowls #foodie #coconutbowl #yummy #instafood #homedecor #love #nicecream #healthylifestyle #design #tableware #plate #delicious #foodblogger #lunch #foodphotography #interiordesign #granola #fruits
2,You had me at Sourdough #sourdough #baguette #bread #lunch #tuna #healthylifestyle #lifestyle #food #foodie
8,"ğ’¯-ğµğ‘œğ“ƒğ‘’ ğ’®ğ“‰ğ‘’ğ’¶ğ“€ğ“ˆ ğ’²ğ’¾ğ“‰ğ’½ ğ’¢ğ“‡ğ’¾ğ“ğ“ğ‘’ğ’¹ ğ’±ğ‘’ğ‘”ğ‘’ğ“‰ğ’¶ğ’·ğ“ğ‘’ğ“ˆ ğ’œğ“ƒğ’¹ ğ’®ğ“‰ğ‘’ğ’¶ğ“€ ğ’®ğ’¶ğ“Šğ’¸ğ‘’
ğŸ¥©ğŸ¥¬

Photo ğŸ“· And Ingredients:https://www.goodhousekeeping.com/food-recipes/a28611907/steak-with-grilled-green-beans-fennel-and-farro-recipe/

Ingredients BYÂ THE GOOD HOUSEKEEPING TEST KITCHEN

1/2 c.Â 

quick-cooking farro

1 1/4 lb.Â 

strip or sirloin steak

1/2 lb.Â 

green beans, trimmed

1/2 lb.Â 

wax beans, trimmed

2 tbsp.Â 

olive oil, divided

Kosher salt

1 tbsp.Â 

fennel seeds

Pinch red pepper flakes

2 tbsp.Â 

white wine vinegar

1 tsp.Â 

honey

1/4 c.Â 

toasted pistachios, chopped

1Â 

small bulb fennel, very thinly shaved

Fennel fronds, for serving

#foodstyling #foodie #foodblog #foodstagram #foodlover #foodphotography #foodblogger
#foodstylist #foodpics #foodporn
#foodgasm #foodart #food #tasty #delicious #wonderful #photo #dinner
#lunch #friends #unforgettable #moments #beautiful #steak
#vegetables #meatlover #lunchtime #grilled"
7,"Food and good companyğŸ¥°
#food #foodie #instafood #foodphotography #foodstagram #yummy #instagood #love #foodlovers  #photooftheday #picoftheday  #foodgasm #foodies #tasty #instadaily #lunch #restaurant #instagram #goodcompany #friendship #loveit
ğŸ“¸: @jennifermitev"
12,"ğ–¨ğ—ğ—Œ ğ—ğ—‚ğ—†ğ–¾ ğ–¿ğ—ˆğ—‹ ğ—ğ—ğ–¾ ğ–¶ğ–¾ğ–¾ğ—„ğ–¾ğ—‡ğ–½ ğ—ğ—‹ğ–¾ğ–ºğ—! ğŸ¤©ğŸ”

ğ–²ğ—†ğ–ºğ—Œğ— ğ—’ğ—ˆğ—ğ—‹ ğ–¶ğ–¾ğ–¾ğ—„ğ–¾ğ—‡ğ–½ ğ—ğ—‚ğ—ğ— ğ–²ğ–¬ğ– ğ–²ğ–§ ğ–³ğ—ˆğ—ğ–¾ğ—‹ ğ–¡ğ—ğ—‹ğ—€ğ–¾ğ—‹.ğŸ•ºğŸ» 

â€¢
â€¢

#Delicious #lunch #dinner #foodoftheday #Spotajman #food #SPOT #mojitoâ€™s #Burger #views #AlZorah #bbqbox #picnicbox #Ajman #Sharjah #UAE"
5,Make DR Smokehouse part of your lunch plans for West Boynton Beach now open Thursday and Friday 11am to 3pm. Order online or at takeout window. www.drsmokehouse.com #lunch #bbqboynton #boyntonbbq #boyntonbeachfl #bednersfarm #bbq #localbusiness #locallunch
5,"Â¡Hora de comer! con un riquÃ­simo bacalao portuguÃ©s, para darles mucho Ã¡nimo a nuestros vecinos. 
Consulta nuestra lista de restaurantes 10 en nuestro blog: https://cutt.ly/wjpR2FF

#annseventsclub #horadecomer #comida #lunch #food #instafood #brunch #eat #dinner #instagram #photooftheday #photography #bestoftheday #moment #restaurant #cod #bacalao #portugal #portugal_lovers #travelphotography #foodlover #viajar #menu #rico #recetas #instagood #smile #selfie #madrid #me"
7,"DelishhğŸ¤¤
#tropicalcuisine #tampabay #restaurantintampa #food #lunch #breakfast #mofongos #dominicanfood #latinfood #pescadofrito.
.
.
. 
ğŸš™Uber Eats.
ğŸš™Grubhub.
ğŸš™ Doordash.
.
.
.
Estamos ubicadosâ¬‡ï¸
ğŸ“9005 E Adamo Dr, Tampa, FL 33619
â° 6:30AM- 10:00PM
ğŸ“3405 E Hillsborough Ave. Tampa, FL 33610 â° 6:30AM- 10:00PM.-"
3,"Lunch. ğŸ˜ğŸ˜ #lunch #brunch #healthyeating #healthylifestyle #healthydiet #diet #weightloss #weightlossjourney #slimmingworld #slimmingworlduk #slimmimgworld2021 #slimmingworldjourney #l#slimmingworldnewbie #slimmingworldsupport #slimmingworldfood #slimmingworldireland 
#sw #swuk2021 #slimmingworld2021 #weightlossjourney #weightlossmotivation"
3,"Scrumptious taste, get the best!
.
.
Book your Amchi Kitchen Customized Meal Box with full of taste on a Monthly Basis
Available on Pre Booking 
We'll be serving delicious food cooked with love, a special meal that feels like Home. We stand by our family tradition of cooking quality Home like Food- ""From Grandma to Grandson"" 
Come Eat & celebrate with us
For queries please contact us on: 7440557557, 8817499800
#amchikitchen #lunch #lunchideas #lunchtime #lunchbox #lunchbreak #food #foodphotography #foodporn #foodstagram #foodlover #celebration #cooking #cookingram #cookingathome #cookingtime #cookingwithlove #delicious #deliciousfood #deliciousness  #desifood #pickles #raipurian #raipurfoodie #raipurfoodpedia #maggi #maggilover"
10,"â˜†BURGER BRUNCHâ˜†
.
todays lunch hit the spot perfectly ğŸ¥° especially on a snowy ğŸŒ¨ day like today 
.
Lean burger ğŸ”
Sweet potato fries ğŸ¥”
Broccoli ğŸ¥¦
@follainirishpreserves Carmalized Onion ğŸ§…
.
.
@unislimclubs - Im giving the relish is 1B per tbsp.  Sweet potato is apart of my free carb allowance, burger is 5% less fat so its free and broccoli is my free veg 
.
.
.
.
.
.
.
#meal #food #foodie #foodporn #dinner #lunch #delicious #yummy #instafood #healthyfood #foodphotography #cooking #tasty #healthy #foodstagram #breakfast #eat #foodlover #mealprep #homemade #foodblogger #instagood #fitness #restaurant #love #meat #healthylifestyle #yum #diet #unislim"
1,"Couscous ğŸ›A traditional dish in most Maghreb cuisines. The chicken stew is  prepared with carrots, zucchini, onions, garlic, chickpeas, fresh tomatoes, and a selection of distinct warm herbs and spicesğŸ’¥ğŸ‘©â€ğŸ³The moist couscous is cooked with the delicious liquid from the stew âœ¨A dish so flavourful served with hot harissa on the side ğŸ”¥
.
.
February promotion 10% discount for our subscribers 
.
#arabicfood #middleeasternfood #couscous #couscousmarocain #couscoustunisien #chickenstew #freshvegetables #healthymealprep #healthymeal #lunch #dinner #omnomnom #mtlfood #therealmtlfoodie #montrealfood #preÌ‚taÌ€manger #tunis #morroco #algeria #Ù…ÙØªÙˆÙ„"
10,"Mini cake en #fondant para el dÃ­a de San ValentÃ­n en  caramelove_ve â™¥ï¸ 
.
ğŸ“² Contactos telefÃ³nicos o WhatsApp:

*0424-6768757*

#buttercream #CupCakes #cakes
#Cacao  #foods #cakepops #Chef #cocina #Pasteleria  #cakedecorating #sweet #instagood #Maracaibo #SanFrancisco #food #foodporn #yum #instafood #yummy #instagood  #dinner #lunch #breakfast #fresh #fondant"
4,"Todayâ€™s lunch was a McDonaldâ€™s fakeaway sweet chilli crispy chicken wrap for 401 cals ğŸ˜

Swipe to see what was used.. 

as you can see I couldnâ€™t hold it togetherğŸ˜‚so this was the best pic I could get but never the less it was gorgeous and really filling ğŸ™ŒğŸ»

So Iâ€™m working until half 8 tonight so dinner will be a weight watchers chicken tikka masala curry with basmati rice for only 359 cals which leaves me plenty of cals for snacks later when I get home ğŸ˜¬

Hope you all have a good day ğŸ’–

#mfp #mfpjourney #myfitnesspal #caloriecounting #countingcalories #caloriedeficit #weightloss #loosingweight #lowcal #lowcalorie #lunch #lowcalorielunch #mcdonalds #mcdonaldsfakeaway #sweetchillichickenwrap #crispychickenwrap #weightwatchers #weightwatcherscurry #dinner #lowcaloriedinner"
0,What a beautiful morning! Come by have lunch at @thedunebar and see Sam for his signature cocktails. Itâ€™s an all day #beachday. #sunrise #cocktails breakfast #lunch and #dinner #bestviews
5,"Riz and Milk

#food #foodporn #yum #instafood #yummy #amazing #instagood #photooftheday #sweet #dinner #lunch #breakfast #fresh #tasty #food #delish #delicious #eating #foodpic #foodpics #eat #hungry #foodgasm #hot #foods"
7,"Lunch ğŸŒ± 335kcal 

#vegan #veganism #plantbased #meatfree #lunch #veganfood #veganinspo #burger #plantchef #tesco #pepper #celery #courgette #pesto #dairyfree #healthyfood #healthyrecipe #healthyeating #healthyvegan #caloriecounting #caloriedeficit",Delicious ğŸ˜ğŸ”¥
1,"#lastcall for #valentine orders!!! Call us today!

#valentinescookies #valentinesday #cake #cookies #cinnamonrolls #brownies #sugar #pastries #breakfast #lunch #sanantonio #theguentherhouse"
0,"Feta, olives and watercress salad ğŸ˜‹#Lunch#keto#lowcarb#weightloss#myweightlossjourney#week4"
3,"LOD CHONG !!ğŸ¥¥ğŸŒ´

A Thai dessert made of rice flour and mung beans flour and pandan flavour, 
On a sauce of coconut milk , palm sugar and cracked ice..

I didn't make this one but I bought it at an Asian shop close to my House..
I like this brand soo much .

This is a super sweet and refreshing dessert!!
.
.
.
.
.
.
.
.
.
#foodblogger #FoodSpotting #FoodLovers #food #foodies #foodphotography #instagood #instafood #instagram #instathailand #aroi #thailandğŸ‡¹ğŸ‡­ #thaifood #thailand #bangkok #london #FoodPorn #lunch #like #tasty #Foodstagram #delicius #tasty #followforfollowback #follower#dessert #coconut #sweet"
3,"Open steak sandwich with mushrooms & peas Ø³Ù†Ø¯ÙˆÙŠØªØ´ Ø§Ù„Ø³ØªÙŠÙƒ Ø§Ù„Ù…ÙØªÙˆØ­ Ù…Ø¹ Ø§Ù„Ù…Ø´Ø±ÙˆÙ… ÙˆØ§Ù„Ø¨Ø³Ù„Ø©
ØªØ¹Ù„Ù… ÙƒÙŠÙ‚ÙŠØ© Ø¥ØªÙ‚Ø§Ù† Ø´Ø·ÙŠØ±Ø© Ø³ØªÙŠÙƒ Ø§Ù„Ù…Ø«Ø§Ù„ÙŠØ© Ù…ØºØ·Ø§Ø© Ø¨Ø§Ù„Ù…Ø´Ø±ÙˆÙ… Ø¨Ø§Ù„Ø²Ø¨Ø¯Ø© ÙˆØªÙ‚Ø¯Ù… Ù…Ø¹ Ø§Ù„Ø¨Ø§Ø²Ù„Ø§Ø¡ Ø§Ù„Ù…Ù‡Ø±ÙˆØ³Ø©
https://akalatzaman.com/?p=21645
@akalatzaman.com #EatTheRainbow #Chef #InstaChef #Cook #Cooking #Baking #Recipe #ChefLife #ChefsOfInstagram #PerfectlyPlated #GourmetArt #MakeItYourself #InTheKitchen #CookNiche #FoodStyling #RecipeOfTheDay #TrueCooks #Brunch #ButFirstCoffee #HealthyBreakfast #SaturdayBrunch #SundayBrunch #GoodMorning #MorningCoffee #StartYourDayRight #BreakfastBowl #BrunchTime #CafeLife #Lunch"
4,"New version of chia pudding. This time with coconut milk, cocoa, banana, and mango.
...
The following ingredients make 2 of these jars (about 2 servings)
* 1 can coconut milk
* 4 Tbsp cocoa
* 2 Tbsp maple syrup
* 5 Tbsp chia seeds.
...
#homecookedmeal #food #yummy #foodie #foodfeed #foodstagram #delicious #lunch #homecooked #mancamcegatim #onmytable #easyrecipes #foodinspiration #breakfast #chiapudding"
5,"â¤ï¸ Year of Ox Reunion Dinner DishesÂ â¤ï¸

Traditional Chinese Turnip Cake (Luobo Gao) ğŸ˜‹

This Turnip cake is another ""must-have"" savory dessert during Chinese New Year. 

As you can see from the photo, it contains dried shredded scallop, Chinese sausage,  dried shrimp, and mushroom.  Of course, the main ingredient is radish.  You can either steam or pan-fry the cake before enjoying it. I can't wait to have it tomorrow morning!! ğŸ˜‹ğŸ¥²

This Chinese Radish Cake is made by my BFF's mom and given to me as a ğŸ ğŸ’. Thank You, Auntie ğŸ˜˜
.
.
.
.
.
#musroomsÂ #food #foodie #foodphotographyÂ #foodpornÂ #foodstagramÂ #foodgasmÂ #foodloverÂ #foodbloggerÂ #foodofinstagramÂ #foodpicsÂ #foodgawkerÂ #instafoodÂ #cookingathomeÂ #dinner #lunch #homecookingÂ #delicious #healthy #healthyfoodÂ #yummy #realfoodÂ #wholesome #comfortfoodÂ #globaleatsÂ #å¹´å¤œé£¯Â #æ˜¥ç¯€ #è˜¿è””ç³• #é»å¿ƒ #carrotcake"
5,"Exciting news! Casabe is now offering BREAKFAST! We will be having breakfast everyday! Ends at 11AM. Come on in!ğŸ˜‹ğŸ¥¬
Here is our breakfast menu:
â€¢ Bacon, egg & cheeseğŸ¥“
â€¢ Ham, egg & cheese ğŸ³
â€¢ Turkey, egg & cheese ğŸ–
â€¢ Salmon and cream cheese ğŸ£ 
â€¢ Available on a bagel or croissantğŸ¥¯ğŸ¥

276 Essex st, Lawrence MA 01840

â€¢
â€¢
â€¢
â€¢
â€¢
â€¢
#supportsmallbusiness #shoplocal #shopsmall #supportlocal  #explorepage  #covid #instagood #startup #womeninbusiness #food #foodie #instafood #foodlover #yummy #delicious #fruits #healthylifestyle #foodphotography #foodstagram #lunch #instagood  #love #foodblogger #foodies #tasty #eat #wine #delivery #healthyfood #travel"
2,"Book your stay Call 7719087555 
And enjoy a Fine dine  with #healthy #testy #breakfast #brunch #lunch #dinner
with your whole family & group only at At Hotel Mahabaleshwar Fragrance. 
Hotel Mahabaleshwar Fragrance. Bondarvadi village near Mapro garden.Panchgani-Mahabaleshwar road.
.
.
.
.
.
.
.
.
.
 #bestfood #bestlocation #bestaminities #bestview #bestprice #awesometrip #traveling #roomview #foodporn #foodphotography #foodstagram #stay #beststay  #mahabaleshwar #maharashtra #maharashtrianfood #likeforlikes #like4likes #followï½e #followforfollowback #follower #follow4follow #followpage"
1,"INGREDIENTS (Servings 6):
â€¢ Â½ cup cherry tomatoes halved, or 3 vine-ropes tomatoes.
â€¢ 3 Persian cucumbers sliced.
â€¢ Â½ small red onion sliced.
â€¢ Â½ green pepper sliced.
â€¢ 4 ounces black kalamata olives.
â€¢ 8 ounces feta block.

GREEK SALAD DRESSING
â€¢ 4 tablespoons extra virgin olive oil.
â€¢ 2 tablespoons red wine vinegar.
â€¢ Â½ teaspoon dried oregano.
â€¢ Â¼ teaspoon salt.
â€¢ Â¼ teaspoon black pepper.
.
INSTRUCTIONS:
1. Place the tomatoes, cucumbers, red onions, green peppers, olives and feta cheese in a large serving bowl.
2. Mix the ingredients of the salad dressing together in a small bowl and drizzle over the salad ingredients. Lightly toss to combine, being careful not to over-mix or break up the feta cheese (alternatively, toss everything and then add the feta blocks on top).
.
NUTRITION FACTS (For One Servings):
o Calories ~ 237kcal.
o Fat ~ 21g.
o Carbs ~ 8g.
o Fiber ~ 2g.
o Sugar ~ 5g.
o Protein ~ 7g.

#eat#eeeeeats#eatwell#eatclean#cleaneating#food#foodie#foooodieee#recipe#wholefoods#easyrecipes#diet#dieting#dietplan#breakfast#breakfastsandwich#breakfastideas#lunch#fitlunch#healthylunch#lunchbox#lunchtime#dinner#heresmyfood#foodvlog"
25,"A symbol of love & togetherness! â¤ï¸â­•ğŸ¡â˜•
ğŸ¨: @urbanorganikz
#circlehousecoffee",#FlaglerVillage #FortLauderdale #DriveThru #DriveThruCoffee #Catering #Coffee #Cafe #Coffeeshop #Fresh #SpecialtyCoffee #Breakfast #Lunch #Empanadas #Pastries #Donuts #Pies #Cake #Tea #Pieshakes #Dogfriendly #dogsofinstagram #Community #MobileOrdering #GivingBackOneSipAtATime
8,"La ""feuilletÃ©e"" saumon fumÃ©, brocolis, tomates basilic et crÃ¨me d'aneth. Accompagnement; jeunes pousses, betteraves, pignons de pins, huile de d'olive ""Caci"" de Toscane rÃ©colte 2020, vinaigre de poire pochÃ©e. Homemade cooking. #amazing #beautiful #delicious #dinner #food #foodblogger #foodgasm #foodie #foodlover #foodphotography #foodporn #foodstagram #happy #healthy #homemade #instadaily #instafood #instagood #instagram #instalike #life #love #lunch #photo #photographer #photography #photooftheday #picoftheday #yum #yummy"
93,"Fast-food maison. Quelques minutes au four avant de les servir, et AÌ€ table ! Vous les aimez comment les ğŸ” ?

#weekend #latergram #burgers #burger #food #foodporn #foodie #instafood #burgerporn #fries #foodstagram #burgertime #cheeseburger #foodphotography #yummy #hamburger #foodlover #foodies #delicious #fastfood #burgerlove #delivery #cheese #burgerlover #onthetable #foodblogger #lunch #dejeuner #regal #cuisine",Looks absolutely delicious ğŸ˜ğŸ˜
397,"-
#å°è‚¥å¤§è§’å’€éŠ
ä¸Šç­å‰ å…ˆè§£è„«
é èé‚ªæƒ¡ç‰›é¦™å°æ‰’æˆ¿
ä¸€äººä¸€ä»½ ä¸ç”¨çˆ­
å³å«å³ç£… æœç„¶å‡çœŸ
ç¾åœ‹ä¸Šç­‰éšç‰› 
äº”æˆç†Ÿ å‰›å¥½
å¾Œè…°ä¸‰è§’è‚‰ æ›´æ˜¯å°è‚¥å¤§æ„›
å®Œç¾è„‚è‚ªç´‹è·¯ ç‰›é¦™æ»¿æº¢æ•£ç™¼
å‹äººç‰›æ¿è…± ç›¸æ¯”å…¶ä»–éƒ¨ä½
ç‰›å‘³æ›´æ¿ƒ ç‰›é¦™æ›´éƒ
å…ˆå˜†ç‚ºå¿«ğŸ¤©ğŸ¥©
-
ç‰›æ‰’ ãƒŸãƒ†ã‚™ã‚£ã‚¢ãƒ ãƒ¬ã‚¢ ã‚¹ãƒ†ãƒ¼ã‚­ å¤§è§’å’€åˆ†åº—
å¤§è§’å’€å¯Œè²´å¤§å»ˆè¥¿åº§åœ°ä¸‹17è™Ÿèˆ–
-

#åƒè²¨æ—¥å¸¸ #å°è‚¥åƒè²¨ #é¦™æ¸¯ç¾é£Ÿ #ç›¸æ©Ÿé£Ÿå…ˆ #foodporn #Steak #Yummyfood #hkrestaurant #fooddiary #hkblogger #hkfoodie #foodie #hkeats #foodshare #hkigfood #lifestyle #hkfoodstagram #hkfoodblogger #hkfoodblog #hkfoodlover #hkfoodshare #foodlover #hkdaily #topcitybiteshk #foodiehk #twfoodie #Lunch #travelgram"
13,#crepes #crÃªpe #crepesalee crÃªpes #food #foodporn #yum #instafood #yummy #amazing #instagood #photooftheday #sweet #dinner #lunch #breakfast #fresh #tasty #food #delish #delicious #eating #foodpic #foodpics #eat #hungry #foodgasm #hot #foods
479,"-
#å°è‚¥å°–æ²™å’€éŠ
ä¸Šç­å‰
è¶æš‡ å‹äººç›¸èš
é èç‰›é¦™æ¿ƒ æ‹›ç‰ŒçŸ³ç‡’ç‰›
æº«æ³‰è›‹ èˆ‡é£¯å…±å­˜ æ›´æ˜¯åŸºæœ¬
è‚‰çœ¼å®šé£Ÿ å…ˆæ‹”é ­ç±Œ
A4å’Œç‰› æ›´çŸœè²´
çŸ³æ¿ä¸Š ç•™ä½æº«åº¦ å’Œé€Ÿåº¦
å¾®ç… åè‡³åäºŒç§’ 
å…¥å£ åŠæº¶ é‚ªæƒ¡è‡³æ¥µ
å‹äººç‰›äº”èŠ±ä¼´çˆ½å£ç‰›èˆŒ
ç‰›äº”èŠ± è…¹è„…è‚‰åŒ–èº«
è¼•ç…å…¥å£ ç‰›è„‚æ²¹é¦™å£ä¸­æ•£ç™¼
ç‰›é†¬ ç‡’æ±ä¼´é£Ÿ æ›´å¸¶ç‰›é®®é¦™
ä¸å®¢æ°£äº†ğŸ¥©ğŸ¤¤
-
ç‰›åŒ çŸ³ç‡’
å°–æ²™å’€é‡‘é¦¬å€«é“34-36Aè™Ÿç¦åƒ‘å¤§å»ˆåœ°èˆ–
-

#åƒè²¨æ—¥å¸¸ #å°è‚¥åƒè²¨ #é¦™æ¸¯ç¾é£Ÿ #ç›¸æ©Ÿé£Ÿå…ˆ #foodporn #çŸ³æ¿ç‡’ #Yummyfood #hkrestaurant #fooddiary #hkblogger #hkfoodie #foodie #hkeats #foodshare #hkigfood #lifestyle #hkfoodstagram #hkfoodblogger #hkfoodblog #hkfoodlover #hkfoodshare #foodlover #hkdaily #topcitybiteshk #foodiehk #twfoodie #Lunch #travelgram",Nice shotğŸ‘,Attractive,Nomssss wagyu ğŸ˜‹ğŸ˜‹,Sizzle that meat ğŸ”¥ğŸ¥©
12,#soupechinoise #soupemaison  #soupefruitsdemer â™¥ï¸â™¥ï¸#food #foodporn #yum #instafood #yummy #amazing #instagood #photooftheday #sweet #dinner #lunch #breakfast #fresh #tasty #food #delish #delicious #eating #foodpic #foodpics #eat #hungry #foodgasm #hot #foods
22,"à¦¯à¦¦à¦¿ à¦¹à¦¯à¦¼ à¦¤à¦¾ à¦¸à¦•à¦¾à¦²à§‡à¦° à¦¨à¦¾à¦¸à§à¦¤à¦¾ğŸ˜‹ğŸ˜‹ğŸ˜‹
.
.
.
.
.
.
.
#foodie #food #foodporn #instafood #foodphotography #foodstagram #foodblogger #yummy #foodlover #delicious #foodgasm #homemade #instagood #foodies #foodiesofinstagram #healthyfood #tasty #love #dinner #foodpics #lunch #cooking #dessert #bhfyp #breakfast #yum #chef #healthy #foodblog #shishirmeh"
3,"Beautiful day in Thursday LunchğŸŒâ¤ï¸ğŸŒº

 Broccoli, lentils and scrambled eggs with tomatoes.ğŸ˜‹ğŸ¥¦ğŸ…

#thursday #lunch #broccoli #lentils #scrambledeggs #tomatoes #beautifuldayâ˜€ï¸ 
#healthyfood #goodfood"
7,"First food or the day, so hungry! 

#pasta #2021 #february #health #vegetarian #veggie #veggielover #eat #drink #live #vegetarianmeals #nutrients #eat #eattolive #lovefood #food #carbs #protein #fat #energy #fuel #body #feelgood #hull #instafood #eatwell #breakfast #lunch #dinner"
198,"Who doesn't know this on Instagram? You go out to eat and want to share your food with the whole world. With Food Hashtags you can advertise what you have on your plate.
#tagblender#hungry#foodgasm#instafood#instafood#yum#yummy#yumyum#delicious#eat#dinner#food#foodporn#stuffed#hot#beautiful#breakfast#lunch#love#sharefood#homemade#sweet#delicious#eating#foodpic#foodpics#amazing#instagood#photooftheday#fresh"
27,"The big talk in the restaurant industry right now is a $15 minimum wage. Thereâ€™s a lot of worry about it not being viable because profit margins are already so slim for a restaurant. But since we are going to raise prices anyway due to insane food cost inflation we figure why not also include a $15 minimum wage for our employees in that price hike? So, starting in March the price of our lunch sandwiches will go up, breakfast and salads will remain the same price, and our employees will be making a $15 minimum wage. So one way or another I guess we will see if it is viable ( I feel like it is) and hopefully put naysayers to rest. Everyone deserves a livable wage.
.
.
#saratogasbroadwaydeli #sandwich #lunch #breakfast #delivery #special #saratogasprings #deli #soup #doordash #comfortfood #pastrami #cornedbeef #knish #jewish #bagel #matzoballsoup #saratogasprings #saratoga #eggsandwich #dessert #newyork #hebrewnational #hotdogs #latke #meatlife #food #lox"
3,"Lunch in the winter sun, lovely â¤ï¸

My favourite JP, tuna & cheese. 

#grateful #sunshine #lunch #workingfromhome"
2,"@playboikitchen â€œENJOY THE JOURNEYâ€ 

APPETIZERS: STUFFED CRAB MUSHROOMS, BAKED CHICKEN WINGS, LOADED POTATO SKINS & CAESAR SALAD

ENTREE: NY STRIP STEAK, PAN SEARED SHRIMP & SCALLOPS, GARLIC MASHED POTATOES, TRIPLE STEAMED BROCCOLINI & DINNER ROLLS

DESSERT: REESES PIECES CHEESECAKE BROWNIE...ğŸ—£STOP PLAYING WITH ME ğŸ”¥ğŸ”¥ğŸ”¥

TO BOOK DM OR TXT: 470-344-9324!!! @playboikitchen 

.

.

.

#LateNightMenu #LunchMenu #Philly #PhillyCheesesteak #Atlanta #MidtownAtlanta #DowntownAtlanta #BuckheadAtlanta #Shrimp #ShrimpPoBoy #NewOrleans  #FoodPorn #Food #Foodies #FoodiesOfInstagram #PrivateDinner #PrivateBrunch #Lunch #Foodie #LoveAtFirstBite #Ribeye #PremiumChicken #CookToOrder #DinningExperience #BookMe","I design logo , flyer , business card , sticker for diverse businesses"
0,"Prawn Pittas

#weightloss #kerislouisefitness #girlgang #slimming #goodfood #fish #greens #lunch #healthyeating #healthyliving #slimminguk #slimdown #lockdownslimming #caloriedefecit"
4,"Alici marinate al pepe rosa e insalata con radicchio variegato e canasta. ğŸ¥—ğŸŸğŸŸğŸŸ

Marinated anchovies and salad

#mytastysalad #salad #fish #anchovies
#tasty #healthyfood #sealovers #lunch #healthylunch #healthy #healthylifestyle #cibosano #cibobuono #alicimarinate #alici #pesce #pranzo #mittagessen #lecker #sardelle"
2,"Nalingi yo ğŸŒ¹ L'amour est sucrÃ© comme la vie ğŸ’Joyeuse Saint-Valentin 
 Vos commandes au +243 817 108 500
#saintvalentin #Kinshasa #DRC #Boulangerie #Chantilly #Bakery #Patisserie #Cakes #Desserts #Lunch #Cafe #Tea #CoffeeShop #Breakfast #Gateaux #Gombe #ChantillyKin #FreshBread #Croissant #Coffee #tartelovers #InstaDessert #Love #InstaFood #InstaLove #Foodies #Cupcakes #RDCongo #Restaurant"
2,"Couples candle light dinner arrangements
@golden_bellagio_mysore
Decorations
By
@the_manu_madhusudhan 
DM âœ‰ï¸ğŸ“¥ for Decorations of ur eventğŸ˜‰â¤ï¸
.
...
.
.
.
.
 #birthday #birthdayparty #mysorediares #mysorelife #mysuru #mysoreevents #mysorememes #foodblogger #picoftheday #foodphotography #foodie #cooking #foodgasm #dinner #instagram #foodies #foodstagram #love #delicious #food #homemade #restaurant #healthyfood #like #eat #foodlover #foodporn #lunch #instafood #instagood"
4,Art surreal
7,#suchi #suchitime #food #foodporn #yum #instafood #yummy #amazing #instagood #photooftheday #sweet #dinner #lunch #breakfast #fresh #tasty #food #delish #delicious #eating #foodpic #foodpics #eat #hungry #foodgasm #hot #foods
7,"HARISSA ROASTED TOMATO SOUP 
super easy and spicyyy ğŸŒ¶ğŸŒ¶ğŸŒ¶
Chop a small sweet potato, 2 red peppers, red onion and put into a baking tray with 150g of rlly ripe tomatoes. Then roast for 30 mins. Remove from tray and add to stock, boil for 5 mins and then blend. Voila ! Perfect for cold thursday lunch! 

#student #studentfood #food #foodporn #foodie #foodphotography #foodstagram #foodblogger #studentfoodblog #bristolstudent #bristolfood #cheapandcheerful #cheapmeals #quickmeals #easyrecipes #lunch"
3,"Iâ€™ve pivoted drastically from rarely taking the time to buy all the right ingredients and faithfully follow a recipe, to the relaxed comfort of leaning trustingly on the instructions of others, practically daily. Hereâ€™s to recipes! 

This is @anjadunkâ€™s Kohlrabi Salad with a Seville orange dressing from #strudelnudelsanddumplings. So good!

.
.

#TheGFW2021 #TheGFW11 #recipe #kohlrabi #sevilleoranges #seasonal #winter #lunch #everydaycooking #everydayfood #91reasonstolovewinter"
18,"Refreshing cold drinks @MangoSlush @ClassicMojito
â€¢
â€¢
Call us on: 0757123456, 0758222222 or 0768222222  to place your order!
â€¢
â€¢
WhatsApp Line: 0758222222
â˜†
We're open daily from 7am to 9pm! Ralli House, Ground Floor!

#qaffeepoint #restaurant #mombasa #takeaways #orders #homedeliveries #dinein #breakfast #lunch #dinner #classicmojito #mangoslush"
9,"Lunch time views ğŸŒŠğŸ›¥â˜€ï¸ 
Repost ğŸ’š @millionairecartel âœ¨

#italy #positano #positanoitaly #positanocoast #positanoğŸ‡®ğŸ‡¹ #italia #italyhome #italynight #italyvilla #italyshower #italydinner #italianvilla #italiandinner #italianinteriors #views #view #lunch #lunchtime #pranzo #cena #balcony #balconygarden #balconyview #balconydesign #balconyideas #terraza @italy"
4,#salmon #garlicnoodles #asparagus #food #foodporn #foodie #instafood #foodphotography #foodstagram #yummy #instagood #foodblogger #foodlover #like #delicious #homemade #healthyfood #photooftheday #picoftheday #dinner #foodgasm #foodies #tasty #cooking #lunch  #healthy
5,"Anybody else noticed the non-existence of Mackerel Pate in the supermarkets lately?? ğŸ¤”

Well today it was back at @marksandspencer and has brightened my day entirely ğŸ˜â¤ï¸ğŸ˜‹

And absolutely delish on the M&S fresh crusty farmhouse loaf ğŸ™ŒğŸ»

#mackerel #mackerelpate #fishpate #pate #marksandspencerfood #marksandspencer #lunch #wherehaveyoubeenallmylife #foodblog #lunchideas #lightlunch",I know right? I love it but can barely find it these days. I'm happy for you lol!
2,"Best falafel ive had in my life!!!

#food #foodporn #foodie #instafood #foodphotography #foodstagram #yummy #instagood #love #follow #foodblogger #foodlover #like #delicious #homemade #fff #photooftheday #picoftheday #dinner #foodgasm #foodies #tasty #cooking #instadaily #lunch #bhfyp #restaurant #instagram #healthy #bhfyp"
7,#food #foodporn #yum #instafood #yummy #amazing #instagood #photooftheday #sweet #dinner #lunch #breakfast #fresh #tasty #food #delish #delicious #eating #foodpic #foodpics #eat #hungry #foodgasm #hot #foods #outback #chocolate #cocacola #é»‘ç‰› #hkig #20200711
2,"Fettuccine with Fish Stock from the Mackerel Bones, Salmon & Snapper Trimmings, Mussels & Parsley. 

#pasta #fishstock #seafood #homemade #yuminmetum #parsley  #mussels #pasta #fettucine #lunch #tasteofhome #evoo #fresh #simplefood #wastenot"
2,"Hello my lovely foodlovers! The lazy vega's tasty lunch : soba noodles with soysauce,olive oil, salad mix, paprika and vegan sausages. ğŸ¥¬ğŸŒ¶ï¸ğŸœğŸ
#vegetarian #vegan #tasty #lunch #veggies #dish #tofu #lazyfood #sobanoodles #soysauce #easy #instafood #mutimiteszel #delicious #salad #paprika #carrot #oliveoil #hajdina #foodporn #lunter #luntersausage #vegansausage #tofusausage #merteztismegmutatom",Delicious ğŸ˜ğŸ”¥
6,"In frame...
Paneer 65ğŸ¤¤ - 150 INR 
@utsava
â€¢
â€¢
â€¢
Follow @_munch_happiness for more updates.
#vegfood #paneer #spicy #southindian #foodie
#mangalore #paneer65 #vegetarian #bloggerlife #instafood #photography #yummy #happysoul #yummyinmytummy #lunch #foodblogger #foodaholic #foodstagram #tulunadu #nammakudla #munchhappiness"
14,Da una ispirazione tramite @alfonsosaviello . #pizza #food #foodporn #foodie #instafood #yummy #pasta #love #italianfood #pizzatime #lunch #pizzalover #instagood #dinner #restaurant #foodstagram #italy #like #pizzadelivery #foodgasm #yum #foodblogger #tasty #foodlover #cheese #foodpic #happy #foodphotography #sandwich #bhfyp
1,"à¸‚à¹‰à¸²à¸§à¹€à¸«à¸™à¸µà¸¢à¸§à¸«à¸¡à¸¹à¸›à¸´à¹‰à¸‡ 

#mycooking
#cookinginengland
#lunch
#mykitchen 
#thaifoods"
5,#nextbridge #lunch #desiinlunch #freshfood #aalomatar #freshsalad #healthylunch #fotd #foodstagram #foodlovers #desifood #yummylunch #foodies #fotd #foodoftheday #foodphotography #deliciousfood #sweettooth #freshfruits #instapics #foodgasm
4,Buffalo chicken dipğŸ¤¤. #food #foodporn #foodie #instafood #foodphotography #foodstagram #yummy #instagood #love #follow #foodblogger #foodlover #like #delicious #homemade #healthyfood #photooftheday #picoftheday #dinner #foodgasm #foodies #tasty #cooking #instadaily #lunch #bhfyp #restaurant #instagram #healthy #bhfyp
