3,"Aleph Farms Ltd. has come out with the first 3D printed steak, yes 3D printed steak. Itâ€™s a rib-eye! The company uses real cow cells and three dimensional â€œbio-printingâ€ in their break-through experiment to venture further into the â€œother meatâ€ sector. Apparently it tastes just like steak. So why does this matter? Because your future investment portfolio will look very different than today. Plus, itâ€™s good for the planet and mass industrial slaughter farms are dark spots of our collective footprints. Cheers to a mooooooore sustainable retirement and future!  #savetheplanet #savemoney #meat #othermeat #finance #business #finance #investment #investing #knowledgeispower #fintech #tech #technology #3dprinting #yolo #alldayidreamaboutpie #retirementplanning #retirementfund #pension #systematichange #nonzerosum #environment #yes #wealth #luxury #stocks #options"
7,"â¤
________________
________________
________________
#MukbangIK_everglow #mukbang #meat #mukbangvideo #eat #eatingshow #food #kpop #kpopeating #eating #mukbangshow #asmr #photooftheday #mukbangasmr #foodlover #followme #foodlovers #mukbangers #foodstagram #foodshare #eatingsounds #foodasmr #everglow"
12,"Posted @withregram â€¢ @veegallan_ #defendanimals#mumsanddaughters
#pigs
#ham
#bacon
#whyvegan #meat
#eggs#dairy
#veganfortheanimals
#animalexploitation
#bekindtoanimals
#speciesism#pets
#animalpics
#choosecompassion
#veganforlife
#veganactivists
#savemovement
#straightedgevegan
#veganedge"
9,"Offer ends tomorrow 8pm ğŸ¤©

www.chef-nutrition.com
_____________________________________________
Meal plans and juice detox plans from as low as Â£49.99. 1 week or a whole month â˜‘ï¸. Go XL and double your proteinğŸ¤. Need a healthy breakfast? We got you. Tap the link in our bio to get your meal plan started now ğŸ“²
_____________________________________________
#sthelensgym #sthelens #merseysidefitness #northwestgym #merseysidegym #chefnutrition #mealprepsonline #merseysidefood #cleaneating #evolutionfitness #covid #lockdown #2021 #health #fit #fitness #vibe #food #prep #protein #gain #fatloss #weightloss #vegan #meat #veggie #option #muscle #gym #liverpool"
1,"Nasty

For more @canadiancockrel

#payday #payday2 #clowns #funny #meme #gaming #callofduty #battlefield #battlefront #heist #money #gold #comedy #food #genuis #glizzy #meat #chivalry #antique #readdeadredemption #rdr2 #games #gamingsetup #sniper #sniping #camper #luckyshot #warrior #bodybuilding #weights"
11,"THE VALENTINES BOX Â£30

Itâ€™s not too late to order our very special Valentineâ€™s box and treat your loved ones this Valentineâ€™s â¤ï¸

âœ…message us to order
ğŸš—FREE delivery to our local area (please enquire)
ğŸ“Denton based 

*PLEASE ENQUIRE ABOUT ALLERGIES*
â€¢â€¢â€¢

#valentines #valentinesdaygift #gift #valentinesday #love #couples #giftideas #doorstepdelight #grazebox #delicious #yum #delivery #denton #tameside  #gorton #manchester #food #nibbles #delivery #cheese #meat #snacks #treats #picnic #want #need #treat #gift #surprise #foodtogo #localbusiness #instafood"
4,"There I was empty-handed
Crying out from the pit of my despair
There You were in the shadows
Holding out Your hand, You met me there
And now where would I be without You?
Where would I be, Jesus?
You were the voice in the desert
Calling me out in the dead of night
Fighting my battles for me
You are my rescue story
Lifted me up from the ashes
Carried my soul from death to life
Bringing me from glory to glory
You are my rescue story
You are, You are
You are my rescue story
You are, You are
.
.
Swapped the carbs for a salad again.
.
.
#food #foodie #persian #meat #skewers #brisbanefood #brisbanefoodie @tasteofsaffronrestaurant #kikoscale 7/10"
97,"âš ï¸OGNI GIORNO ALZIAMO SEMPRE DI PIÃ™ Lâ€™ASTICELLA,PER DARVI LE MIGLIORI SELEZIONI A LIVELLO MONDIALEâ€¼ï¸VI ASPETTIAMO IN BOTTEGA o SPEDIZIONI ğŸšš UN TUTTA ITALIA ğŸ‡®ğŸ‡¹ IN 24hğŸš€ per â„¹ï¸ chiama â˜ï¸ #troleseclaudio #ibossdellecostate #selezionidalmondo #topquality #marezzatura #wagyu #kobe #myblog #blogger #bloggeritalia #bloggerstyle #butcher #butchershop #shoppingonline #meat #food #foodphotography #foodlover #foodstagram #dryaged #myblog #arzignano"
4,"Memories
For more @canadiancockrel

#payday #payday2 #clowns #funny #meme #gaming #callofduty #battlefield #battlefront #heist #money #gold #comedy #food #genuis #glizzy #meat #chivalry #antique #readdeadredemption #rdr2 #games #gamingsetup #sniper #sniping #camper #luckyshot #warrior #bodybuilding #weights"
4,"What is brisket ğŸ¤”
.
Follow @barbecuelogic
www.barbecuelogic.com
.
#barbecuelogic #grilllife #smoker #bbq #grill #grilllife #bbqlovers #homemade #bbqporn #meat #cookout #brisket #grills #barbecue"
10,"Hello peeps!
We're sorry for the silence.Been a lil swamped trying to adjust to this whole new norm.We really hope each and every one of u is staying safe and most importantly, sane. Times are definitely hard now, probably the hardest to some but we must always try to stay optimistic and count our blessings.

Oh how we've missed making and delivering em meat goods to u!ğŸ’•

#meatparcel#meatlover#bbq#meat#klfood#westernkl#frozenfood#delivery#service#makan#murah#jjcm#foodie#instapic#instafood#foodphotography#foodblog#foodblogger#new#packaging#improved#makansedap#bobbys#patties#burger#beef#cheese#meal#foodstagram"
0,"$3 for 1 meat 1 veg 1 zhap 

Happy lunar new year everybody! Have lots of cai and fa da cai! ç¦ç¦ç¦!!! ğŸ’°ğŸ’°

#caifan #economyrice #economicrice #meat #igsg #eatbooksg #cafehopping #soeconomy #lovemeat #hawkerculture #sghawkerfood #sghawker #foodking #foodphotography"
39,"In The Mood For Spicy Food? 
Well, Your Search Ends Here, The Sriracha Buffalo Chicken Wings, A Dish That Is NOT For The Faint Hearted. 
After Having This, You Will Get Teary Eyed, You May Have Steam Coming Outta Your Ears, You Will Have A Runny Nose, & Would Probably Need A Gallon On Ice Cream Afterwards,But It Is All Absolutely Worth ItğŸ¥µğŸ¤§

Order In Today Via Zomato! ğŸŒ¶ğŸ”¥
.
.
.
.
#BaoAppeÌtit #Bao #TheBaoAppeÌttitLife #HotWings#SrirachaBuffaloSauce #HotSauce #SpicyChickenWings #SpicyChicken #SrirachaWings #SpicyChickenWings #HotFood #SpicyFood #ChickenWings #BaosForEveryone #MumbaiFood #StreetFood #MumbaiStreetFood #Foodie #FoodIsLife #FoodIsFuel  #Burgers #Meat #MumbaiFoodie #JuhuFoodies #Juhu"
2,"forza is getting dodgy now

For more @canadiancockrel

#payday #payday2 #clowns #funny #meme #gaming #callofduty #battlefield #battlefront #heist #money #gold #comedy #food #genuis #glizzy #meat #chivalry #antique #readdeadredemption #rdr2 #games #gamingsetup #sniper #sniping #camper #luckyshot #warrior #bodybuilding #weights"
9,"Posted @withregram â€¢ @cahbremer #defendanimals#mumsanddaughters
#pigs
#ham
#bacon
#whyvegan #meat
#eggs#dairy
#veganfortheanimals
#animalexploitation
#bekindtoanimals
#speciesism#pets
#animalpics
#choosecompassion
#veganforlife
#veganactivists
#savemovement
#straightedgevegan
#veganedge"
64,"Steak and Fire. Hard to beat â¤ï¸

This week we're lighting the fires at Kingspark ALL weekend. Our usual takeaway menu on Friday and Saturday (5pm to 10pm) including a very special new sandwich...

On Sunday we ROAST. Make sure you get your pre orders - time slots are available between midday and 3pm. Check our website for the menu and booking form.","â€¢
â€¢
â€¢
#asado #meat #charcoal #bbq #britishmeat #britishbeef #mediumrare #steakdinner #bbqlife #bbqporn #carne #grilled #steakporn #churras #ìŠ¤í…Œì´í¬ #ã‚¹ãƒ†ãƒ¼ã‚­#openfirecooking #rarebreedbeef #churrascada #churrasqueiro #steakplate #upinmygrill #barbecue #steaksofinstagram #overfirecooking #bavette"
3,"Southpark

For more @canadiancockrel

#payday #payday2 #clowns #funny #meme #gaming #callofduty #battlefield #battlefront #heist #money #gold #comedy #food #genuis #glizzy #meat #chivalry #antique #readdeadredemption #rdr2 #games #gamingsetup #sniper #sniping #camper #luckyshot #warrior #bodybuilding #weights"
1,"Continuation of langoustine dish

served with nasturtium flowers and Jerusalem artichoke combines the whole dish giving it character, then served with bisque and the rest of the ingredients creates a unique combination
ğŸ˜€ğŸ˜ğŸ˜™ğŸ¥°ğŸ˜

Kontynuacja ostatniego dania, 

langustynka serwowana z kwiatami nasturcji oraz topinaburem Å‚Ä…czy caÅ‚e danie w jednoÅ›Ä‡ nadajac jej harakteru, nastepnie podane z bisque i resztÄ… skladnikÃ³w tworzy spÃ³jnÄ… caÅ‚oÅ›Ä‡ 
ğŸ˜„ğŸ˜€ğŸ˜—ğŸ˜‰ğŸ˜

#tatare #pine #meat #cheese #oil #marrow #fermented #foodinspiration #mustard #seeds #food #love #fun #chefs #chefslife #chefstalk #goodday #meat #wild #garlic #capers #onion #foodporn #the_food_obsessions 
#kitchen #fermentation #smokeÂ  #foodphotography #day #shrimps #pastry"
9,"ğŸ˜†ğŸ˜±â¤ï¸ halouf transformation 
.
.
.
.
.

#food #foodie #foodlovers #foodstagram #foodgram #foodvideo #foodvideos #foodphotography #foodblogger #foodstylist #foodpic #foodporn #foodpornshare #foodart #foodblog #foodbloggers #foodblogfeed #foodheaven #foodtruck #foodcoma #foodlife #meat #animefood"
47,Fileto  #meatlover #finestquality #italianway #meat #vealfillet #foodlover #foodporn #delicious #bestintown #restaurant #restaurantlife #vlore #albania #treforchetterestaurant
5,"ğŸ’¥This KETO program is made by Health Experts, easy to lose weight SUCCESS at home!
.
Savory breakfast plate 
soft boiled pasture-raised eggs + loads of sautÃ©ed broccoli ğŸ‘‹ #folicacid + avocado slices + crispy mushrooms and some ETBTB seasoning.
ğŸ· Tag a friend who needs to make this easy and delicious meal.
-
.
.
.
ğŸ’¥ This program help you stick to a plan, control the weight , the calo the carb in your body in 8 week. Imagine a wonderfull body, the big change in the health:
â–ªï¸ğŸ”¥Be lighter and thinner
â–ªï¸ğŸ”¥More energy than youâ€™ve feel before.
â–ªï¸ğŸ”¥Sleeping better and feeling more rested when you wake up.
â–ªï¸ğŸ”¥Notice improvements in your skin and hair.
.
ğŸ”½ KETO provide you ğŸ”½:
.
âœ…An 8-week meal plan.ğŸ“…
âœ… Only with the foods you love based on your lifestyle. â  ğŸ˜‹
âœ…Step-by-step instructions (no cooking experience).ğŸ˜€
âœ…New menu evey day.ğŸ˜
.
.
ğŸ’¥Join KETO now!!!ğŸ’¥. Start your Delicious Journey Diet with KETO. â–¶â–¶ CLICK the LINK in BIO to get FREE Diet Plan .

.
.
Give us a â¤ï¸ and Follow @ketogoodfoodforyou to get daily keto tips and recipes.
.
.
.
.
.
Cre by: @ sailor_bailey .Thank you for very nice picture.
.
.
.
.
.
.
#lowcarbfoods #dietmeals #ketoeating #ketodinnerideas #ketomealideas #ketolunchideas #ketofoodideas #ketolifestlye #ketomadesimple #lowcarbrecipes #ketofoodie #ketoeats #carbfree #whatiatetoday #ketofoods #ketosnacks #ketocooking #ketorecipe #heathyeating #ketosnack #ketoindia #ketomeal  #perfection #breakfast #ketovore #carnivore #meat #meatheals #animalbased"
3,"Want to lose 5-10 lbs in the first week alone with keto lifestyle or Don't know how to start keto diet properly? You can check link in our bio to get Everything You Need for keto Success. Just imagineâ€¦ next 28 day from now, you will have successfully completed the Keto Challenge.
Not only will you feel a huge sense of accomplishment, youâ€™ll:
â–ªï¸âœ…lighter and thinner 
â–ªï¸âœ…Have more energy than youâ€™ve felt in years.
â–ªï¸âœ…Sleeping better and feeling more rested when you wake up.
â–ªï¸âœ…Notice improvements in your skin and hair.
â–ªï¸âœ…Probably best of all, youâ€™ll have MOMENTUM to keep going with your new Keto lifestylesâ€¦ youâ€™ll be able to start strong and finish strong. ğŸ’ª
.
.

ğŸ¥“I regret all the dry ass low fat breakfasts I ever had, thinking that fat was bad for me. But Iâ€™m making up for lost time now ğŸ˜†
.
ğŸ¥“Bacon and scrambled eggs for brekkyâ—ï¸
.
.
âœ…Imagine you Just follow Plan like her and you will success like herâœ…
.
ğŸ’¥Join KETO today and Start your Diet delicious journeyğŸ’¥.
ğŸ“ŒAccess the link in my BioğŸ“Œ
Follow @keto.diet.super.fast for more

.
.
.
.
.
Cre by : ketohappy.lifeâ .Thank you for very nice picture
.
.
.
.
.
.

#lowcarbfoods #dietmeals #ketoeating #ketodinnerideas #ketomealideas #ketolunchideas #ketofoodideas #ketolifestlye #ketomadesimple #lowcarbrecipes #ketofoodie #ketoeats #carbfree #whatiatetoday #ketofoods #ketosnacks #ketocooking #ketorecipe #heathyeating #ketosnack #ketoindia #ketomeal  #perfection #breakfast #ketovore #carnivore #meat #meatheals #animalbased"
5,"ğŸ†• Le novitÃ  non sono finite! 
ğŸ”Adesso tutti i panini sono preparati con panpizza di nostra produzione!
.
.
.
#burgergourmet #burger #burgerporn #foodporn #burgertime #burgers #burgerlovers #hamburger #burgerartesanal #instafood #burgerlife #meat #ifood #delivery #food #burgerlover #burgermania #hamburgeritalia"
213,"Bring us a picture of your ex on February 14th, 2021 and get 10% off your burger. Happy Valentineâ€™s Day to everyone except your horrible ex. They say revenge is sweet, but a Smoky Buns burger is so much better. 

Offer valid for the first 10 people to show. 

#smashburger #cheese #burger #burgerlove #doublecheese #doubletrouble #meat #mincedmeat #cheese #smokedburger #hot #pickleslife #foodporn #instafood #fastfood #fastgood #homemade #fresh #foodstagram #smokybuns #delicious  #fightforyourfries",Wtf is this concept..,I loooove the idea,The pic has to be printed wela kifeh?,ğŸ˜‚ğŸ˜‚ğŸ˜‚ğŸ‘ too creative @smoky.buns
4,"Kotopoulo spanaki: Tender fillet of chicken stuffed with spinach and feta cheese cooked in a creamy sauce. ğŸ–
Tasty meat with a delicious sauce. Nobody can't resist to it!
.
We do delivery.
.
Traditional Greek-Cypriot cuisine in a true taverna style in Headington, now with many new additions to the menu! ğŸ‡¬ğŸ‡· https://acropolisgreektaverna.uk/a-la-carte-menu/
.
ğŸ•š Opening times:
Monday to Sunday: 4PM-10PM
.
â˜ï¸ 01865766755
www.acropolisgreektaverna.uk
.
ğŸ“² You can also get your favourite Greek food delivered to you through Just Eat or Deliveroo!
.
#Greek #delivered #nocookingtoday #Foodlove #Restaurant #greekbanquet #bestfood #meat #dinner #lunch #food #amazing #fresh #Athenes #Greece #Oxford #Acropolis #greektavernas"
5,"Oven ready spicy pork ribs.

.
.
.
. 
#homecooking #homecooked #homecookingisthebest #pork #porkribs #spicyribs #lovetocook #foodie #porklovers #cookingforfamily #meat #meatlover #meateater"
8,"""Meat Mascot On Wheels For Gamer""
.
.
.
#characterdesign #art #illustration #digitalart #drawing #sketch #artist #characterart #character #artwork #artistsoninstagram #oc #originalcharacter #conceptart #design #draw #procreate #illustrator #cartoon #digitalillustration #tshirts #digitaldrawing #instaart #fanart #doodle #digitalpainting #anime #animation #meat #bhfyp @dellor21 @amit_d01"
2,"Easy Recipe: Green/Red Curry
Stir fry 50g Red Curry Paste in vegetable oil and 1 cup coconut milk. Add meat (optional)
Continue cooking.
Add another 1/2 cup coconut milk and 1/2 cup water heat to boiling.
Add vegetables and cook till soft.
Add 1 1/2 tsp sugar.  Taste and season as required

#spectrumwholesalers #easyrecipe #greencurry #redcurry #vegetableoil #howick #meat"
0,"Continuation of langoustine dish

served with nasturtium flowers and Jerusalem artichoke combines the whole dish giving it character, then served with bisque and the rest of the ingredients creates a unique combination
ğŸ˜€ğŸ˜ğŸ˜™ğŸ¥°ğŸ˜

Kontynuacja ostatniego dania, 

langustynka serwowana z kwiatami nasturcji oraz topinaburem Å‚Ä…czy caÅ‚e danie w jednoÅ›Ä‡ nadajac jej harakteru, nastepnie podane z bisque i resztÄ… skladnikÃ³w tworzy spÃ³jnÄ… caÅ‚oÅ›Ä‡ 
ğŸ˜„ğŸ˜€ğŸ˜—ğŸ˜‰ğŸ˜

#tatare #pine #meat #cheese #oil #marrow #fermented #foodinspiration #mustard #seeds #food #love #fun #chefs #chefslife #chefstalk #goodday #meat #wild #garlic #capers #onion #foodporn #the_food_obsessions 
#kitchen #fermentation #smokeÂ  #foodphotography #day #shrimps #pastry"
126,"ğ‘ğ‘œğ‘‘ğ‘–ğ‘›ğ‘œ ğ‘‘ğ‘– ğ‘šğ‘ğ‘–ğ‘ğ‘™ğ‘’ ğ‘ğ‘™ ğ‘ğ‘¢ğ‘Ÿğ‘Ÿğ‘œ ğ‘ ğ‘¢ ğ‘ğ‘Ÿğ‘’ğ‘šğ‘ ğ‘‘ğ‘– ğ‘ğ‘–ğ‘ ğ‘’ğ‘™ğ‘™ğ‘–

#foodporn #food #foodphotography #foodlover #foodstagram #love #dish #dishoftheday #passion #photography #photooftheday #cooking #cookingathome #cook #chef #cheflife
#love #viral #style #foodblogger #blogger #blog #meat #meatlover #meatporn #meatlovers #green #peas #carne #milano #milan",Looks absolutely delicious ğŸ˜ğŸ¤—,"hi, I'm a new Italian cooking page, come and have a look if you likeâ¤ï¸ğŸ˜‹ have a nice day"
7,"Striploin MB 7

The striploin, also known as sirloin, is found along the spine in the hindquarter, running from the ribs to the rump.

----
#matsugabeef #beef #beeflover #beefsteak #meat #meatlovers #hydroagedbeef  #finedining #finedininglovers #hotel #hoteljakarta #restaurant #chef #cheflife #chefjakarta #steak #steaklover #steakhouse #food #foodstagram #foodblogger #foodblog #burger #butcher #artisanbutcher #hoteljakarta #foodblogger"
2,"Japanese Kobe Beef is famous across the world for its incredible succulence and irreplaceable taste.
The reason this meat is so unique for 2 reasons
1.The breed of cows
2.The special treatment the cows go through
It is said they are fed beer to help them live a happy and stress free life and given massages to help them from cramping. ğŸ®
#funfacts #facts #japan #japanese #japaneseculture #cuisine #japanesecuisine #japanesekobe #kobe #kobebeef #beef #meat #eating #tasty #delicious #delicious #mouthwatering #eat #smoked #bbq #brock #pokemon #anime #manga #otaku"
8,"ğŸ¤¤ 
â€¢
â€¢
â€¢
#grilledturkey #lambchops #chickenthighs #chickenwings #fries #sweetcorn #abuja #abujagrills #wings #food #turkeywings #abujafoodvendors #platters #mealplatters #sweetcorn #abujarestaurants #abuja #foodiesofinstagram #yummy #grills #meat #chickenkebab #foodie #grillbox #smallchops #kebab #smallchops #weddings #abujaevents"
20,"Life without sheep was unthinkable. For the average Anglo-Saxon, sheep meant sustaining meat, milk, and cheese, healing wool-wax, valuable parchment, and most vitally, fleece. Fleece to be shorn or pulled, and spun and woven into cloth. Recall that there were then only two types of fabrics: woolen ones, and linen. (Only the very rich, on rare, ceremonial occasions, clothed themselves in imported silks.)

It is not for nothing that the seat of the Lord High Chancellor in the House of Lords has been a woolsack.

It is almost impossible to overstate the importance of sheep on the early economy.

Raw wool was exported from England to the Continent at least by the 8th century, and greatly expanded under Norman rule. British wool found eager buyers abroad, especially for the productive looms of Bruges, Ghent, and Ypres â€“ creation site of so many magnificent medieval tapestries. The vast majority of exported wool went into durable cloth for clothing and drapery use â€“ cloth sent back to the British Isles in its finished state.

Via octavia.net
.

.
#sheep #sheepwool #history #clothes #wool #food #fleece #parchment #meat #wax"
13,"Chinese x French affair. A great home-cooked dinner. Six course s along with maotai, wine, whisky.
.
.
.
#homecook #french #frenchfood #risotto #meat #gourmet #gourmetfood #foodie #foodporn #foodpic #foodphoto #foodstagram #foodlover #foodblog #foodblogger #hkig #hkfoodie #finedine #hkfoodblogger #hongkong #hk #clinphyeats"
8,"Beef short ribs ready for slow cooking..
#beef #shortribs #meat #thursday #thursdayvibes #garlic #peppers #stew #slowcooking #slowcookerrecipes 
#food #foodporn #foodie #instafood #foodphotography #foodstagram #instagood #foodblogger #foodlover #homemade #healthyfood #photooftheday #picoftheday #dinner #foodgasm #foodies #tasty #cooking #instadaily #lunch"
8,#carne #food #foodporn #italy #meat #bistecca #fiorentina #italia #instafood #ristorante #grill #cibo #picoftheday #foodlover #cucina #dinner #love #beef #steak #foodblogger #angus #instagood #asado
2,"ğŸ¤ Roasted Curry PowderğŸ¤ Mostly used in many of the Asian  Cuisines. 

IHF CEYLON Roasted Curry Powder gives the perfect aroma and taste for meats, fish and prawn curries. #perfectspicepartner
#ihfceylon 
 
Why dont you try this out!?!?!!?ğŸ§¡ğŸ§¡
.
.
.
.
.
.
.
.
.
.
.
#roasted #roast #spice #meat #beef #fishingtrip #fish #cuisines #srilanka #india #unitedkingdom #america #awesome"
11,"Electronics - Semi-automatic Washing Machine 
Brand - Scanfrost
Size - 8kg 
Colour - White 
Quality - Nigeria 
State - Fairly Used 
Priced at - N85,000
Selling at - N40,000
Quantity - 1 available
________
Buyer bears delivery cost
_______
#thriftstore #thrift #fairlyused #sofa #couch #plates #bread #breadmaker #thriftstoreyoucantrust #meat #chinaplates #dinning #meatmincer #mincer #freezer #chocolate #chocolatefountain #dinningroomdecor #dinningroom #diningtable #thriftfurniture #thriftfurnitureng #Lagos #Nigeria"
6,"Poitrine de porc basse tempÃ©rature, millefeuille de pomme de terre Ã  la truffe, poÃªlÃ©e de pleurotes et jus de viande au combava ğŸ·ğŸ§„ğŸ„ğŸ¥“

#food #porkbelly #cooking #homemade #foodinparis #gastronomie #foodporn #foodies #yummy #miam #healthy #gourmand #cuisinemaison #instafood #cuisinesaine #cuisine #starter #picoftheday #foodoftheday #foodies #foodpic #salade #coucaril #meat #comfyfood #gourmand #mushrooms #pork #truffe",cool
18,"When youâ€™re not instantly famous on onlyfans
.
#joking #Australia #Brisbane #queensland #jokinghazard #influencer #famous #uktoaustralia #meatlover #meat #smilemore #airpods",Dm us @ brousedfitness to team us
5,"Ecco i nostri menÃ¹ adatti anche agli amici vegetariani e/o vegani ğŸ¥©ğŸ¥•ğŸ¥¬
.
.
.
.
#bar #drink #italy #instagood #cocktails #drinks #food #cocktail #love #photooftheday #wine #foodporn #vegan #vegetarian #picoftheday #italia #drinkup #coffee #yummy #beer #friends #thirsty #liquor #glass #mixology #summer #meat #aperitivo #breakfast #slurp"
2,"Bisteccona! Video ricetta su TikTok (link del profilo in bio)

#kitchinthewoods #wildkitch #cooking #ricette #recipe #recipes #cucinare #carne #meat #barbecue #food #foodlover #foodlovers #italianrecipes #ricetteitaliane #piattiitaliani #foodporn #lovefood #cucinarechepassione"
13,"DiteÌˆt me shi munden me mish dhe vereÌˆ teÌˆ mireÌˆ. BeÌˆjani pak qejfin vetes ğŸ˜‰ğŸ“ @artigiano_tirane

 #albanianfoodblogger #bisteccafiorentina #bisteccaallafiorentina #mediumwell #meat #food #foodporn #bbq #foodie #steak #beef #instafood #meatlover #grill #carne #foodphotography #barbecue #delicious #dinner #foodstagram #chicken #yummy #foodlover #grilling #foodblogger #meatlovers #cooking #lunch  #steakhouse #bhfyp"
6,#pollo #polloepeperoni #polloepeperoniğŸ” #polloepeperoniğŸ— #peperoni #meatlover #meat #sarzana #sarzanagram #sarzanaonline #pranzo #cibo #cucinaitaliana #ristorante #foodporn #food #foodphotography #foodlover #foodstagram #foodblogger #foodie #foodstylist #foodlovers #foodpic #foodart
31,"| Details â €
#tribestyleâ €â €
â €â €
#restaurant #restaurantdesign #food #foods #foodstyling #details #newplace #welcome #meatrestaurant #meat #traditional #traditionalrestaurant #tirana #albania #albanialifestyle"
16,Food thief ğŸ¥© #Figaro #Figarocat #Figge #pet #animal #furbaby #furson #oci #ocicat #purrfect #purrfection #pawsome #pork #meat #food #porkchop #hungrycat #cutecat #beautifulcat #lovemycat #bluespotted #funnycat #sweetcat #catoftheday #instacat #catstagram #catsofinstagram #catsofinsta #catsofig #catsarefamily
37,#vÃ­veres #tastyfoods #foodie #carne #meat #Barbacoa #Bistec #foodlovers #life #catador #churrasco #kebab #costela #bbq #porco #bbqlovers #foodporn #burger #instafood #foodphotography #delicious #
39,"FRYING ğŸ‘ŒCooking Methodis theÂ Cooking Â of food inÂ  oil Â or another Fat Â Similar to  sauteing , pan-fried foods are generally turned over once or twice during cooking, usingÂ Â tongs or aÂ  spatula while sautÃ©ed foods are cooked by ""tossing in the pan Â A large variety of foods may be fried Fats can reach much higher temperatures Â before boiling compared to water. Through frying, one can sear or evenÂ carbonize Â the surface of foods whileÂ Â caramelizing sugars. The food is cooked much more quickly and has a characteristic crispness and texture. Depending on the food, the fat will penetrate it to varying degrees, contributing richness, lubricity, its own flavor, and calories.
Frying techniques vary in the amount of fat required, the cooking time, the type of cooking vessel required, and the manipulation of the food.Â Â sauteing  stir frying ,Â  pan frying ,Â ,shallow frying  andÂ  deep frying Â are all standard frying techniques Deep frying is now the basis of a very large and expanding worldwide industry. Fried products have consumer appeal in all age groups and in virtually all cultures, and the process is quick, can easily be made continuous for mass production, and the food emerges sterile and dry, with a relatively long shelf life. The end products can then be easily packaged for storage and distribution. Some includeÂ Â potato chips French fries
.
.
.
.
.
.
.
.
.
#professionalchefs #masterchef
#chef#chefs#cheflife#chefsofinstagram#chefslife#chefsroll#keto
#healthyfood #food #cooking #hotel #restaurant #fish #frying #deepfry #instafood #information #oil #egyptianfood #egyptiancuisine #cuisine #seafood #salmon #salad #appetizer #meat #cheese #chinese"
15,"TAK WYGLÄ„DA PASTRAMI IDEALNEğŸ’¥ 
.
.
.
#pastrami #beef #meat #smokemeateveryday #realbbq #polishbbq #foodie #foodporn #foodtruck #streetfood"
2,#barbecuegrill #brazier #fire #warmly #meat #celebration #snow
1,"This is a picture from 2019 Panihati Utsav... It was my 1st time experiencing the charms of Panihati Utsav... A mela that has something to offer to people of every age group, different choices, different tastes!! Overall it was a full package....

And it was the first time for us to try à¦•à§‹à¦¯à¦¼à§‡à¦² à¦ªà¦¾à¦–à¦¿à¦° à¦®à¦¾à¦‚à¦¸... It was tandoored meat... The taste of the meat was quite similar to that of the chicken... But was more tender than chicken...

#food#koyel#meat#chicken#tandoori#panihati_utsav#loveforfood#loveformeat#nonveg"
10,You know itâ€™s Chinese New Year when your mates send you some really legit pork bombs from @porkbox.my ... these things are so good they should be illegal! #porkbox #foodpornmalaysia #food #cny #siewyoke #gongxifacai #cheflife #porkbelly #porkporn #meat #meatlover #foodorgasm
10,"Home cured Juniper and Fennel Bacon

Credits

@batesofatherstone for the amazing piece of pork belly
@p8jey for the gift of meat curing
@chefwillpoulton for the super sharp dagger",#bacon #food #foodporn #foodie #instafood #breakfast #yummy #delicious #cheddar #foodphotography #foodstagram #baconlovers #hamburger #brunch #pork #dinner #homemade #meat #lunch #homemade #homecured #homecuredbacon
2,#deep#fried#crab#meat#roll#or#crab#hee#chor# cooking#Bangkok
21,"Jalapeno Popper Stuffed Fried Chicken ğŸ—ğŸ¥©
.
Follow and Tag us
#toooyum for more videos
â¤ï¸Tag someone who would love this
.
By @twisted
.
#toooyum#tasty#bbq#ğŸ¥©#dinner#foodnetwork#meat#yum#cooking#hungry#foodporn#meat#grill#grilling#steak#foodtime#winnerwinnerchickendinner#garlic#saveforlater#garlicrecipes#recipevideo#recipecard#dinnerideas#moviesnacks#cheesyrecipes#snakcs#nomnom#yummy#mealprep#familymeal#dinnerideas#recipevideo#saveforlater#recipecard"
13,"Chicken and salad 
â€¢
â€¢
â€¢
#fish #meat #vegetarian #vegetarianbutcher #foodporn #food #foodphotography #foodie #foodgasm #foods #foody #foodography #foodstagram #foodlover #foodblogger #foodies #foodtruck #healthyfood #foodheaven #foodbeast #foodstyling #foodblogfeed #foodphotography #foodblog #goodfood #homecooked #homecookedmeal"
1,#PROUDDAIRY #februdairy #febudairy #dairy #animallovers #teamdairy #foodporn #meat #britishfarming #waitrose #vegan #veganism #vegetarinism #milk #asda #plantbased #cheese #chocolate #farmlife
1,#PROUDDAIRY #februdairy #febudairy #dairy #animallovers #teamdairy #foodporn #meat #britishfarming #waitrose #vegan #veganism #vegetarinism #milk #asda #plantbased #cheese #chocolate #farmlife
4,"Treat your other half this Valentine's Day to a home cooked meal. ğŸ˜ğŸ‘¨â€ğŸ³

The Scotch Kitchens recipe for Scotch Lamb Tacos with Za'tar and Baba Ganoush is so simple yet impressive. ğŸ˜‰ğŸŒ®

â°Prep time - 1 hour
ğŸ”¥Cooking time - 30 mins
ğŸ½ Serves 4 (so that means leftovers woo!!)

Shop the Scotch Lamb needed to complete this dish at our Low Waters shop today!
â€¢
â€¢
#gbuchananandsons #gbuchananandsonsbutcher #butcher #butchersofÄ±nstagram #butcherslife #ethical #ethicalmeat #meat #macduffbeef #scotchbeef #meat #steak #lamb #chicken #beef #hamilton #standrews #scottish #scottishclassics #scotchkitchen"
4,"ğ•€ğ•¤ ğ•¥ğ•ªğ•¡ğ•šğ•Ÿğ•˜
â€œThese vegetables are so darn good!! I canâ€™t believe i tend to ignore these...from now on iâ€™ll keep on a healthy lifestyle thanks to both Teruteru & Old man Nidaiâ€™s advices! Vegetables & Meat are both equal!â€ Akane stated as she was munching on the broccoli
~~~~~~~~~
(Edit made by Yours truly uwu)
[tags]
#chapter1 #vegetables #veggies #vegetarian #omnivore #carnivore #herbivore #akane #akaneowari #akaneowariedit #edit #funny #cucumber #brocolli #danganronpamemes #danganronpa #danganronpa2 #danganronpa2goodbyedespair #superdanganronpa2 #superdanganronpa2goodbyedespair #ultimate #shsl #shslgymnast #superhighschoollevel #ultimategymnast #party #vegetablesaregoodforyou #advice #meat #danganronpaedit",I wonder if you've had carne asada
174,"Crispy lime boneless chicken thighs. Easy and quick meal for a weekday. Served with steamed  broccoli and asparagus
.
.
.
INGREDIENTS:

.3 tablespoons olive oil
.1/4 cup fresh squeezed lime juice (Juice of 2 limes)
.1/4 cup fresh chopped cilantro
.1 teaspoon red chili (or pepper) flakes
.4 cloves garlic minced
.3/4 teaspoon ground cumin
.6 boneless chicken thighs
.Salt and pepper to taste
.Fresh cilantro leaves to serve
Lime slices or wedges to serve
.
.
.

#chicken#meat#picoftheday#food#foodie#feedfeed#keto#diet#health#healthymeal#eatwell#protein#hungry#cream#homemade#family#home#dinner#dinnertime#nomnom#foodporn#instamood#instafood#dine#homecooking#feedme#myhappyplace#fitness#friends#wellness",Lovely presentation..,"Hi â¤ï¸, eÃ«Ã¤ is a safe space where I post everyday about positive affirmations, how to increase feminine energy and how to manifest your thoughts into reality, is it something that currently resonates with you ?"
15,"ğ˜”ğ˜¦ğ˜¢ğ˜µ. (Season 4 aot spoilers)
â€”â€”â€”â€”â€”â€”â€”â€”â€”â€”â€”â€”â€”â€”â€”-
Final season is slowly making me wanna relapse, itâ€™s too heartbreaking :(
â€”â€”â€”â€”â€”â€”â€”â€”â€”â€”â€”â€”â€”â€”â€”-
Ac; @rozunoir 
Pg;ae
Sc;dm
â€”â€”â€”â€”â€”â€”â€”â€”â€”â€”â€”â€”â€”â€”â€”
#sashabraus #sashabrausedit #aot #attackontitan #attackontitanedit #leviackerman #leviackermanedit #erenjaeger #erenjaegeredit #mikasaedit #animeedit #arminedit #meat #omgpage #yelena #yelenasupremacy #ae #edits #aotseason4"
7,"For balanced meals delivered to your door contact Sekamotho Cooks 

#catering 
#cateringservice 
#food 
#picoftheday 
#meat 
#corporateevents 
#homedelivery 
#welkomcateringservice 
#corporatecatering
#healthylifestyle 
#healthyfood
#diet
#healthydiet
#privatechef
#foodie"
0,"SUNSMILE FRUIT AND VEGETABLE RINSE, THE BADDEST SHIT ON THE PLANET Y'ALL!ğŸ“¢ #putthatshitoneverythang #meat #poultry #fish #ecoli #salmonella #foodpoison #kids #adults #hands #facemask #nosehair #clothes #plants #pets #fleas #ticks #worms #lice #cutsandbruises #makeupbrush #earwax"
12,".
.
.
.
.
.
.
#salad  #heathyfood  #healthysalad. #elwasfarecipes  #elwasfahealth  #elwasfa 
#yummyfood  #salad  #saladrecipe  #saladbowel  #saladlovers  #foodlover  #foodblogger #healthylifestyle 
#healthyeating  #healthcare
#cheese  #lettuce #meat #bigmacsalad 

#Ø¯Ù„Ø¹ÙƒØ±Ø´Ùƒ  #Ø§ÙƒÙ„ØµØ­ÙŠ  #Ø¨ÙƒØ±Ø§Ø¯Ø§ÙŠØª  #Ø§ÙƒÙ„Ù‡  #Ø³Ù„Ø·Ù‡  #ÙˆØµÙÙ‡  #Ø§Ù„ÙˆØµÙÙ‡  #Ø¬Ø¨Ù†Ù‡  #ÙØ±Ø§Ø®  #ÙˆØµÙØ§Øª #Ù„Ø­Ù…Ù‡"
43,"Momo Oâ€™clock 

Jordan Momo Chicken ( (Dumplings )
â­ï¸â­ï¸â­ï¸â­ï¸
.
.
.
.
.

#foodporn #food #foodphotography #foodiefood
#food #foodporn #foodiesofinstagram #foodphotography #foodblogger #foodlover #foodstylist #meat #meatlovers #foodstylist #foodaholic #momos #delhimomos #momo #delhifood #darjeelingmomos #jordanmomos #humayunpur #chickenmomos #dumplings #photooftheday #foodoftheday",I want them.. I want them ğŸ˜‚
3,"Smart Choice for Smart Generations
.
A perfect choice for your fast pace lifestyle
.
Through the years of experience, Thomas Foods International has forged relationships with Australiaâ€™s best producers to produce the best black angus beef for customer all around the world.
.
Now available @globalpratamawijaya contact us for more info!
.
.
#beef #meat #blackangus #pureangus #thomasfoodinternational #premiumblackangus #tfi #smartchoiceforsmartgenerations #globalpratamawijaya #australiansmeat #australianbeef #trueaussie #instagood #distributordagingjakarta #suplierdaging #redmeat"
3,"Smart Choice for Smart Generations
.
A perfect choice for your fast pace lifestyle
.
The best quality black angus beef by @thomas_foods_international
.
Now available @globalpratamawijaya contact us for more info!
.
.
#beef #meat #blackangus #pureangus #thomasfoodinternational #premiumblackangus #tfi #smartchoiceforsmartgenerations #globalpratamawijaya #australiansmeat #australianbeef #trueaussie #instagood #distributordagingjakarta #suplierdaging #redmeat"
11,"ğŸ¦‹ @eezzhhxx #eezzhhxx ğŸ¦‹
ğŸ¥©
#meat #meal #meatlover #dinner #brackfast #party #enjoy #fun #food #ig_shotz #instagramreels #instanature #instanaturlovers #ig_naturelovers #ig_naturephotography #ig_naturelover #summer #spring #snow #winter #colddrink #friends #girls #boys #beautiful #handsome 
ğŸ¥©"
17,"What's in your bowl? 
I feed Bodhie @millieswolfheart but it's important to add variety of different things to your dogs food like fresh fruit veg (I add a wee bit of raw in the mix) 
In Bodhies bowl we have: 
@seatreatsuk sprats and salmon oil 
@plaqueoffuk *gifted
@lillidale_uk joint supplements *gifted 
@fish4dogsuk mackerel fish treat",#dogfood #nutrion #fish #meat #puppyfood #whatsinyourbowl #dog #collie #dogtrainer #training #lilac #cutedog #hungry
2,"Smart Choice for Smart Generations
.
A perfect choice for your fast pace lifestyle
.
Through the years of experience, Thomas Foods International has forged relationships with Australiaâ€™s best producers to produce the best black angus beef for customer all around the world.
.
Now available @globalpratamawijaya contact us for more info!
.
.
#beef #meat #blackangus #pureangus #thomasfoodinternational #premiumblackangus #tfi #smartchoiceforsmartgenerations #globalpratamawijaya #australiansmeat #australianbeef #trueaussie #instagood #distributordagingjakarta #suplierdaging #redmeat"
19,We still have a few Damascus available on the website. medeirosaustralia.com,#medeirosaustralia #cheflife #chef #knivesofig #bbq #churrasco #gaucho #cutelaria #australia #picanha #damascus #handmade #tradition #knife #knives #qld #nsw #meat #vic #bbqporn #australianbbq #ribs #homechef #recipe #homecooking #farm #customknives #backyardbbq #bladesmith
40,"210208 æœˆæ›œå¤œã¯æœ‰åå¤–é£Ÿãƒã‚§ãƒ¼ãƒ³ä¼šé•·ã®æ‹›å¾…ã‚’å—ã‘ä¸Šæµ·å¸‚éƒŠå¤–ã®åˆ¥è˜ã§å¤§å®´ä¼šï¼ä½•ã‹ã‚‰ä½•ã¾ã§å…¨éƒ¨ãŒè±ªè¯ã™ãã¦åœ§å€’ã•ã‚Œã‚‹ï¼ˆç¬‘ï¼‰

#foodporn #shanghai #foodie #beef #beer #å¤œã“ã‚™ã¯ã‚“ #sushi #gourmet #ä¸Šæµ· #meat #chinesefood #night #yummy #ã‚¯ã‚™ãƒ«ãƒ¡ #japanese #gorgeous #å˜èº«èµ´ä»» #delicious #salmon #ç¾å‘³ã—ã„ #party #instafood #tasty #eat #dinner #ä¸Šæµ· #hungry #seafood #ä¸Šæµ·èŸ¹ #ä¸­è¯ #å¯¿å¸"
24,"âœ”ï¸ Breakfast ğŸ˜
.
.
#liondiet
#hypercarnivore2021
#carnivore100
#waroncarbs
.
#meatheals 
. 
#hardcorecarnivore
.
#beatinglymewithcarnivore  #beatinglymewithketo #meat #keto  #healthyketo #ketoproof #letsgethealthy #beatlyme #ketogenic #ketones #ketose #ketogeen #ketoses  #lyme #healthyfood #ketofoodporn #intermittentfasting #if #nosugar #nocarbsnosugar #nocarbs #koolhydraatarm #koolhydraatarmerecepten #ketogains",Breakfast? WoW!!
44,"Roasted Fluffy Burgers with Baby Potatoes & Fresh Herbs! ğŸŒ¿ 

Ingredients:
250 gr. minced beef
250 gr. minced pork
1 onion
100 gr. oats, grated
20-30 ml olive oil
1 egg
parsley, finely chopped
mint, finely chopped
2 tsp garlic powder 
oregano
thyme
salt
pepper

For baby potatoes:
1/2 kilo of potatoes
juice & zest of half lemon
1 tbsp. mustard, soft
50 ml olive oil
50 ml of water
rosemary, fresh
2 cloves of garlic
oregano
thyme
salt
pepper

Instructions:
1. Preheat the oven to 180 degrees.
2. Finely chop the onion and sauteÌ it in a pan over medium heat with a little olive oil, until be caramelised.
3. Beat the oats in the blender until it becomes almost powder.
4. Put the minced meat in a bowl and mix.
5. At the end, add the olive oil, egg, sauteed onion and garlic, lemon zest, oats and all other ingredients. Mix all the ingredients together and then make them burgers in the size you prefer.
6. For the potatoes: cut them to the size of our liking. Place them in a pan and add the lemon, water, mustard, olive oil, rosemary, garlic, salt, pepper and all the herbs and mix well.
7. Put the potatoes in a baking pan, cover the bottom, then add the burgers on top.
8. Bake at 180 degrees for 40 minutes covered with foil and for another 20 minutes uncovered. Ready!

ğŸ†˜You can find my recipe in Greek hereğŸ‘‰ğŸ¼
IG: @mommyjammi.gr 
Website: Mommyjammi.gr
__________________________________________________
#greek #greekfood #greeceğŸ‡¬ğŸ‡· #griechisch #griechenland #burgers #meat #babypotatoes #potatoes #yummy #mommyjammi #foodenyo #feedyoursoul #yummyfood #mommy #traditional #traditionalfood #mam #easyrecipes #quickrecipes #quickandeasyfood #foodenyostyling"
4,"Focus with me dear because today's offer is big and well deserved from my grandfather's house.ğŸ”¥â¤ï¸
@gfh_rest @gfh_rest @gfh_rest

ğŸ“ŒLocation: Al Khobar - Al Aqrabiah - 22nd Street.
@shll_rest @shll_rest @shll_rest

#Ø´Ù„Ù„_Ø±Ø³Øª_Ø®Ù„Ù‡Ø§_Ø¹Ù„ÙŠÙ†Ø§ 
#Ø´Ù„Ù„_Ø±ÙŠØ³Øª
Ø§Ù”Ø³Ù‡Ù„ØŒ Ø§Ù”ÙˆÙØ±ØŒ ÙˆØ§Ù”ÙƒØ«Ø± Ù…ØªØ¹Ø©â¤ï¸.

Ã—Ã—Ã—Ã—Ã—
Ã—Ã—Ã—Ã— 
Ã—Ã—Ã— 
Ã—Ã— 
Ã— 

#grand_father_house #food #meat #healthyfood Grilled_chicken#Ø¨ÙŠØª_Ø¬Ø¯ÙŠ #Ù…Ø´Ø§ÙˆÙŠ #Ø¨Ø±ÙˆØ³ØªØ¯ #Ø¨Ø±ÙˆØ³ØªØ¯_Ø¯Ø¬Ø§Ø¬ #Ø¨Ø±ÙˆØ³ØªØ¯_Ø±Ø¨ÙŠØ§Ù† #Ø¯Ø¬Ø§Ø¬_Ù…Ù‚Ø±Ù…Ø´ #Ø³Ù„Ø·Ø§Øª #Ù„Ø­Ù…_Ù…Ø´ÙˆÙ‰ #Ù„Ø­Ù…_Ø°Ø§ÙŠØ¨ #Ø·Ø¨Ø®Ø§Øª #Ø§ÙƒÙ„Ø§ØªÂ  #ÙØ·ÙˆØ± #Ø§ÙƒÙ„ #Ù…Ø´Ø±ÙˆØ¨Ø§Øª_Ø¨Ø§Ø±Ø¯Ù‡ #Ø¨Ø·Ø§Ø·Ø³ #ØµÙˆØµÂ  #Ø®Ø¨Ø² #Ù…Ø¹Ø¬Ù†Ø§Øª #Ø§ÙƒÙ„_ØµØ­ÙŠ #Ø®ØµÙ… #Ø¹Ø±Ø¶ #Ø®ØµÙˆÙ…Ø§Øª_Ø´Ù„Ù„ #Ø¹Ø±ÙˆØ¶_Ø´Ù„Ù„ #2021"
87,"Potato bites yummy ğŸ˜‹ dekhne me jitna mst h khane me b utna hi lajwab h.
.
Follow .@_houseof__
.
.#ritufoodie
.
.
#tomatoes #yum #eggs #onions #foodiesofinstagram #kartoffeln #salad #healthy #breakfast #corn #veganfood #meat #comfortfood #veggies #plantbased #homemadefood #foodgasm #chef #steak #indianfood #bacon #onion #cook #shrimp  #healthylifestyle #beef #yummyfood #chips #frenchfriesi",This looks really goodâ¤ï¸,ğŸ”¥ğŸ”¥ğŸ™Œ delicious my dear ğŸ”¥ğŸ”¥ğŸ”¥yummy ğŸ‘ğŸ‘,Looks super amazing and delicious ğŸ˜,Looks super tempting,Plz courier kar dey..so that we also can eat ğŸ˜€ğŸ‘ŒğŸ‘Œ,Drooling over it
9,"Roastbeef... 

Yummy yummy...

#bbq #food #foodporn #meat #ribs #beef #cooking #cook #foodlover #foodphotography #foodblogger #foodie #foodies #foodiesofinstagram #meatlover #cookingathome #cookiesofinstagram #cookingwithlove #loveforfood #hungry #yummy #hunger #wow #bestfood #grill #grilled #gourmet

Follow pls:
@mazensbbq

Thank you so much..."
3,"What's your plan this, Valentine's day? ğŸ¥°",".
.
.
.
#steak #steakaway #ribeye #ribeyesteak #angus #anguschoice #choiceribeye #premium #howtocooksteak #meatsupplier #steaksupplier #l4l #f4f #onlinegrocery #yum #food #instafood #foodgasm #frozenmeat #frozenfood #fooddelivery #fooddeliveryph #meat #beefsupplier #usdachoice #marbling #topblade"
14,"Love my #meat .... But this happened tonight #eating #vegan BUT #notvegan 

#Kale and #Chicken with lemon and avocado oil drizzle 

Was yummy â¤ï¸ #foodie #foodiesofinstagram #healthyfood"
29,"Buongiorno amici ğŸŒğŸ˜„
Guardate che spettacolo ...ğŸ˜

 â–ªï¸ wagyu wild Rivers fold vlog
â–ªï¸Vacca Dk oro giallo 

 #macelleria #foodporn #meat #food #carne #instafood #butcher #cibo #beef #italy #italia #instagood #bistecca #macellaio #foodblogger #italianfood #foodstagram #ristorante #gastronomia #love #scottona #bbq #braceria #yummy #costata #grill #brace #salumeria #salumi #hamburger"
7,#string #bean #salad #with #lots #of #garlic #and $fried #turkey #meat
2,"At Pink Fennel Kitchen, we HATE food waste!  We are committed to zero food waste and, so far, we are achieving this ğŸ˜ğŸ˜ğŸ˜
That's why we ask our lovely customers to place their orders by 7pm each Thursday so we can order just what we need (and a few tasters for the chefs of course ğŸ˜‰ğŸ˜‹ğŸ˜‹)
If you have any questions or would like to  order a tasty, freshly cooked takeaway for Saturday night email us: pinkfennelkitchen@yahoo.com",#enfield #mediterraneanfood #takeaway #freshfood #zerofoodwaste #enfieldfoodies #enfieldmums #northlondon #winchmorehill #buylocal #shoplocal #loveEnfield #loveyourdoorstepenfield #vegan #vegetarian #meat  #deliciousfood #takeawaymeals #wholesomefood #goodfood #takeawayideas #valentines #valentinesdinnerathome #valentinesdinner #valentinestakeaway
3,"The best starter platter before the main meal. 
#nayeh #rawmeat #meat #lebanesefood #lebanese #lebanesecuisine #Ø£Ø­Ø¯_Ø§Ù„Ù…Ø±ÙØ¹ #Ø®Ù…ÙŠØ³_Ø§Ù„Ø°ÙƒØ§Ø±Ù‰"
78,"Buongiorno amici ğŸŒğŸ˜„
Guardate che spettacolo ...ğŸ˜

 â–ªï¸ wagyu wild Rivers 
â–ªï¸Vacca Dk oro giallo 

 #macelleria #foodporn #meat #food #carne #instafood #butcher #cibo #beef #italy #italia #instagood #bistecca #macellaio #foodblogger #italianfood #foodstagram #ristorante #gastronomia #love #scottona #bbq #braceria #yummy #costata #grill #brace #salumeria #salumi #hamburger"
1,"#alldayretail #allday_retail #allday_online #online_grocery #conveniencestore 
#allday_gourmet
#allday_market
#allday_fresh #alwarqa #fresh #fruit #fish #grabfood #breakfast #bread #pizza #offer #offers #healthyfood #freshfood #alwarqa1 #winter #fest #meat #fresh #freshfish #rice #mondaymarket #freshveggies #freshfruits #freshsalad"
12,"Quaja Veneta (special quail from Veneto in Italy) , radicchio Trevisano and Tropea onions. 
Italian StyleğŸ‡®ğŸ‡¹
-
#warszawa #bestofpoland #michelinstar #restauracja #gaultmillaupolska #cheflife #foodart #quail #wild #chefsofinstagram #theartofplating #foodart #plating #chefsplate #epicplateup #michelinguide #chefstalk #foodphotography #chefsroll #foodbywarsaw #warsawfoodie #chefslife #meat #pink #makeitnice"
21,"Lower Cortisol = Weight LossğŸ”¥
Save ğŸ§¡ & Share ğŸ”ƒ 
.
Weight gain or loss is generally an issue both during and after times of elevated stress. Heightened stress levels tend to cause imbalances in hormones like cortisol, DHEA and adrenaline.Â 

â€¢What is Cortisol ? 

CortisolÂ is a steroid hormone that regulates a wide range of processes throughout theÂ body, including metabolism and the immune response. It also has a very important role in helping the bodyÂ respond to stress.

â€¢Relation between cortisol & weight loss ? 

Cortisol has an intricate relationship with the hormone insulin, which controls our blood sugar. When cortisol levels increase, the cells of our body can become resistant to insulin. In turn, this may lead to an increase in blood sugar, weight gain and potentially Type 2 Diabetes. 

When cortisol levels drop excessively this is known as adrenal exhaustion. If this occurs, blood sugar levels may decrease, causing hypoglycaemia, linked to weight loss and a low stress tolerance.Â 

How do we lower Cortisol ?
 

â€¢ Balanced diet 
â€¢ Sleeping well 
â€¢ Exercising 
â€¢ Avoiding caffeine at night 
â€¢ Taking a hubby
â€¢ Getting a pet

Finally cortisol is a wide subject, if you liked this post let me know in the comments so i can speak in depths about this topic.
.
.

 #quickmeals #healthierchoices #foodinspiration #thefitnesschef #fatlosshelp #fatlossdiet #fatlosstips #halotop #eatsmart #meat #lowcalorie #calories #caloriedeficit #caloriecounting #losefat #diet #dieting #smartchoices #nutritionfacts #losebellyfat #springblossoms"
18,"People who loves Steak, are always the Best people! ğŸ¥©ğŸ¥©ğŸ¥©
A million-dollar smile!ğŸ˜ğŸ˜ğŸ˜
Seya soon!!!ğŸ‘ŒğŸ”¥
#dinner #steak #steakhouse #steaklover #myfriend #bar #montenegro #staracarsija #sparesort #nice #steakporn #steakfordinner #restaurant #meat #beef #hanging #lovetoeat #crnagora #top #prijatelji #hotel #smile #seeyouagain #soon #happy #smiles"
1,"It doesn't matter what you use to build a burger, but if it doesn't have a pattie then it's just a salad roll.
#venisonlovers
#freerangemeats
#supportlocal
#meatisgood
#meat
#knowwhatyoueat"
17,"ãƒ˜ãƒ«ã‚·ãƒ¼ãƒ‡ã‚£ãƒŠãƒ¼
Healthy dinner
è‚‰è±†è…
ç™½èœã€ãƒ­ãƒ¼ã‚¼ãƒ«ã€ç”˜å¤ã¿ã‹ã‚“ã®ã‚µãƒ©ãƒ€
èœã®èŠ±ã¨ãƒ–ãƒ­ãƒƒã‚³ãƒªãƒ¼ã®å’Œãˆç‰©
Tofu with pork
Chinese cabbage .rossele and sweet summer orange salad 
Mix broccoli and rape blossom with sesame
#ãƒ˜ãƒ«ã‚·ãƒ¼ãƒ‡ã‚£ãƒŠãƒ¼ #healthydinner#è‚‰è±†è…#ã‚µãƒ©ãƒ€#ãƒ­ãƒ¼ã‚¼ãƒ«#ç”˜å¤ã¿ã‹ã‚“#èœã®èŠ±#tofu#meat#salad rossele #sweet summer orange#instafood#foodpicks#airkichen#Byfood#Kuracooking#cookingschool #cookingschool park#ã‚¯ã‚¹ãƒ‘#è”µã‚¯ãƒƒã‚­ãƒ³ã‚°#æ–™ç†æ•™å®¤ #æ„›æƒ…ãŸã£ã·ã‚Šã‚¯ãƒƒã‚­ãƒ³ã‚° #é£Ÿã®æ¸©æ•…çŸ¥æ–°ã®ä¼é“å¸«"
12,"Î‘ÏÎ½Î¬ÎºÎ¹ ÏƒÏ„Î¿ Ï†Î¿ÏÏÎ½Î¿!!
Î¤Î¿ Î»ÎµÏ‚ ÎºÎ±Î¹ Î³Î»Ï…ÎºÏŒ Î±Ï†Î¿Ï ÎµÎ¯Î½Î±Î¹ Î»Î¿Ï…ÎºÎ¿ÏÎ¼Î¹ ğŸ˜…ğŸ˜…ğŸ˜…
https://cookpad.com/gr/sintages/14552336-arnaki-sto-phourno-me-lemoni?invite_token=y6UddfUpweyZCK7ZkwjzECL7&shared_at=1613038036
#meat #meatlovers #meatporn #foodblogger #foodphotography #food52 #foodgram #fooddilicious #cookingram #cooklife #kitchenstory #foodandwine #tastevoice #taste #tastyfood #tastyrecipes #styliany_recipes #myrecipes #igfoodie #igfood #igfoodies #mediterraneanfood"
7,On dÃ©marre la saison en mode pizza ğŸ• #toquetalkie #food #team #meat #work #tvshow #kitchen #m6
18,Cheese burger ğŸ”ğŸŸğŸ¥¤#cheeseburger #hamburger #chefburger #hulkburger #food #goodfood #tantuni #chicken #meat #podgorica #budva #kotor #brzahrana #montenegro #brzahrana #turkishfood
32,"ì½”ìŠ¤íŠ¸ì½” ì‚´ì¹˜ì‚´ ì†ì§ˆ
ì¬ë¯¸ì¨  ì¬ë¯¸ì¨!!
-
#ë¨¹ë°©#ë§›ì§‘#ì €ë…í•œìƒ#ğŸ¡
#ì½”ìŠ¤íŠ¸ì½”#ì‚´ì¹˜ì‚´#ê°€ì„±ë¹„#ğŸ‘
#costco#beef#meat
#koreanfood#food"
8,#warriorfitness #warriorfood #beastmode #fitnessfood #trainingtime #rawfood #diet #dietafit #chicken #mush #barf #vitamins #rawfood #eat #eatclean #eatcleandiet #eatcleantraindirty #cleanfood #meat #meatlover #ecofriendly #eco #workingdog #rawfeddog #coconutoil #cucumber #sweetpotato #spirulina
0,"5kg Beef Available at Only E290 
Contact Us Via:
Tell: +268 3550 1063
Cell: +268 7844 5163
Work: 268 7944 5163
WhatsApp: http://Wa.me/+26878445163

Or Visit Us In-store Today in Matsapha, Opposite Matsapha Town Board, along Police College Road, at G&L Complex, Shop Number 9 #beef #meat #meatlover #braai"
9,"...Spiedini misti....

#imacellaipiubelliditalia#macelleria #foodporn #meat #food #carne #instafood #butcher #cibo #spiedini #beef #italy #italia #instagood  #macellaio #foodblogger #italianfood #foodstagram #firenze #sigode #soffiano"
16,"Ton balÄ±klÄ± zeytinyaÄŸlÄ± pilav â¤ï¸

#like4likes #food #foodporn #foodpics #recipes #meat #barbecue #vegetable #currychicken #recipe #healthyfoodrecipes #like #blog #blogger #love #tasty #taste #pepsi #fat #fatsecret #sport #health #life #pamelareif #bbq #healthyfood #blog #granola #oat #banana #workoutathome"
23,"Chicken ğŸ‹
.
.
.
#food #foodporn #yum #instafood #photography #instapic #yummy #amazing #instagood #photooftheday #sweet #dinner #lunch #breakfast #fresh #tasty #food #delish #delicious #eating #foodpic #foodpics #eat #hungry #foodgasm #hot #foods #chicken #meat #cheese",Cool
8,"POTATOES / SALAD / ROASTED PORK with CREAM SAUCE

#smashed #potatoes #homemade #salad #carrots #greensalad #patates #purÃ©e #creamsauce #rotideporc #roti #pork #porc #meat #lardon #bacon #bread #toastedbread #cerealesbread #love #foodporn #foodstagram #instafood #yummy #cooking"
1,"This is a proper reunion dinner option right? 
.
.
.
.
.
#sglife #sgfood #chiuclannotincali #chiuclaninsg #reuniondinner #thereistillsteamboat #meat #nogoutplease"
31,"Lamb night!! 
#lamb #dinner #butcher #foodies #foodiesofinstagram #foodporn #foodcoma #meat #meatlover #homedelivery #curbsidepickup #opentothepublic #shoplocal #open7daysaweek #onlineshop #thesix #toronto #vaughan #globemeatsmarket"
9,"Â¿Tienes planes para hoy? 

Nosotros, si. ğŸ˜ŠğŸ´ 

Â¡Y es comer rico rico! 

#playadelingles #papisgrill #food #foodie #meat #yummy #welovemeat #yummyfood #grancanaria"
10,#reunion #dinner #chinesenewyear #eve #simplicity #all #in #pot #punchoy #varieties #ingredients #vegetables #meat #seafood
9,Well thatâ€™s Valentineâ€™s Day sorted for you... British wagyu reared on family farms like ours back in nationwide Aldi UK stores. These cattle are reared in the highest welfare conditions and were the recent recipient of the Compassion in World Farming  good calf welfare award. It is great to see Aldi UK bringing wagyu some of worlds best beef to Uk consumers at a reasonable price. What better way to celebrate Valentineâ€™s Day than by backing Local British quality produce #proud #Wagyu #backbritishfarming #bbq #steak #beef #food #foodporn #meat #wagyubeef #foodie #ribeye #instafood #wagyusteak #grill #cumbria #meatlover  #cumbria #farmtotable #eatlocal #britishagriculture #farmtofork #food #foodie #farmlife #supportlocal #farmersmarket #farmfresh #foodporn #farm #highwelfare
1,Aztecas Yokohama #akarenga #Corona #baystars #amigos #bar #beer #cool #cheers #michelada #date #dinner #food #fresh #minatomirai #happy #kannai #meat #music #bashamichi #party #rico #yamashitakouen #restaurant #spicyfood #sakuragicho #tacos #tasty #wine #yummy #yokohama_lover
15,"â€¢ MADISON & Heigâ˜ï¸ PRIME RIB
â£ â£â£â£â£ â£ â£ â£â£â£â£
â€¢ â£â£â£MY favorite savory salty steak ! Madison Prime Rib is perfect 10 for me ğŸ’¯! Salty juicy served with a thick MISO BUTTER & SALTY FLAKES ğŸ’¥ flake ittttt
â£
 â£â£â£â£â£â£
â£â£â£â£â£â£â£
SUPPORT @madisonandheig ğŸ”¥ ğŸ¤Ÿ devoured by @ye3na","#ye3na #eat #Ø§Ù„Ø¨Ø­Ø±ÙŠÙ† â£â£â£â£â£â£â£
#kuwait #yum #Ø§Ù„Ø³Ø¹ÙˆØ¯ÙŠØ©â£â£â£â£â£â£â£
#foodie #appetizers #Ø§Ù„Ø§Ù…Ø§Ø±Ø§Øªâ£â£â£â£â£â£â£
#q8 #delicious #Ù‚Ø·Ø±â£â£â£â£â£â£â£
#q8food #kuwaitfood #Ø¹Ù…Ø§Ù†â£â£â£â£â£â£â£
#meat #cheatmeal #Ø¯Ø¨ÙŠâ£â£â£â£â£â£â£
#primerib #Ø§Ù„ÙƒÙˆÙŠØª #cheatday #ÙŠØ¹Ù†Ø§â£â£â£â£â£â£â£
#food #steak â£â£â£â£â£â£â£
#tasty #lunch #snacks #foodporn"
4,Aztecas Yokosuka #akarenga #Corona #baystars #amigos #bar #beer #cool #cheers #michelada #date #dinner #food #fresh #minatomirai #happy #kannai #meat #music #bashamichi #party #rico #yamashitakouen #restaurant #spicyfood #sakuragicho #tacos #tasty #wine #yummy #yokohama_lover
46,"Il mio butcher Ã¨ differente ğŸ˜ğŸ”¥ğŸ”
#steak #steakhouse #beststeakhouse #beststeakintown #beststeakever #carnazza #meat #meatporn #meatlover #beef #beeflover #beefporn #dryaged #dryagedbeef #frollatura #food #foodporn #foodblogger #foodlover #foodphotography #chef #chefphotography #como #comolake"
14,"1.3 KGğŸ’ª
Perfect prime rib
.
.
.
.
.
.
.
.
#prime #primerib #grill #carnivore #delicious #aged #meat #red #privatechef #private #events #×©×£ #×©×£×¤×¨×˜×™×œ××™×¨×•×¢×™×",Show me what's inside
1,Gran Aztecas #akarenga #Corona #baystars #amigos #bar #beer #cool #cheers #michelada #date #dinner #food #fresh #minatomirai #happy #kannai #meat #music #bashamichi #party #rico #yamashitakouen #restaurant #spicyfood #sakuragicho #tacos #tasty #wine #yummy #yokohama_lover
25,"Stokes Marsh Farm hindquarters being put aside in anticipation of the hospitality sector opening soon(ish) ğŸ˜¬
-
-
-
-
#beef #butcher #walterrose #restaurant #chef #cheflife #covid_19 #chefsofinstagram #meat #hospitality"
3,#macelleriaDaddario #lascottona #bitritto #viaalessandromanzoni #numero15 #butcher #butchershop #sanvalentino #valentinsday #lettere #letteredamore #love #carne #carni #meat #meatlover #meatlovers #foodporn #cuore #heart #photooftheday #photography #scatti #picoftheday #â¤ï¸ï¸ #ğŸ”¥ #ğŸ¥© #ğŸ¤©
10,"Ø§Ù„ÙƒØ¨Ø© Ø§Ù„Ù†ÙŠØ© Ø¹Ù†Ø§ ÙÙ†
Raw Kebbeh at Al Douri Mart is made with love
#kebbeh #meat #raw_kebbeh #aldouri #world_of_fresh_choices"
40,"When bbqing I like to think of the inclusion of wood like any other ingredient.

Smoke shouldn't be the star of the show, rather something that adds to the overall flavour profile and appearance.

A common mistake when getting into bbq is over smoking. Thinking more is better and the thicker the smoke the better.

This is not the case.

When you combine good quality protein, balanced seasoning, good technique and quality clean smoke, you are onto a winner!

 #barbecue #bbq #grill #grilling #foodie #food #brisket  #ribs #barbeque #instafood #meat #smokedmeat #smoker #bbqlife #smoke  #restaurant #instagood #steakdinner  #burntends #beef #solidfuel #grillkings #eatburntends #charcoal #woodfiredbbq","Brisket is our most wanted piece of meat for bbq! Watch out for our profile, we got a lot of meaty stuff on it! Give us your Feedback! Thx!"
5,"Itâ€™s brisket oâ€™clock ğŸ¤¤
.
ğŸŒwww.ruparupa.com/lacassa
ğŸ›Lacassa Living World Alam Sutera Lantai 1
.
Perfectly presented by @aussiepitboys at @showdown_in_the_showground_ 
.
.
.
.
#bbq #briskets #knives #victorinox #lowandslow #lowandslowbbq #barbeque #meat #slicing #slicingknife #fibroz",Thank you for the shout out. @victorinox_australia knives are the best around ğŸ‘Š
2,"2.5kg Wors Available at only E150 
Contact Us Via:
Tell: +268 3550 1063
Cell: +268 7844 5163
Work: 268 7944 5163
WhatsApp: http://Wa.me/+26878445163

Or Visit Us In-store Today in Matsapha, Opposite Matsapha Town Board, along Police College Road, at G&L Complex, Shop Number 9 #wors #braai #meat #eat #forthelove"
29,"LğŸ¤IğŸ¤LğŸ¤Y

#cute #kitty #britishcat #britishgolden #catsofinstagram #lilyofvalley #goodmorning #mood #moodoftheday #morningmood #morningvibes #hosico #hosico_cat #meat #meatlover #beautiful #beautifulcat #moscow #city  #sleep #sleepingcat #sleepingbeauty#happynewyear #newyear"
15,"Traditional LeberkÃ¤se all the way from our friends at  @kioski_67  Berlin
.
.
#regram"
45,"LilyğŸ¤

#cute #kitty #britishcat #britishgolden #catsofinstagram #lilyofvalley #goodmorning #mood #moodoftheday #morningmood #morningvibes #hosico #hosico_cat #meat #meatlover #beautiful #beautifulcat #moscow #city  #sleep #sleepingcat #sleepingbeauty#happynewyear #newyear #snowpods #flower"
37,"ğŸ˜´

#cute #kitty #britishcat #britishgolden #catsofinstagram #lilyofvalley #goodmorning #mood #moodoftheday #morningmood #morningvibes #hosico #hosico_cat #meat #meatlover #beautiful #beautifulcat #moscow #city  #sleep #sleepingcat #sleepingbeauty#happynewyear #newyear"
566,"9 hours brisket sandwich & yamazakura

#brisket #bbq #foodporn #ribs #barbecue #beef #bbqlife #foodie #food #pulledpork #smokedbrisket #meat #pork #grill #bbqlovers #smoked #smokedmeat #grilling #bbqporn #chicken #texasbbq #barbeque #instafood #lowandslow #delicious #steak #foodstagram #smoker #pitmaster #sandwich

 

ğŸ“¸.@ilias_tyrovolas 
ğŸ’ª.@dkarmis12",What a treat! Gourmet style!
1,#belt #convayerbelt #leatherbelt #industrial #lebanon #middleeast #europe #worldwide #meat #technology #bluebelt #img
4,"Itâ€™s brisket oâ€™clock ğŸ¤¤
.
ğŸŒwww.ruparupa.com/lacassa
ğŸ›Lacassa Living World Alam Sutera Lantai 1
.
Perfectly presented by @aussiepitboys at @showdown_in_the_showground_ 
.
.
.
.
#bbq #briskets #knives #victorinox #lowandslow #lowandslowbbq #barbeque #meat #slicing #slicingknife #fibroz"
12,"ğŸ˜ğŸ¤¤
Follow @foodfangr
  @foodfangr
  @foodfangr

Credit:@iwouldkillforcheatmeal
 ---
---
---
#food #drinks #tasty #yummy #wow #masterchef #chef #pleasure #thursty #hungry #fresh #foodporn #instafood #foodphotography #foodstagram #instagood #foodlover #foodgasm #foodies #cooking #like #delicious #sweets
#fastfood #fries #burger  #delicious #meat #notvegan"
13,#camp #camping #nature #food #fishing #foodphotography #meat #meatlover #offroad #turkey #sea #night #outdoor #thenorthface #walf #hunting #shark
1,".
ğŸ›’SHOP WITH A BUDGET AND SAVE MONEY AT THE GROCERY STOREğŸ›’
.
ğŸ’–MARKET PLACES.SG - AFFORDABLE GROCERIES MADE CONVENIENTğŸ’–
.
âœ…AFFORDABLE âœ…RELIABLE âœ…QUALITY
.
ğŸŒŸğŸŒŸğŸŒŸGRAND OPENING FEBRUARY 2021ğŸŒŸğŸŒŸğŸŒŸ
.
ğŸ›’Why Choose Market Places.sg For Your Online Grocery Shopping?ğŸ›’
.
â­Affordable - Sales & Promotions Are Offered Daily So You Can Save More On Fresh Food Items Such As Fruit & Vegetables, Meat & Seafood, Rice & Cooking Essentials, Beverages, Dairy, Frozen, Snacks & Sweets.
.
â­Reliable - Pride Ourselves On Delivering On Time And In Full. If You Experience Any Problems With Your Delivery, We Have An Easy Self-Serve Tool Available 24/7.
.
â­Quality - Every Product Undergoes Strict Quality Control, Perfectly Packed And Chilled, So Everything Remains Fresh For Delivery. When You Order Fresh Produce, You Can Be Assured That Your Produce Reach You Fresh.
.
ğŸ›’Contact UsğŸ›’
.
1. Website >www.marketplaces.sg<
.
2. Whatsapp +65 84847111
(Click Link To Whatsapp Directly)
>https://wa.me/6584847111<
.
3. Email >customerservices@marketplaces.sg<
.
#Marketplacessg #Affordable #Quality #Reliable #Onlinegrocery #Fruits #Vegetables #Meat #Seafood #Rice #CookingEssentials #Beverages #Dairy #Frozen #Snacks #sweets"
10,"Our butchers have a huge array of delicious fresh meat produce including dry-aged steaks roasting beef, T-bone, minced steak, pork steaks, belly of pork joint, chicken, marinated chicken, homemade sausages and lots more.

Support your independent traders and shop local.

Social distancing measures have been taken, respect each other keep two metres apart.

#butcher #meat #freshproduce #shoplocal"
44,"The love we have for our meat extends above and beyond. With much joy, we are proud to present our very own take on the classic Chinese New Yearâ€™s Bak Kwa. 

House-cured and hand-crafted with 100% natural ingredients, it contains no preservatives, no flavourings and no MSG & artificial colouring. 

Carefully tended and fresh upon order with vacuum-sealed pouches and encased in our lavish box, it is an exceptional gift for your loved ones while welcoming the Year of the Ox. 

Very limited productions. Pre-order available now until the 19th of February 2021. Grab them while the stocks last!

For further inquiries or orders please contact us directly at +62 812-3871-3964
.
.
#sijinbali
.
.
.
.
#steakhouse #meat #meateaters #meatlover #dryagedsteak #dryaged #dryagedbeef #dryagedmeat #dryagedreserva #dryagedprimerib #dryagedprimebeef #dryagedmeats #bali #homemade #balisteakhouse #balirestaurant #rarecuts #meatcut #bestmeat #bakkwabali #bakkwa #cny #chinesenewyear #cnypreorder"
9,"For meat lovers only... ğŸ¤¤ğŸ¥©â£
N'attendez plus ! Venez vous rÃ©galer et sublimer ces viandes en appliquant nos conseils du boucher ! ğŸ˜‰â£
â£
â£
C'est jeudi ! Nous sommes ouvert jusqu'Ã  20h30.â£â£
ğŸ“99 rue de colombes 92400 Courbevoieâ£â£
ğŸ“01 46 40 70 76â£â£
.â£â£
.â£â£
.â£â£
#dailyk #kosher #paris #food #kosherfood #france #instagood #instafood #photography #foodstagram #love #kosherfoodie #mangercacher #yummy #photooftheday #picoftheday #kosherfoodies #koshermeat #koshercooking #meat #foodie #kosherparis #restaurant #follow #kosherrestaurant #photo #instadaily #koshereats #delicious"
18,"When @fire_meat_metal is cooking our Scotch Fillet Steaks over charcoal, we know theyâ€™ll be perfect! Weâ€™re drooling!! ğŸ˜‹ğŸ˜‹ğŸ˜‹
____________________________
Follow us on Instagram (@ashburtonmeats) and Facebook.
Use #AshburtonMeats to share your delicious creations.
.
.
.
#ashburtonmeats #porkÂ  #steak #beef #lamb #chicken  #gippslandÂ  #roast #bbq #grill #meatlover #meat #Melbournemeats #melbournebutcher #Ashburtonvillage #ashburtonvillage3147"
8,"Viet Bun-less Bowl w roast pork ğŸ¤¤  Can't go past some decent pork, this one bought from the local asian crib

#vietnamese #pork #vietnamesefood #lowcarb #lchf #bunbowl #porkbelly #vietnam #yum #appleton #saigon #appletonwisconsin #foodinbowls #goicuon #grilledpork #lemongrass #lemongrasspork #makemegoyum #beef #nuaccham #keto #phosoup #photai #saigonese #photaibovien #ricenoodles #summerrolls #meat #asianfood #vietnam",Where did you find the heo quay around here?
10,"Another day, another toy. Our Japanese @konrogrill for the delicate elements on the menu, we can't wait to start using this

 #coalcooking #livefirecooking #asado #grills #barbecue #bbq #events #eventplanners #finedining #laidback #food #drink #land #sea #views #uk #devon #exmouth #jurassiccoast #seaside #seasideliving #seafood #meat #meatfree #service #passion #tasting  #corporate #wedding #privatedining"
23,"ã‚¿ã‚³ã‚¹ğŸ˜‹

#homemade
#homemadecooking
#japan
#meat
#tacos
#taco
#winter
#instagood 
#instafood 
#thankyouforeverything 
#ãŠã†ã¡ã“ã‚™ã¯ã‚“
#ãŠã†ã¡ã‚«ãƒ•ã‚§
#é‡èœãŸã£ãµã‚šã‚Š
#ãƒˆãƒãƒˆ
#ã‚¿ã‚³ã‚¹
#ãŠè‚‰
#ã‚¿ã‚³ãƒŸãƒ¼ãƒˆ 
#è‚‰
#ğŸ‡¯ğŸ‡µ
#ğŸŒ®"
12,"Busy morning prepping the 
â™¥ï¸ Valentine's day packsâ™¥ï¸

Still some available for the weekend.. 

Sirloin - Fillet - ribeye.... 

#tasty #butchersofinstagram #meat #local #beef #British #matured #salt #pepper #local #meat #stone 

@stoneiswheretheheartis 
@alittlebitofstone 
@stonefooddrink1"
31,"Check out our latest roast menu choice for 21st Feb... DM your orders now!
â€¢
Limited spaces available, so please be quick.
â€¢
#food #foodstuffs #meals #foodstuff #foodporn #foodie #instafood #foodphotography #foodstagram #yummy #instagood #love #follow #foodblogger #foodlover #like #delicious #homemade #healthyfood #photooftheday #picoftheday #dinner #foodgasm #foodies #tasty #cooking #instadaily #meat #meatlover #follow4followback

@digitaldesignking for social media management",That pudding ğŸ™Œ
7,#PROUDDAIRY #februdairy #febudairy #dairy #animallovers #teamdairy #foodporn #meat #britishfarming #waitrose #vegan #veganism #vegetarinism #milk #asda #plantbased #cheese #chocolate #farmlife
4,#hotandcold #beefsalad #salad #redcabbage #dug #pork #potatoes #porkjelly #bavaria #sauce #food #meat #onions #comeasyouare
11,To Order your @shirleyfabrication Fire Pit / Live Fire Cooker ğŸ”¥ Text or Call Luke at 205-765-4032 #WorthTheWait #RossSpringer Shirleyfabrication,#Stickburner #Smoker #snow #bbq #lowandslow #hunting #fishing #gsp #ribs #texas #meat #smoke #steak #tacos #love #world #art #livefirecooking #handmade #grill # yeti #craft #outdoors #weather #brisket #beef
4,"Thank you dear customer, 'til our next transaction! ğŸ¥° 

#happy2meatU #happymeat #sausage #hungarian #food #instagram #instafood #comfortfood #hungariansausage #manila #mnl #supplier #supplierph #affordable #meatlovers #meat #meatsupplier #thursday"
23,"Breakfast ğŸ¥
.
.
.
#food #foodporn #yum #instafood #photography #instapic #yummy #amazing #instagood #photooftheday #sweet #dinner #lunch #breakfast #fresh #tasty #food #delish #delicious #eating #foodpic #foodpics #eat #hungry #foodgasm #hot #foods #chicken #meat #cheese"
3,"We promise to serve you the best!!
Happy Promise Day.
.
.
Order Online on Zomato.
.
.
#poultry #chicken #onlinemeat #meatshop #mutton #fish #onlineshopping #groceryshopping #mutton #seafood #rawmeat #marinades #foodie #foodlovers #cooking #likeforlike #followforfollow #rawmeat  #chicken #homedelivery 
#Meat #SafetyFirst #Chicken #FoodSafety #Orderonline #Shopnow #Sonipat"
58,"You, me & a Waygu = the perfect Valentines Day...

Surely nothing says â€œI love you!â€ like a @jackscreekbeef Wagyu steak ğŸ¥©â¤ï¸",".
.
.
.
.
.
#trevormeadqualitymeats #trevormeadbutchers #byronbay #visitbyronbay #visitnsw #butcher #meatporn #bbq #localbusiness #byronbayfood #byronbayfoodie #northernrivers #meat #meatporn #gourmet #artisanfoods #deli #delicatessen #charcuterieboard #shoponline #onlinestore #delivery #freedelivery #shoplocal #supportsmallbusiness #byronbaybusiness #valentinesday",Channeling Peaky Blinders!!! Wagyu is looking pretty good ğŸ¤¤
28,"On a beautiful sunny day
ğŸŒğŸŒğŸŒ

Ø´Ùˆ Ù…Ø®Ø·Ø·Ø§ØªÙƒÙ… Ø¨Ù‡Ø§Ù„Ø¬Ùˆ Ø§Ù„Ø­Ù„ÙˆØŸØŸ 

Order Now 0799888013
Ø§Ø·Ù„Ø¨Ùˆ Ø§Ù„Ø§Ù† Ø¹Ù† Ø·Ø±ÙŠÙ‚ Ø§Ù„Ø§ØªØµØ§Ù„ Ø§Ùˆ Ø§Ù„ÙˆØ§ØªØ³ Ø§Ø¨
Pureblood wagyu and Angus patties available daily on display!!

#burgers #burgerlover #bbq #delicious #food #meat #angus #wagyu #fresh #amman #jordan #dubai"
3,"Reviews like this is why we always want to give you the best when it comes to meat sharing... Affordable and trusted...

Order from us now at www.eran.ng to experience the best service 

#meatsharing #meatsellers #meatsellersinlagos #meatsharing #meat #cowmeat #goatmeat #beef"
7,#autohash #skewer #barbecue #meat #kebab #food # #foodie #foodpicoftheday #foodpic #foodgasm #instafood #yummie #beef #pork #meal #dinner #skewered #steak #picnic #hot #restaurant #charcoal #cooking #chicken #cuisine
1,".
ğŸ›’SAVE MONEY ON FOOD AND GROCERY SHOPPING SHOP FOR GROCERIES WITH A LISTğŸ›’
.
ğŸ’–MARKET PLACES.SG - AFFORDABLE GROCERIES MADE CONVENIENTğŸ’–
.
âœ…AFFORDABLE âœ…RELIABLE âœ…QUALITY
.
ğŸŒŸğŸŒŸğŸŒŸGRAND OPENING FEBRUARY 2021ğŸŒŸğŸŒŸğŸŒŸ
.
ğŸ›’Why Choose Market Places.sg For Your Online Grocery Shopping?ğŸ›’
.
â­Affordable - Sales & Promotions Are Offered Daily So You Can Save More On Fresh Food Items Such As Fruit & Vegetables, Meat & Seafood, Rice & Cooking Essentials, Beverages, Dairy, Frozen, Snacks & Sweets.
.
â­Reliable - Pride Ourselves On Delivering On Time And In Full. If You Experience Any Problems With Your Delivery, We Have An Easy Self-Serve Tool Available 24/7.
.
â­Quality - Every Product Undergoes Strict Quality Control, Perfectly Packed And Chilled, So Everything Remains Fresh For Delivery. When You Order Fresh Produce, You Can Be Assured That Your Produce Reach You Fresh.
.
ğŸ›’Contact UsğŸ›’
.
1. Website >www.marketplaces.sg<
.
2. Whatsapp +65 84847111
(Click Link To Whatsapp Directly)
>https://wa.me/6584847111<
.
3. Email >customerservices@marketplaces.sg<
.
#Marketplacessg #Affordable #Quality #Reliable #Onlinegrocery #Fruits #Vegetables #Meat #Seafood #Rice #CookingEssentials #Beverages #Dairy #Frozen #Snacks #sweets"
5,"Is there anything more tasty than Salmon Steak with Crispy Skin for Dinner?
.
.

Order Online on Zomato.
.
.
#poultry #chicken #onlinemeat #meatshop #mutton #fish #onlineshopping #groceryshopping #mutton #seafood #rawmeat #marinades #foodie #foodlovers #cooking #likeforlike #followforfollow #rawmeat  #chicken #homedelivery 
#Meat #SafetyFirst #Chicken #FoodSafety #Orderonline #Shopnow #Sonipat"
