636,There are a lot of people who must have the table laid in the usual fashion or they will not enjoy the dinner.,#vegan #veggie #vegetarian #food #healthyfood #vegetarisch #foodporn #instafood #foodie #veganfood #healthy #foodblogger #yummy #plantbased #veggiefood #vegano #veganlife #homemade #foodphotography #healthylifestyle #foodstagram #veggies #delicious #vegetables #foodlover #lunch #fitfamnl #fitdutchies #fitness #fitfam
6,Revisit of an old one for this mornings class #martasplit #polesplits #skinneeded #itscoldoutside #poletraining #february2021 #online #onlinepole #poleover50 #vegan #arthritisisreal #sorehands #grandmalife #maidstone #lockdown3
8,"Cauliflower 'n Carrots, roasted to perfection along  with whole garlic cloves and cherry tomatoes 

When simplicity meets balance.

Serve with a tahini aioli sauce drizzled on top.

#wholefoods #foodporn #foodphotography #vegan #plantbased #healthylifestyle #comidavegana #saludable #vegano #nocruelty #sincrueldad #loveypurveggies #veggies #roasted #garlic #ajo #podervegano #eatclean #comelimpio #fitness #fitfood #lowcarb #glutenfree #nutrition #nutricion #fitnutrition #carrots #zanahorias #cawliflower #coliflor","The greatest moment of my life , all thanks @dr_jacob44 for helping me and my partner and my mom also , we really appreciate your herbal work me and my husband are now Herpes free and my also helped my mom get rid of Diabete We are so happy and thankful to @dr_jacob44 for your help , we really do appreciate"
3,"ğŸ¥¦FDOE in ED recovery to gain weight ğŸ¥¦

Breakfast:buckwheat porridge topped with chocolate with some blueberries and apple.

Lunch: Vegetable dumplings, salad and bean soup.

Snack: Couscous in ED treatment.

Dinner: veggies and vegan Pizza.

Dessert: raspberry sorbet, corn flakes with coconut milk, and about 200g of peanut butter.

Snack: vanilla Protein Nutridrink

#ana #anna #anorexa #anorexie #anor3xia #anoressia #anorexia #anawarrior #anorexiarecover #anorexianervosarecovery #anorexiafighter #eatingdisorderrecovery #edrecovery #recovery #vegan #vegetarian #calories #mentalhealth #anoressianervosa #food #peanutbutter #porridge #weightgainjourney #weightgain #fruit #pizzalover #chocolate #recipes #caloriecounting #treatment"
19,"Pyaar me junoon hai
Lekin dosti me sukoon haiâœ¨ #tbt #recent4recent #foodporn #fitness #frsmobile #food #gym #yoga #happy #likeforlikes #ootd #picoftheday #catsofinstagram #instagood #instagram #zaynmalik #zayn #reels #vairal #urbanart #love #dosti #vegan #cats #wanderlust #beautiful #sun #urban"
2,"SCRAMBLED TOFU EGGğŸ˜Š 
#nofilter â˜ºğŸŒ±â˜ºğŸŒ±â˜ºğŸŒ±â˜º

Good morningğŸ™ˆ
Today, I had this delicious plate for breakfastâ˜º It has been the first time I made this dish and I love it!!! 
For the scrambled Tofu I squeezed to water out of the tofu (100g). Then, I cut an red onion (20g) which I fried in a pan. I usually do not use oil, because I do not really notice a difference, but you can use oil if you want to. When the onion is brown, shred the tofu with your hands and add it to the onion. Add some spices (I used curry, curcuma, salt, pepper and nutmeg). After 3 minutes, add 20g soy yoghurt to the tofu mix and heat it up for 2 more minutes. Thats it! Enjoy itâ˜º
#vegan#veganism#veganismus#health#healthy#gesund#plant#plantbased#glutenfree#glutenfrei#veggie#vegetarisch##veganwassonst#veganuary#veganwerden#veganleben#veganesessen#veganundgesund#keintierleid#veganeernÃ¤hrung#vegancooking#veganfÃ¼ralle#veganpower#plantpower#plants#vegetables#scrambledtofu#tofuegg#tofuei",Those veggies look so good and fresh! Thanks for sharing ğŸ˜ŠğŸ™ğŸ’š
2,Bianca + Nera ğŸ¤ğŸ–¤ #candles #luxury #smallbusiness #signaturescent #itsalifestyle #candle #vegan #launchingsoon #lit
168,"Love ka triangle burgerğŸ˜‹
Valentineâ€™s week specialğŸ˜‹
Location; Burger club rajouri Garden
â€¢
â€¢
Use #myfoodcrushh 
â€¢
â€¢
â€¢
â€¢
â€¢
â€¢
#burger #vegburger #vegan #india #delhieats #delhi #delhigram #delhincr #yummy #yummyinmytummy #followforfollowback #likesforlike #explore",Wow that looks amazing ğŸ˜
3,"â¤ï¸â¤ï¸â¤ï¸ ğ•ƒğ• ğ•§ğ•–ğ•£â€™ğ•¤ ğ”¹ğ• ğ•©â¤ï¸â¤ï¸â¤ï¸

ğ•†ğ•Ÿğ•ğ•ª  3 ğ••ğ•’ğ•ªğ•¤ ğ•ğ•–ğ•—ğ•¥ ğ•¦ğ•Ÿğ•¥ğ•šğ• ğ•§ğ•’ğ•ğ•–ğ•Ÿğ•¥ğ•šğ•Ÿğ•–ğ•¤ ğ••ğ•’ğ•ªğ•¤ â£ï¸

Whatâ€™s better than sweets for your sweet heart ?! 
No sweet heart ... treat yourself ! 

Eá—©á‘•á•¼ á’ªOá¯E á—·Oá™­ á‘•Oá—°Eá”• á—¯ITá•¼ (4) á”•á—¯EET Tá–‡Eá—©Tá”•
( ğŸš ğ”¾ğ•’ğ•¦ğ•§ğ•’ + ğŸš ğ•¤ğ•¥ğ•£ğ•’ğ•¨ğ•“ğ•–ğ•£ğ•£ğ•ª )
ğ”¼ğ•’ğ•”ğ•™ loverâ€™s ğ”¹ğ• ğ•© ğ•¨ğ•šğ•ğ• ğ•’ğ•ğ•¤ğ•  ğ•”ğ• ğ•ğ•– ğ•¨ğ•šğ•¥ğ•™ ğ•’ ğ•¤ğ•¦ğ•£ğ•¡ğ•£ğ•šğ•¤ğ•– ğ•šğ•Ÿğ•¤ğ•šğ••ğ•–ğŸ¤«ğŸ˜Œ
 ğš‡ğ™¾ğš‡ğ™¾

âœ¨Homemade flaky vegan  Puff pastry  filled with Guava & Strawberry âœ¨

#vegan#vegansweets#valentinessweets#valentines#love#noanimalswereharmed#puffpastry#strawberry#guava#lovers#sweetboxes#sweettreats"
0,"ğŸ’° $100 of vegan chocolate and cheese ğŸ¤¤

ğŸ“² Entry via @lapetitefauxmagerie &  @treat.dreams 

â³Ends 14th February 2021!

#vegangiveaway #vegangiveaways #vegangiveaway2021 #vegan #veganlife #veganbeauty #giveaway #sydneyvegan #vegansofig #vegansydney #vegangiveawayaustralia #food #foodie #sale"
2,"ğŸ¤” When most people think of probiotics, they think of bacteria capsules that aid in digestion and bowel movements. However, that is actually a tiny portion of what they do.
Most people donâ€™t know this, but your gut is home to 80% of your immune system. In fact, your bodyâ€™s overall health is directly determined by the health of your gut and the type of bacteria living there. Neglecting it can lead to many health situations down the road, each much more uncomfortable than mere indigestion.
You see, your gut exists to eliminate toxins. Itâ€™s the primary detox pathway of your body. And good bacteria (probiotics) are what help make this possible. But, if youâ€™re lacking these good bacteria and have an overabundance of bad (disease-causing) bacteria, your gut cannot eliminate the toxins in it. This is a big problem for your gut. The toxins have to go somewhere.
And they do â€” your body reabsorbs them.
This condition is called auto-intoxication. These toxins then build up in your liver, your lymphatic system, and your skin. Theyâ€™re actually poisoning you.
The best solution to solve this is a high-quality probiotic that contains a variety of live probiotics and soil-based organisms (spore biotics) to help you recondition your gut and support the growth of new, good bacteria.
So.... 
The health of your body is directly affected by the health of your gut. If youâ€™re not taking a really good probiotic, you need to start. I highly recommend you get Perfect Immune Defense Probiotics ( @bodyhealthoptimized ) take them every day, and set yourself on the road to a healthier gut and a healthier life.

Learn with me! Join me on this lifestyle journey! Sign up today
â¡ï¸Www.mybodymindfitness.com 

#probiotics #guthealth #health #healthylifestyle #prebiotics #healthy #vegan #healthyfood #nutrition #organic #healthygut #microbiome #glutenfree #probiotic #healthyliving #plantbased #wellness #probioticos #guthealthmatters #digestivehealth #ibs #digestion #natural #personaltrainer #fitmom"
5,"Want to cook up a plant powered meal at home without the stress of sourcing all of the ingredients?

..Our â€˜DINE@Home' Recipe kits are the perfect option and are available to order on the website ğŸŒ±

Choose from 6 different menu options to build your own package..

Plant Powered Lasagne with Garlic Bread

Green Lentil Cottage Pie with Nooch Packed Sweet Potato Mash & Stir Fried Seasonal Greens (GF)

Creamy Chickpea, Broccoli & Cauliflower Curry with Coconut Flatbreads & Omega 3 Seeds

Veggie Pizza with Chunky 'Skin On' Chips

Cajun Veggie Skewers with Seed Packed Cous Cous & Crunchy 'Slaw

Spicy Ramen with Tofu, Edamame, Rice Noodles & Crunchy Cashews (GF)

Recipe kits are prepared with locally sourced ingredients and delivered to the @bailgatedeli each week ready for you to collect on Wednesday afternoon ğŸŒ±

For full product details pop over to our online shop and check out the â€˜Dine at Homeâ€™ section via the link in our bio ğŸŒ±

#vegan #vegetarian #plantbased #plantbaseddiet #dairyfree #glutenfree #glutenfreevegan #familyfood #supportlocal #healthyeating #plantpoweredeats #plantpowered #healthylifestyle #recipebox #vegoutrecipebox #localbusiness #lincoln #bailgate
#bailgatelincoln #enjoyuphilllincoln #lockdowndelivery #takeaway"
6,"~All Vegan Meal~ Trying Vegan for 2 Weeks~
#ç´ é£Ÿ #vegan #veganfood #veganrecipes #yeungmancooking #vegetarian"
6,"Itâ€™s Chinese New Year tomorrow but not being able to go home, let alone go out has really dampened the mood to celebrate. I was determined to make something and thought of a northern Malaysian savoury biscuit. 

Tau sar piah is mung bean paste wrapped in a crust. The filling is crumbly but not dry, and the pastry is light and flakey. 

This isnâ€™t typically a Chinese New Year snack but I fell in love with it as a kid when we visited relatives in the north for new year. It was imperative that we would bring home a couple of boxes of biscuits. This reminds me of celebrating CNY with my family and Iâ€™m glad I could recreate a little piece of my childhood memories. 

If youâ€™re celebrating CNY/LNY, I hope it is a wonderful season for you and your loved ones despite the circumstances we are facing now. Gong xi fa chai!
.
.
.
#tausarpiah #tausarpneah #tambunbiscuit #malaysianfood #malaysiancuisine #chinesenewyear #cnyfood #hokkienfood
#vegan #veganfood #vegetarian #vegetarianfood #penangfood"
3,"ğ€ğ¡ğ¢ğ¦ğ¬ğš~ ğˆğ§ğ­ğ«ğ¨ğğ®ğœğ¢ğ§ğ  ğ¨ğ®ğ« ğ„ğ«ğ¢ ğ’ğ¢ğ¥ğ¤ ğğ®ğ­ğŸğ¢ğ­ğ¬. ğŸ¦‹ğŸŒ±ğŸ›

Itâ€™s been quite a journey from spinning, weaving, dyeing and finally making these stunning organic, hand-woven & cruelty-free outfits.

What you see is the end product and the process is even more mesmerising. Shot in the beautiful tea gardens of Assam, we at â€œğ˜¼ğ™ğ™ğ™¢ğ™¨ğ™–â€ aim to do our part in bringing you fashion thatâ€™s conscious and ethical. ğŸ’–âœ¨â­ï¸

Photography: @traveltales.ig 
Talent: @tanzeena_syeda

#NewWorldOfFashion #AssamSilk #EriSilk",#tranforminglives #reviving #traditions #inspired #cocoons #silkmoths #natural #handspinning #organic #consciousfashion #slowfashion #weavers #handloom #indiantextiles #assamsilk #womenweavers #erisilk #naturalfiber #naturaldye #sustainablesilk #fashionlover #fashionista #ethical #cottageindustry #sustainability #plantbased #vegan
18,"Jakarta is the largest city and capital of Indonesia and is considered one of the biggest melting pots of the Asian worldğŸ’œ

#786 #786cosmetics #786cosmeticspakistan #halal #halalcertified #breathable #breathablenailpolish #breathablepolish #vegan #veganlife #crueltyfree #crueltyfreebeauty #nails #nizwa #nailart #nailsofinstagram #nailsofinstagram #weekendnails #nailsmeme #nailpolish #nailpolishaddict #nailpolishswatch"
6,"It does not always need to be fancy. Sometimes a Bagel ğŸ¥¯ with Peanut butter ğŸ¥œ and Jam ğŸ’ is all you need ğŸ¦‹
.
#breakfast #foodporn #food #foodstagram #foodphotography #foodlover #foodblogger #foodie #healthyfood #vegan #fitspo #coffee #enjoy"
0,"I hear the arguments of vegan people all around me in social media and in person and would like to throw my 2 cents in.

Animals have developed in, on, and around us humans for tens of thousands of years. Which means that our bodyâ€™s system developed with them and they developed with us. We created a mutual interdependence relationship. Cutting them out of our lifeâ€™s is cruel to them and unhealthy for our organism.

Diets that are high in carbs are associated with a slew of diseases from SIBO, diabetics to other autoimmune diseases.

It was just about 150 years ago that each household cared for their own animals. Animals were butchered, cleaned, and prepared at home. It is interesting for me that at the time people did not advocate for plant based diet. At least not as loud as today. Today, we totally separate the meat from the animal. We buy meat wrapped in plastic, so disconnected from the live animal and we nevertheless have a strong advocates for vegan diet. Is there a connection between the two?

We also became a culture that is afraid of death. We ignore death in the way we live our life. We seem to be surprised by it when it comes. Death is part of life. It is the how you live and how you die that is important, for us and for animals. 

What do I do?
I buy my meat from local farmers. I know that the animals lived good life mostly in pasture (I buy 100% pasture raised) and died in grace
I eat meat daily but in small amounts. The majority of my plate is veggies. They are living sentient beings too by the way.

#vegan #vegandiet #paleo #pegandiet
#nutritionadvice #nutritionfirst #nutritiontips
#nutritionprogram #healingnutrition #healingdiet
#healingfood #healingfoodforme #foodforhealth
#foodforchange #huthealingmatters #guthealthy
#nutrientdensefood #nutrientdensediet
#omnivore #omnivoresdilema
#beefieldsfarm #beefieldsfarmproducts
#herbalistliorsadeh #askherbalistlior"
1,"Gazosa Monti Kokosnuss?! Wir bleiben lieber bei der kÃ¶stlichen Heidelbeere. Cin Cin! Besucht uns in unserem neuen Gazosa Monti Laden an der Erismannstrasse 2 in ZÃ¼rich.

#gazosa #gazosamonti #craftlemonade #since1897 #locallyproduced #reuserecycle #sustainableliving #swissmade #organic #organicsugar #bio #drinklocal #kulinarischeserbederschweiz #circulareconomy #ploppundzisch #fliptopbottle #feelgood #goodvibes #drink #vegan #lemonade #glassbottle #refillreuse #reusereducerecycle #zerowaste"
15,"""FAMILY TIME""ğŸ¥°ğŸ˜ğŸ˜˜

#vegan #veganfamily #veganlifestyleğŸŒ± #veganlife #happy #family #dinnertime #familytime #happyday #goodday #ğŸ˜˜ğŸ˜â¤ï¸"
3,"QUICK HIGH CALORIE MEAL 

3 bananas
Peanut butter
Flax seed
Muesli cereal
Blueberries
Dark chocolate
Coconut milk
Coconut flakes 
Cocoa powder 
.
.
Mix altogether in a bowl ğŸŒ±
.
.
#vegan #veganbulking #veganbulkingmeals #veganbulkingfood #veganmealplans #veganfood #veganfoodideas #veganbodybuilding #veganbodybuildingmeals #veganbulk #vegandiet #veganjunkfood #veganbodybuilder #veganmassgainer #veganprotein #plantbased #plantbaseddiet #plantbasedbulking #bulking #highcalorieveganfood",Ohh! I love this combination!! ğŸ¤¤ğŸ’š,"Those blueberries look amazing! I love blueberries, I could eat them every day! Thanks for sharing ğŸ˜ŠğŸ™ğŸ’š"
2,"naaaah nah nah nah nah NO! u canâ€™t just say literally everything to justify killing someone. Thereâ€™s no excuse. The world will know. sooner or later. Go vegan for the animals, for the world and for yourselfâ€¼ï¸
-
-
-
#vegan #govegan #hypocrisy #meat #food #plantbased #blm #savetheplanet"
9,"ğŸ’¥2 big news: New tempeh labels & soon available in the @vegish_eatlekker assortment!
Vegish will open its door soon, for all good- vegetarian/vegan- food- loversâ£ check them out!
Do you like the labels? 
Ciao!
Valentina 
.
.
.
. 
#tempeh #organic #vegan #makeyourown #plantbased #plantbasedproteins #vegan #veganamsterdam #veganlunch #plantbasedmealsÂ  #plantbasedamsterdam #veganinspo #veganmeal #rhizopus #govegan #tempehlove #veganproteins
#supportlocalbusinesses
#supportlocal #buylocal"
6,"Macro de los esmaltes @wildandmild_beauty  de la colecciÃ³n #illusioneffect disponibles en @elyt.es  Este es  el 01 #mindreader 
Usa mi cÃ³digo para un 15% de descuento!!

#crueltyfreemakeupbrands #crueltyfreeğŸ° #nailpolishaddicted #crueltyfreenailpolish #nailpolishcommunity #nailpolishlove #vegan #nailpolish #nailpolishaddict #crueltyfreebeauty #crueltyfreecosmetics #nailpolishjunkie #nailpolishswatch #crueltyfreeproducts #nailpolishes #nailpolishaddicts #crueltyfreenails #nailpolishmaniac #crueltyfreebrand #nailpolishop #elyt #nailpolishbrand #wildandmild"
1,"Panfried cauliflower in olive oil, stuffed with garlic #vegan #homeatarian"
6,"ğŸ’•Belle Bliss ğŸ’• inspired by La Ve Este Belle 
RESTOCKED - Snapbars 

â—»ï¸ Any purchases made from now, until 14/02, will receive one of our beautiful Valentineâ€™s hearts for FREE
â—»ï¸FREE bag of 6 mini melts when you spend Â£10 - Add to your basket 
â—»ï¸FREE post and packaging on orders over Â£20.00 other wise itâ€™s Â£2.95 

ğŸ’ŒOrder through www.waxssentials.co.uk

#chelmsford #eastbourne #sussex #essex #london #waxmelts #waxmeltaddict #wax #smallbusiness  #soywax #waxmeltsuk #handmade #homedecor #waxmelt #waxmeltsofinstagram #soywaxmelts #supportsmallbusiness  #waxmeltlover  #waxburner #waxmelting #waxmeltobsessed #hincharmy  #waxmeltsaddict #scentedwax #vegan  #soycandles #love  #waxtarts #candle #cleaning"
9,"Who will be a lucky winner this month ğŸ’›

Don't worry, this will be a monlthy feature on our page. There will up to 20 hidden a month, in any random order. Find it, and you will receive a small thank you gift from us. Only you can claim it by sending us a picture and letting us know.

Prizes will vary from vouchers, % off your next order, sample pots, tasters, bars, soap sponges, brittle bags, carpet freshener. We will decide your prize ğŸ’œğŸ–¤ 

Cute time-lapse of Hazelnut Cappuccino burning â˜•ğŸ¥œ

#goldenticket  #waxmelts #waxmeltsuk #waxmeltaddict #smallbusiness #homescents #coffee #pretty 
#waxburner #handmade #soywaxmelts #handmadewaxmelts #waxmeltobsessed #waxmeltingÂ  #soywax #mrshinchinspired #fragrenceÂ  #homescents #support #supportlocal #candles #waxlover #shopsmall #waxmeltsofinstagram #veganÂ  #homemade #winner #goodluck",Love this ğŸ’—
9,"Miam miam ğŸ˜ğŸ˜ğŸ˜

Courgette au fromage blanc ğŸ‘ŒğŸ‘Œ

Manger sain et Ã©quilibrÃ© ğŸ˜‹ğŸ˜‹ğŸ˜‹

Sans culpabiliser ğŸ˜ğŸ˜

#mangesain #healthyfood #instafood #mangermieux #homemade #healthy #mangersainement #e #fitfood #healthylifestyle #glutenfree #vegan #poisson #nutrition #ans #homemadefood #food #sugarfree #faitmaison #eatclean #vegetarian #fitness #eatwell #nourituresaine #veggie #g #poissonneriefestive #l #coteetmer #bhfyp"
1,"ï¼§ï¼¥ï¼´ â€¢ ï¼¹ï¼¯ï¼µï¼² â€¢ ï¼§ï¼¬ï¼¯ï¼· â€¢ ï¼¯ï¼®
 ğŸ¤ğŸ¤ğŸ¤ğŸ¤ğŸ¤
Get a gorgeous, sun-kissed glow with our award winning SUN DROPS 

Packed with ğ˜±ğ˜­ğ˜¢ğ˜¯ğ˜µ ğ˜¢ğ˜­ğ˜­ğ˜°-ğ˜®ğ˜¦ğ˜­ğ˜¢ğ˜¯ğ˜ªğ˜¯ and which mimics the colour of your own skin, itâ€™s easy to create a tailored tan shade with this gradual-build serum. Simply mix these intelligent facial tanning drops with your moisturiser for a natural-looking, streak-free, golden glow. 

Sun Dropsâ€™ signature cocktail of nutritious tropical ingredients - think ğ˜±ğ˜¢ğ˜´ğ˜´ğ˜ªğ˜°ğ˜¯ ğ˜§ğ˜³ğ˜¶ğ˜ªğ˜µ, ğ˜¤ğ˜°ğ˜¤ğ˜°ğ˜¯ğ˜¶ğ˜µ ğ˜¸ğ˜¢ğ˜µğ˜¦ğ˜³ ğ˜¢ğ˜¯ğ˜¥ ğ˜¢ğ˜­ğ˜°ğ˜¦ ğ˜·ğ˜¦ğ˜³ğ˜¢ - brightens and hydrates skin from the very first use. And, thanks to ğ˜¯ğ˜¢ğ˜µğ˜¶ğ˜³ğ˜¢ğ˜­ ğ˜¤ğ˜¢ğ˜³ğ˜¢ğ˜®ğ˜¦ğ˜­ ğ˜¦ğ˜¹ğ˜µğ˜³ğ˜¢ğ˜¤ğ˜µ, which acts as a helpful guide colour, thereâ€™s no need to worry about missing a spot.

 â˜€ï¸â˜€ï¸ï¼ªï¼µï¼³ï¼´ Â£ï¼’ï¼’ â˜€ï¸â˜€ï¸

Who wants one???

ğŸ’Œ á´á´‡êœ±êœ±á´€É¢á´‡ á´á´‡ á´›á´ á´Ê€á´…á´‡Ê€ 
ğŸ¥° 30 á´…á´€Ê Êœá´€á´˜á´˜ÉªÉ´á´‡êœ±êœ± É¢á´œá´€Ê€á´€É´á´›á´‡á´‡ 
ğŸ“ 07894 851296
ğŸ“§ á´Šá´‡êœ±êœ±ÊœÉªÉ´á´…ÊŸá´‡á´›Ê€á´á´˜Éªá´„@É¢á´á´€ÉªÊŸ.á´„á´á´
www.tropicskincare.com/jesshindle 

#tropic #tropicskincare #natural #naturalskincare #vegan #veganskincare #sundrops #sunkissed #glow #glowing #healthyskin #loveyourskin #awardwinning #bestselling #getyourglowon #FacialTan #healthytan #goldenglow #ordernow #tropicskincarewithjesshindle"
2,"ğŸ¥•ğŸ«‘ğŸ§…
GemÃ¼se mit ErdnusssoÃŸe
#food #fooddiary #delicious #yummy #meal #vegan #sojasauce"
4,"The true meaning, the true approach based on the universal nutritional principles, will enable you to â€˜lose the weightâ€™...burn the fat and build the muscle.
-
Doing a â€˜Dietâ€™ solely based on aesthetic change more often than not leads to.... nose dive ğŸ”¥ they are not good flames either.
-
Nourish yourself first, feed your hormones first, create the energy first, improve the cognition first...build the foundation first...during that period, youâ€™ll naturally notice change, however...solely focusing on physical change alone with the absence of the foundation work??? Disappointed pending. 
-
There ARE NO SHORTCUTS.
-
The sooner you stop looking for them, the sooner youâ€™ll make life changing long lasting results.",".
.
.
.
.
#motivation #fitness #yummy #nutrition #lifestyle #healthylifestyle #foodlover #fit #vegan #gym #love #diet #workout #foodie #food #ã‚¿ #exercise #healthy #bodybuilding #nutrtion #muscle #fitnessmotivation #healthyeating #foodporn #training #fitfam #health #healthyfood #weightloss #instagood"
15,"Vegan Orange Drop Biscuits ğŸŠ 

Soft & fluffy âœ¨

Ingredients:
1c flour
1tsp baking powder
1tbsp sugar (sub 1.5tsp of stevia)
4tbsp plant milk
1 flax egg (1tbsp flaxseed + 3tbsp water)
2tbsp cold butter
Zest of 1 orange
Pinch of salt

Recipe: makes 6 biscuits
1. Combine flax egg and milk in a small bowl. 
2. In a separate bowl, whisk together flour, sugar, baking powder, salt, and orange zest.
3. Spoon in butter and mix together with fork to form clumps.
4. Stir in milk mixture until batter is formed. 
5. â€œDropâ€ the batter onto a baking sheet then pop in the oven for 15-20min at 400F or 200C, or until the edges are slightly browned. 

Quick and easy breakfast! Would be great paired with some jam or vegan cream cheese ğŸ¤©"
0,"Just like any other industry in the world economy, the Textile Industry is a dynamic one. It grows rapidly, occupying more and more regions of the world. It grows not only in numbers of produced results but also in numbers of people involved in the apparel production processes. In one word, the industry is growing. And just like any growing industry, at one point or another, the apparel industry has to face challenges as well.

Challenges are diverse and this article is going to tackle some of the major problems that the industry is facing right now.
To find out more and to read the full article click the blue link in bio",#sustainable #ecofriendly #eco #sustainablefashion #sustainability #plasticfree #zerowaste #savetheearth #savetheplanet #organic #recycle #recycledfashion #ethicalfashion #ethicallymade #style #gogreen #fashion #climatechange #green #reuse #environment #environmentallyfriendly #vegan #nature #slowfashion #savetheplanet #mangotangoapparels
2,"Sooooooooooooooooo deliciousğŸ¤¤ probably one of the best sandwiches Iâ€™ve ever had

M&S New York style No Salt-Beef
â€¢
Found in
ğŸ“M&S (Â£3.50)

â€¢ 
#VeganPony_UK
UK Vegan FindsğŸ¥— #VeganPony_UKFinds 
â€¢
#Vegan#Veganism#VeganShare#VeganFood#VeganFoodShare#VeganFoodie#VegansofInstagram#VeganofIg#WhatVegansEat#VeganLife#EggFree#MilkFree#SoyFree#VeganFinds#UKVeganFinds#VeganUK#UKVegan#ç´”ç´ #ç´ é£Ÿ#ç„¡è›‹å¥¶#è”¬é£Ÿ
#UKVeganFood 
#MarkandSpencerFood#PlantKitchen#VeganSandwich"
11,"This evening my friend Ehud from The Left Handed Chef put up a post that made me feel sad. It was quite simply a photo of his completely empty restaurant. That was his dinner service tonight. Not one customer. Itâ€™s a Thursday in Melbourne, warm and balmy summer weather, the perfect night to be out eating the delicious Israeli food he serves. But this is how it is now thanks to COVID. There is no rhyme or reason for anything anymore, itâ€™s pretty much expect the unexpected and donâ€™t bother planning ahead and that is what is most distressing for the hospitality industry. Ehud is a fighter, he doesnâ€™t complain but he tells it like it is. He comes from a country where people are strong and they donâ€™t give up and he sure as hell isnâ€™t going to let a pandemic beat him.

And so just to show my support for my friend, I wanted to share this photo of the beautiful lunch I had there last week with my friend Amanda who was down visiting from Sydney. I was busting to try the new menu item, this absolutely stunning Cabbage Shawarma Steak topped with chickpeas, crispy kale, tomato & pickled red onion salad and served with yoghurt, harissa, and zhug (green chilli). I was really hoping it was going be good but it was even more awesome than I expected. For those of you looking for a vegetarian or vegan (hold the yoghurt) option this is a ripper. I ate this on my own but itâ€™s perfect as part of a sharing menu as itâ€™s so bloody filling.

If you havenâ€™t been to visit Ehud and Holly in a while, now is time to go and show your support to them and small businesses like theirs in general. We all seem to think that because life is back to some sense of normality that itâ€™s like this across the board but from what I have seen around me itâ€™s just not the case and we have a long road of recovery ahead.
-
@thelefthandedchef #thelefthandedchef #israelifood #israelichef #israeli #middleeasternfood  #salads #melbournefood #melbournefoodie #melbourneeats #melbournerestaurants #sharedfood #sharedplates #foodblogger #israeli_food #healthyfood #southmelbourne #melbournefoodies #cabbage #shawarma #vegetarian #vegan #melbournevegan #melbournevegetarian #veganfood #vegetarianfood"
10,"#kale de lanzarote
#cavolonero

#healthyfood #vegan #healthy #food #barcelona #vegano #veganfood #healthylifestyle #fitness #fitness #comidasaludable #blonde #protein #surfer #buenavibra #healthylifestyle #photooftheday #delicious #madrid #goodfood #delicious #plantbased",Team up? chat @ vincerewearsğŸ”¥,Best kind of flowers ğŸ’ğŸƒ
2,"Lunch : 
Riz + oignon, tomates, Ã©mincÃ©s vg, lait de coco + 1 thÃ©. 

#objectifpertedepoids #objectifbodysummer #vegan #fit #healthy #running #healthy #wellness #bodypositive #bodygoals #bodyinprogress #tbc #topbodychallenge #pertedepoids #bodysummer #viesaine #sesentirmieux #mincir #bienetre #bodytransformation"
4,"Mushroom Bourguignon: My vegetarian option for Saturdays Dine-In Valentines Supper which will be served with creamy mashed potatoes â¤ï¸. 

A rich heart warming dish full of rich flavours including red wine and miso to give it an earthy fruity flavour. ğŸ˜‹ 

#vegetarian #mushroombourguignon #valentinesmeal #vegan #maincourse #delicious #healthy #newbury #berkshire"
11,"If you're someone who doesn't enjoy oily/balm cleansers but need something more natural, vegan and currently free to take your make up off then - well here you go! I was sent a bottle of this gorgeous micellar water from @islarosa.co months ago, to try out on my sensitive eczema prone face. I have to say after using it all up (well, nearly - I dropped my bottle just as I was at the last bit! ğŸ¥´) my skin and I really enjoyed it. ğŸ˜»

 It doesn't contain any extra unnecessary fragrance or alcohol, but it does contain some very nourishing Aloe Vera & Blueberry extract along with toning Witch Hazel. I used it on my eyes at night on a reusable cotton pad (from @hollandandbarrett ) to remove makeup, and after a double cleanse my skin always felt really clean. It didn't sting my eyes and I often used it as a toner in the morning too if I didn't have time to do a wash with water. âœ¨

They package everything in recyclable cardboard and the gorgeous glass bottles are perfect to refill or reuse, maybe for decorations or gifts? The unbleached/unwaxed paper label can just be washed off and will biodegrade. ğŸ’â™»ï¸

The products are carefully handmade in Scotland and come in two sizes (the smaller size is perfect for travel or gifting). They didn't ask or expect me to say anything here, this is just an honest little review for y'all! ğŸ¥°

(Anyone else finding skincare is their fave routine enjoyment in lockdown?! ğŸ¤­)

#veganskincare #crueltyfreeskincare #vegan #crueltyfree #natural #naturalskincare #eco #ecobeauty #ecofriendlyskincare #ecoskincare #reuse #refill #recycle #recyclable #ethical #ethicalskincare #consciousliving #consciousbathroom #ethicalbeauty #supportsmallbusiness
#handmadebeauty #zerowaste #reusablecottonpads #skincare"
8,"vegan carrot cake with the girlies
ğŸ¥• ğŸ° 
recipe coming soon! 

Q: What is your favourite type of cake? 
.
.
.
.

#holistic #wellness #health #holistichealth #healing #natural #healthylifestyle #organic #selfcare #holistichealing #yoga #meditation #love #nutrition #vegan #healthy #fitness #plantbased #healthyliving #nature #essentialoils #wellbeing #mentalhealth #cbd #naturalmedicine #mindfulness #selflove #wineglasscake #vegancake #wineglasstrend"
2,Petit curry thaÃ¯ qui intÃ©resse beaucoup les chats... ğŸ˜¸ #curry #thaicurry #thai #lentillescorail #sobanoodles #vegan #veganfood #veganlunch #curiouscat #hungrycat
22,"Roasted #eggplant with minced pork 
#melanzane con carne in forno 
#patellxhane me mish te grirÃ« ne furrÃ«
Easy, delicious lunch idea ğŸ‘ŒğŸ˜‹ğŸ˜‹
Unbeatable!
.
.
.
.
#healthyfood #healthylifestyle #food #healthy #foodporn #foodie #instafood #fitness #foodphotography #vegan #healthyeating #yummy #foodblogger #foodstagram #health #healthyliving #foodlover #homemade #delicious #nutrition #weightloss #breakfast #diet #instagood  #lunch",Love it dmâ¤ï¸ @fitfamunity
9,"Doesnâ€™t this pasta ğŸ meal look deliciousğŸ˜‹ ? Fully #vegetarian ğŸ¥¬ too! Eat or pass for you? Let me know in the comments!ğŸ¥¬ğŸ¥¦ğŸ¥‘
â€”
â€”
Make sure to follow @healthydiets_now for more!!
â€”
â€”
â€”
â€”
â€”
â€”
â€”
â€”
â€”
â€”
â€”
#healthy #healthyfoods #healthyfood #vegan #veganmeals #goodfood #delicious #fitness #diet #healthydiet #keto #ketodiet #healthyness #food #fitnessdiet #gooddiet #amazingfood #perfect #physicalhealth #relaxing #fruit #vegetables #meals #mealsonthego #taco #burrito #burger #pizza",Send your pic on @fitness_collage.ig,This looks delicious ğŸ˜‹ ğŸ™Œ
1,"â£ğŸ™‹ğŸ»â€â™€ï¸As promised, hereâ€™s the magic that was created @fill_co. Iâ€™ve been sent this as a sample and I absolutely love it so you can find it in our shop now as well. Seriously effortless cleaning (no pressure needed) using coconut fibre scrub pad also available @tracelesstorquay. Head over to bio and check our website for more details and prices. Â£15 minimum order for deliveries with TQ1 area free of charge. Click & Collect at no minimum charge. Btw, this little bottle has no more 50g and itâ€™s still going here... Iâ€™ve been obsessive reviving my crockery and other stuff ğŸ™ˆğŸ˜†
.â£
.â£
.â£
.â£
.â£
#torbaydevon #plasticfree #dyefree #biodegradable #crueltyfree #vegan #zerowasteshop #zerowasteliving #saynotoplastic #zerowasteuk #smallbusinesswomen #torquaydevon #supportsmallbusiness #brixham #shoplocal #food #zerowasteshopping #businesswoman #reducewaste #reducereuserecycle #sustainableliving #noplastic #vegan #fill_co"
80,"I have realised if you love life, life will love you backğŸ˜ğŸ–¤
.
_____________________

CliCK :;-@_sanket_tayade
Edit ğŸ¨ : @rohanbhaukhandare

_____________________
..
.
#danishzehen #kerala #followme #starboynationğŸŒ™ #fambruharmy #memes #likesforlike #repost #pose #photography #vegan #goodvibes #instagood #portrait #portraitphotography #fashionista #fashion #love #style #travel #tattoo #naturephotography #nature #picture #pic #picoftheday #picsart#followforfollowback #starboynationğŸŒ™ #passion  #kbye"
4,Yes you can #coffee #coffeelove #coffeelover #coffeetime #coffeebreak #coffeeaddict #yes #morning #energy #love #life #happy #healthy #motivation #fun #run #yoga #vegan #healthylifestyle,Only Once Coffee has been consumed then it can be done.... before hand nothing happens â˜•â˜•â˜•
3,"No filter necessary, just the steam from the pasta boiling. Lentil pasta sauce..
.
.
.
#dinner #lentils #grated #brocolli #beetroot #carrot #tomatopaste #food #delicious #deliciousfood #vegan #veganfood #veggies #pasta #pastasauce #nofilterneeded #nofilter #eat #dinnerideas #"
18,"PESTO STUFFED MUSHROOMS

I was in the mood for making another batch of my favourite vegan pesto, but didn't know what to serve it with. That's when I came across the idea of stuffed mushrooms. So quick and easy and full of flavour. In short: the perfect appetizer!

â¡ï¸ Swipe to see how I made the pesto

Ingredients:

ğŸŒ± 24 whole fresh mushrooms
ğŸŒ± 3 tbsp nutrional yeast
ğŸŒ± 5 tbsp (30g) pine nuts + extra for garnish
ğŸŒ± 1 garlic clove
ğŸŒ± 1 + 1/2 cup (30g) basil leaves
ğŸŒ± 1/3 cup (75ml) olive oil
ğŸŒ± Juice from 1/2 lemon
ğŸŒ± Salt and pepper to taste
ğŸŒ± Bread crumbs

Instructions:

ğŸ„ Preheat the oven to 320Â°F (160Â°C)
ğŸ„ Mix all the ingredients for the pesto in the food processor
ğŸ„ Carefully remove the stems of the mushrooms and get the dirt off the caps with a damp tissue
ğŸ„ Bake the mushrooms caps for 10 min in the oven
ğŸ„ Take the shrooms out the oven and drain the juices. Stuff them with the homemade pesto and top with bread crumbs and 1 pine nut
ğŸ„ Bake again for approx. 8min until  browned
ğŸ„ Enjoy!

#veganappetizer #pesto #veganpesto #stuffedmushrooms #veganfood #vegan #vegansnack #plantbasedsnack #foodoftheday #veganrecipes #veganrecipe #foodblogger #foodblog #youtubechannel #youtube #foodiesofinstagram #foodstagram #plantbasedfood #plantbasedfoods #whatveganseat #veganfoodshare #plantbaseddiet #vegandiet #veganlife #plantbasedrecipe #vegansofig #veganfoodie #vegetarian #vegetarianfood",ğŸ˜ğŸ˜Wow ğŸ˜®ğŸ‘ğŸ½ that looks delicious. Is That the actual mushrooms the everything is sitting in? It looks like a wooden whisk bowl. Thanks for sharing the recipe tooğŸ¤ğŸ¾,"Yum, this is such a great idea ğŸ˜ğŸ’š love the flavors of both, and together they'd be phenomenal!!",Wow this looks very delicious!! ğŸ¤¤ğŸ’š
7,"APPLE BASED â€˜OATSâ€™

OII OIIII dairy free moots ğŸ‘‹ğŸ¼ 
Want to pimp up your breakfast? Hereâ€™s a good one for you. I saw someone make â€œoatsâ€ out of apples and I gave my own twist to it. The yoghurt makes it extremely creamy but you still have that apple crunch ğŸ˜‹ğŸ

Follow @dailydairyfreemeals for more healthy and delicious recipes 

Save for later ğŸ˜‹ and share with friends

Ingredients.
- 1/2 apple
- big spoon @alpro no sugar yoghurt (in total so + topping 100g
- 1 date
- 5 almonds 
- 1/4 lime, peeled

TOP
- yoghurt 
- cinnamon 
- apple slices
- red berries 
- 1 tbsp peanut butter 

â€”â€”â€”â€”â€”â€”â€”â€”â€”
How to.
- mix all the ingredients together in a food processor except the yoghurt. Donâ€™t overmix.
- add a big spoon of yoghurt and stir it in until your desired creaminess.
- transfer to a bowl, sprinkle as much cinnamon as you like. add the rest of the yoghurt on top and aside.
- put on the rest of the toppings and ENJOY ğŸ˜Š

#healthyfood #healthybody #healthymind #healthymeals #healthylifestyle #healthyrecipes #healthyeating #healthtips #healthy #foodblogger #vegan #peanutbutter #cinnamon #yoghurt #lowcalorie #breakfast #foodies #instafood #foodstagram #bodycare #porridge #bodyimage #redfruits #oatmeal #dairyfree #dairyfreerecipes #vegetarianrecipes #berries #foodlover #apple",I love apple and oats! ğŸ˜ğŸ˜‹
4,"Lunch today is very green, we have the amazing @sainsburys plant pioneers potatoe salad again. I love this so much. Then we have salad of celery, carrott, spinich, kale and some yummy edemame beans. I added a bit of salt to these and they taste amazing. Finally my dip of the day is the Leon pea dip with lentils.
#vegan #vegans#veganrecipes #nottinghamvegans #veganrecipes #veganfood #vegancommunity #nottinghamvegan #veganfoodshare #veganfoodlovers #veganfoodjournal #veganfoodlog #sainsburysveganrange #leonhummus"
3,"Why soy candles ??

Soy wax candles generally burn longer than paraffin candles.

Soy wax is derived from natural vegetables while paraffin is a refined gasoline by-product. Paraffin has been correlated with health implications such as breast cancer and ADHD. 

Soy wax is 100% biodegradable while paraffin was is not. 

Soy wax spills clean up simply with soap and water while paraffin wax spills are very time consuming and extremely difficult to completely clean up if at all. 

Soy wax releases fragrance easier than paraffin candles.

#soycandles #candles #handmade #homedecor #scentedcandles #smallbusiness #soywax #handpouredcandles #candle #handpoured #candlelover #candlesofinstagram #candlemaking #soywaxcandles #waxmelts #candleaddict #supportsmallbusiness #shoplocal #candleshop #handmadecandles #homemadecandles #sustainable #shopsmall #homefragrance #essentialoils #fragrance #vegan #soycandle #aromatherapy #ecofriendly"
6,"Sausage, egg & cheese brekkie sandwich on my favorite @thesolacompany bread! 

#breakfast #food #foodporn #foodie #instafood #lunch #healthyfood #yummy #foodphotography #delicious #dinner #brunch #coffee #foodblogger #foodstagram #homemade #instagood #healthy #love #goodmorning #breakfastideas #foodlover #healthylifestyle #tasty #vegan #morning #foodgasm #colazione #eggs"
44,"Breakfast bowl porn ğŸ’ğŸ’

ğŸ‘© I have lately been thinking of my voice in activism online. Iâ€™m so afraid to say something wrong or stupid that I often end up saying nothing at all. And thatâ€™s really unfortunate because I have lots of strong political opinions and itâ€™s so easy for me to talk about in real life - but in writing and online I just feel clueless. Everyone know what Iâ€™m talking about? Tips is highly appreciated! ğŸ¥³

#veganbowl #oatmealbowl #oatmeal #veganbowl #veganoatmeal #veganbreakfast #breakfast #oatmealporn 
#vegan #veganrecipe #vegansofinsta #veganlife #plantbased #whatveganseat #vegancommunity #veganshare #veganlove #vegans #veganlifestyle #foodporn #govegan #healthyfood #veganfortheanimals #healthyliving #danishvegan #happyvegan #hungryvegan #veganfoodshare #foodshares",Wow looks good ğŸ‘ğŸ½ğŸ˜ğŸ˜‹. I see bananas chocolate chips blueberries & whip cream is it? This is on top of oatmeal right?,"Those blueberries on top look amazing! And they're so delicious in combination with banana! And about voicing your opinions online; I would say do what feels right! Never be ashamed of your opinions and don't let fear hold you back. If you want to avoid arguments on your page, I understand. But don't let fear keep you from doing something you enjoy! There will always be people who disagree and that's ok, I always enjoy reading other people's ideas and views. When it comes to opinions, you cannot be 'wrong', or stupid. I hope you find your way and decide something that feels right! Thanks for sharing this ğŸ˜ŠğŸ™ğŸ’š",Breakfast favourite ğŸ˜ğŸ˜‹,Best kind of porn ğŸ˜
7,"Salade frisÃ©e et endive, Ã©crasÃ©e de courge avec levure maltÃ© et mozza #natureetmoi, #pst #hellobio aux champignons #vegan #veganfood #veganrecipes #healthyveganfood #recettevegan #recettehealthy #dairyfree #whatieat #whatieatinadayvegan #whatieatvegan #glutenfree @hellobio_ @nature_moi_veg"
5,"When I was traveling in India I made sooo much of these and Iâ€™ve loved them ever since, super easy to make and delicious to eat with some chutneys or parsley yoghurt dip. ğŸ¥•ğŸŒ±ğŸ’šâœ¨",#vegan #veganfood #veggielover #veganforlife #glutenfree #cooking #food #recipe
15,"Today is Thursday and Thursday is basically Friday and Friday is basically the weekend, so cheers to the weekend! 

Open till Saturday for all your natural wine needs!

â€¢
â€¢
â€¢
â€¢
â€¢
â€¢
â€¢
â€¢
#wine #naturalwine #vegan #veganwine #biodynamic #winelover
#petnat #lowintervention #orangewine #gluglu #organicwine #wineshop #rarewine #redwine #sparklingwine #buywine #nosulphates #instawines #pinotnoir  #nattywine #unfiltered #vinnature #vino #vin #groningen #groningenwineshop #winebar"
2,"Fibs Pies Round 2 Menu is live! ğŸ¥§ ğŸ¥Š 

Cook at home/Chuck in the oven menu  for the 17th February. All orders need to be in by Monday 15th. Collection & Delivery (Penzance/Newlyn only) 

#pie #food #vegan #plantbased #cookathome #lockdown #penzance #kernow #cornwall"
25,"Natural things âœ¨
.
.
.

#earrings #sustenible #susteniblefashion #pugliaÂ #handmadeÂ #madeinpuglia #madeinitaly #cherry #apulianolivewood #wooddesign #artisanalproject #naturalthings #love #quartz #minerals #fashion #modaitaliana #luxuryaccessories  #supportmadeinitaly #fashionproject #vegan #conciousfashion #concious #etichal #etichalfashion #design #art #pink #foodbag",What is this?,Such a pretty packaging too
4,"Which dishes do you deconstruct to recreate traditional flavors without all the hard labor?Â  The first dish I deconstructed was stuffed zucchini.Â  The flavor was not as delicate but it cut the prep time by Â¾!Â  All stuffed dishes can be deconstructed.Â  This one is a stuffed swiss chard deconstruction.Â  Lebanese stuff swiss chard with rice meat and onions or rice tomato, onion, and parsley.Â  But rather than wrapping the stuffing, I simply chop roughly the swiss chard leaves nd cook with the liquid and the stuffing.Â  The secret to the vegan version is a generous dose of lemon juice and olive oil added to the cooking mix. I used quinoa because of a rice allergy but the rice tastes a lot better.Â  And of course wrapped it is even tastier. But c'est la vie. Maybe I will do that one day when am feeding anymore a ravenous teenager on a mostly veggies diet. #allergenfree #cookingathome #thefeedfeed #recipe #homecooking #glutenfree #saludable #foodporn #recetas #eatmoreplants #paleo #recipe #plantbasedfood #veganish #vegan #miami #cookingathome #vegetarian #recetas #recettes #eatmoreplants #worldcuisine #global #fusioncuisine #mediterranean #couscous #swisschard #chickpeasÂ  #ë ˆì‹œí”¼ #ìŒì‹ #Ø·Ø¨Ø®"
3,"A simple dal with cumin infused oil makes the dish smoky and yummy . 
.

#southindianfood #glutenfreedairyfree #indianfood #streetfood #cookingclass #spices #vegan #veganfood #veganfoodshare #vegansofig #eatrealfood #plantbased #ellicottcity #food52 #ayurvedafood #ayurvedic #modernindiancuisine #baltimorefood #weightloss #worldsgreatesthomecooks #vegetarianrecipes 
#satvikfood #yogifood"
6,"So recently protein bars have become life, and I'm always for a look out for something new.

I don't need to tell you how excited I was when I found out that @skinnyfoodco have a discount on the @grenadeofficial mixed box ğŸ˜ğŸ˜

Officially hooked with the company, using their chocolate spread on a regular! 

I'll let you know what I think of the flavours, already know that raspberry and dark chocolate is my absolute favvvvvvve! 

#protein #fitness #gym #nutrition #healthyfood #bodybuilding #healthy #workout #healthylifestyle #fit #food #health #diet #supplements #weightloss #motivation #vegan #fitnessmotivation #muscle #foodporn #foodie #fitfam #preworkout #wheyprotein #skinnyfoodco #healthyeating #training #breakfast #lifestyle #grenade"
7,"Repost ...
Is that  vegan food? 
mmm, looks delicious ğŸ˜‹

goveganğŸŒ±
#animalshaverights#vegangirl #veganwoman #vegangirls
#veganday##veganman #veganboy #newyeargift #veganinnewjersey
#veganrecipes #vegan #veganfood #veganlifestyle #veganactivist
 #veganactivism 
#veganlifestyle #poweredbyplants
#vegancommunity
#veganpower 
#peta#animalrights#loveallanimals
#Animalsrights
#govegannow#veganathlete
#goveganfortheanimals#cubeoftruth
#thefutureisvegan
#veganforhealth#veganism #veganrecipe"
1,"How amazing does Cerian from @cerian_bidalah_yoga look in our ""The moon cannot be stolen"" yoga vest? Thanks for sharing the pic with us Cerian.

Our products are made from organic cotton and printed in the UK in a renewable energy powered factory. 

#vegan
#sustainable
#ethical
#circularfashion
#yogavest
#yogaclothes
#yogaclothing"
1,"make a â€œroseâ€ğŸŒ¹bath soak with meâ˜ºï¸ these soaks leave your skin feeling super hydrated! rose petals are included inside, but you can totally request to have yours made without themâ¤ï¸
~DM US TO ORDERğŸ¥°
â€¢
â€¢
â€¢
â€¢
#skincare #handsantizer #smallbusiness #lipbalm #natural #lipscrub #selfcare #explore #explorepage #like4like
#follow4follow #blackowned #viral #TSR
#youngentrepreneur #vegan #blackownedbusiness #minervanaturals #handmade #crueltyfree #selfcare #tiktok"
7,"3 top tips to form good nutritional habits! ğŸ’ª

At Equilibrium Studios we like to follow the @precisionnutrition philosophy and help coach our clients into forming life changing habits! 

Today I would like to share with you on how you can begin to make changes to your nutrition and make that permanent change! 

In order to form a good habit you need to focus on repetition of the same practice. Research has shown that if we repeat a process consistently it is more likely to become second nature! 

Tip number 1 - make it simple! ğŸ‘
When looking to change our behaviours it is important to remember that if the practice is too tough we simply wonâ€™t follow it. Feel free to scale back any daily practices such as â€œeating enough proteinâ€ to suit you so that you can remain consistent.

Tip number 2 - keep consistency! ğŸ”‘
If you are looking to make these changes, one of the most important aspects is consistency. Take playing a musical Instrument for example, if you donâ€™t practise playing how will you ever get better! This same principle applies with our daily nutritional choices. If we practise consistently then you will improve and get better at making healthy choices.

Tip number 3 - donâ€™t reflect on the past! 
When forming good nutritional habits you may find yourself slip on some days and thatâ€™s ok! It is important to always focus on the now and what you can do today that is going to push you closer to your goals. Try to keep a mindset of â€œhow can I be 1% better than yesterdayâ€. That way you will be able to make little progress each and every day which will lead to that goal you have been wanting to achieve for so long! 

I hope these tips are useful and help you to take action on your nutritional habits habits from today! ğŸ’ª",#nutrition #fitness #health #healthylifestyle #healthy #healthyfood #weightloss #diet #motivation #workout #gym #fit #wellness #food #lifestyle #fitnessmotivation #healthyliving #habits #healthyeating #fitfam #vegan #protein #training #exercise #healthyhabits #eatclean #personaltrainer #foodie #weightlossjourney #bhfyp,Superâ¤ï¸ DM your pic for promotion ğŸ˜
190,"ğŸ‘‡@ ______ should invite you for Falafel

@restaurantjoseph #LiveLoveTripoli",#LiveLoveTripoli #lebanon #liban #libano #libanon #lebanese #beyrouth #beirut #livelovebeirut #livelovelebanon #lebanesegirl #mina #habibi #amore #quoteoftheday #lebanesefood #lebanesecuisine #lebaneserestaurant #orientalfood #lebanesesweets #foodie #foodporn #hummus #vegan #tabbouleh #shawarma #bbq #falafel #ÙÙ„Ø§ÙÙ„
7,"Jak tam TÅ‚usty Czwartek? Ile juzÌ‡ zjedlisÌcie paÌ¨czkoÌw? ğŸ©
W tym roku postanowiÅ‚am wyruszycÌ w maÅ‚aÌ¨ podroÌzÌ‡ i przygotowacÌ moje ulubione HiszpanÌskie Churros ğŸ‡ªğŸ‡¸JezÌ‡eli nie lubicie klasycznych paÌ¨czkoÌw to mozÌ‡ecie sproÌbowacÌ tego rozwiaÌ¨zania ğŸ¤¤ 
Zajrzyjcie na IGTVğŸ‘†ğŸ¾

ğŸ‡ªğŸ‡¸ Churros recipe ğŸ‡ªğŸ‡¸

Ingredients:
1.2 liters of water
500 g of all-purpose flour
1 teaspoon of salt
Vegetable oil, for trying
Sugar
Cinnamon

Preparation:
Pour water into the pot, add a teaspoon of salt, mix and bring to a boil. Heat vegetable oil in a large pot or deep saute pan to 175 degrees.
Put the boiled water off the fire and pour the sifted flour into it. At the end, the mass will start to stick very well. Put the dough aside for a while, let it rest. Prepare a confectionery sleeve with a rounded star tip. Put the dough into the prepared sleeve. Carefully pipe mixture into preheated oil, you can cut end with clean scissors. Squeeze the dough into the hot oil, you can cut end with scissors. Let fry about 2 minutes per side until golden brown. Transfer to paper towels to dry briefly. Prepare a mixture of sugar and cinnamon on a plate, then coat the churros in it.
Ready ğŸ¤¤"
7,"ğŸƒTime to Bump Up Our Grams! Comment ""im in"" Follow Me to Qualify ğŸƒğŸŒ»",Iâ€™m in ğŸ‘,ğŸƒ #bumpit #bumpitup #instagood #veganfortheanimals #vegan #insta #veganfollowback #veganpower #fit #veganfollow4follow #followback #veganfollowforfollow #vegansofig #veganshare #vegansofspain #vegansofla #veganfollowtrain,I'm in ğŸ™Œ
3,I think tonight is sushi night :),#food #foodie #foodies #foodgasm #foodporn #foodblogger #love #potd #followforfollow #kuliner #instagram #instalike #culinary #cleaneating #eatclean #diet #nodiet #vegan #instagood #igfoodie #igfoodies #yusheng #imlek #genkisushi #salmon #prawn #unagi #seafood #sushi #CNY
3,Beautiful Galentine's bouquets that were picked up today ğŸŒ¼,#vegan #veganmunchies #valentines #vegantines #galentines #sugarcookies #veganpersonalisedcookies #cookies #giftboxes #love #birthday #someonespecial #present #vegansofig #vegansofmelbourne #melbveganguide #melbournesmallbusiness #plantbased #vegankids #veganeats #melbourneeats #melbournevegans #aussievegans #vegansrule #sugarandcarbs #ğŸŒ¼ #ğŸª #ğŸ¤¤
1,Yu sheng for prosperity,#food #foodie #foodies #foodgasm #foodporn #foodblogger #love #potd #followforfollow #kuliner #instagram #instalike #culinary #cleaneating #eatclean #diet #nodiet #vegan #instagood #igfoodie #igfoodies #prosperity #dimsum #CNY #chicken #prawn #unagi #seafood #sushi #yusheng
6,"Food labels can be confusing and misleading. Learn how to decode the ingredients list and spot hidden sugars and fats in your food. Our Nutrition Coach Ammara talks about some of the foods we eat in our daily lives and how they might be ruining your overall health and diet. 

#healthylifestyle #food #labels #ingredients #ammara.gul.aga #eathealthy #nutrition",#motivation #weightloss #workout #lifestyle #fit #wellness #love #healthyeating #gym #food #nutrition #instagood #weightlossjourney #vegan #fitfam #exercise #foodie #bodybuilding #training #gymlife #diet #foodporn #bhfyp
0,"How gorgeous are our travel sets! Be prepared & order yours now for when we finally get out of this lockdown!â˜€ï¸

#smallbusiness #smallbusinessowner #smallbusinesssupport #homefragrance #soywax #soywaxmelts #soywaxcandles #perfume #brandnewscent #bodyproducts #environmentallyfriendly #vegan #biodegradable #travelset"
12,"Dried legumes have long eluded us. Donâ€™t ask about the time we tried to boil bulk binâ€“black beans for nearly eight hours, until we gave up on using them. 

But chickpeas are the exception. Creamy and tender, this versatile ingredient never disappoints, whether blended into hummus, simmered, or crisped under the broiler and consumed at cocktail hour.

There are several excellent ways to cook chickpeas, from stovetop to Instant Potâ€”just donâ€™t skimp on the soaking. (Or, if you do, be prepared to make up for it with extra cooking time, and a more taxing skin-removal process, if skinless chickpeas are your thing.)",#food #middleeastern #middleeasternfood #middleeasterncuisine #foodfinds #london #londonlife #foodlondon #foodielondon #londonfoodies #foodinlondon #londonfood #londonfoodie #vegetarian #vegetarianfood #vegetariana #vegetarianos #vegetarianfoodporn #vegetarianlifestyle #vegan #veganfood #veganfit #veganmealideas
1,Outward expression of who you are! #etsyshop #etsysellersofinstagram #etsyearrings #etsyhandmade #etsyfinds #earrings #earringaddiction #mentalhealthawareness #iamenough #selfesteemboost #fashion #shopping #shopsmallbusiness #beautiful #beautfulearrings #fauxleatherearrings #funearrings #fashionista #animalprint #vegan #accessories
4,"Rice noodles and bok choy are becoming a staple in this household. 
#Vegan #PlantBased #PlantBasedDiaroes #RiceNoodles #BokChoy #EasyVegan #EasyVeganMeals #EatYourVeggies","Bok choy is so delicious! I love adding it to salads, yum! Thanks for sharing ğŸ˜ŠğŸ™ğŸ’š"
7,"WEâ€™RE PETA APPROVED! HANDMADE - 100% VEGAN ALTERNATIVE TO LEATHER ğŸŒ¿ 

Handmade cork bracelets made with eco-friendly harvesting from trees left intact. A lightweight, waterproof, 100% vegan alternative to leather!

PETA approved cork suppliers, and of course 100% recyclable.

A variety of colours and buckles, can be custom made to fit. Every cork bracelet is unique, using 5mm Portuguese cork, wrapped with a stitched seam, and a choice of push release, magnetic and twist lock closures. 
ğŸŒ±
ğŸŒ±
ğŸŒ±
ğŸŒ±
#vegan #plantbased #fitness #vegancommunity #veganfood #veganfoodie #veganfoodlovers #veganfashion #plantbased #veganlife #veganliving #veganmeals #veganshare #veganuk #veganuary #smallbusiness #homemade #craft #jewellery #shopping #foodporn #diet #petaapprovedvegan #endspeciesim #instagood #slowfashion #environmentallyfriendly #environment #sustainable #earth @peta @petauk"
6,"Take care of your body ğŸ˜€ğŸ‘Œ

Have you had a hard day? Don't worry Fisiocrem will soothe your muscles and help you keep going ğŸ”¥ğŸ’ª

ğŸŒ¿ Natural ingredients - Vegan
ğŸ° Cruelty-free
ğŸ˜Š For all the family and children over 6 years old
ğŸŒ First help at home, at the gym and when travelling
Fisiocrem is here to help you! ğŸ’œ During your daily tasks or sport

More info: https://www.fisiocrem.com

#fisiocrem #fisiocremsolugel #fisioterapia #physiotherapy #natural #vegan #muscles #relief #postworkout #recovery #fitness #healthyliving #healthylifestyle #healthy #sport #wellness #running #muscle #musclefatigue #physicaltherapy #activemums #plantbased #arnica #calendula #hypericum #natural #teatreeoils",Love it â¤ï¸DM @fitfamunity
1,"Don't  miss out.

Just three days left to enjoy amazing discount. 

Link to order is in bio.

Its time to shine bright like a diamond  with skinbywaj. 

.

.

.
 #naturalskincare #skincare #skincareroutine #beauty #organicskincare #natural #healthyskin #naturalbeauty #selfcare #glowingskin #skincareproducts #organic #skin #vegan #crueltyfree #skincaretips #antiaging #veganskincare #cleanbeauty #greenbeauty #beautycare #acne #naturalproducts #handmade #naturalskincareproducts #makeup #essentialoils #cosmetics #facial"
4,"Took an hour but we dug out the van! #winterwonderland ?! Loving these extentable ice scrapes/brushes! 
.
.
.
.
.
.
.
.
.
.
.
.
.
.
.

.
.
.
..
.
.
Hashtags for #growth #VanLife #TinyHome #SprinterVan #VanConversion #nomadiclife #nomads #HomeonWheels #HomeIsWhereYouParkIt #DIY #rvLife #sprinter #construction #rennovation #entrepreneur #ChronicPainWarrior #ChronicallyIll #vegan #BlackVanLife #girl #Snow Day"
3,"When we talk about a healthy lifestyle is just might be different for everyone. A healthy body for some might be achieved by running, for others by doing some yoga. Some can work on a healthy mind by reading, others by learning a new language. Healthy food might be in some cases the same, some might decide to be vegan, others just cut off calories, others just eat natural foods. Whatever is good for your soul, do that. Have an awesome day! ğŸŒ±âœ¨ğŸ™ŒğŸ½ 
#healthylifestyle #healthy #vegan #vegancheese #artisanal #lowcarbs #quotes #quoteoftheday #miamihealthy"
31,"We love seeing how you customise your bags with over 100 different sweets, every bag is different and we love packing them ğŸ˜
.

Head over to our website to order your 1KG bag now! Link in Bio ğŸ¬ğŸ­ğŸ¬ğŸ­ğŸ¬
.

Get your 1KG, Choc Mixes or Pocket Pouches today. Link is in the bio ğŸ§¡ğŸ§¡ğŸ§¡ğŸ¤¤ğŸ¤¤ .

#sweetmixes #sweets #sweet #1KG #UK #halal #gelatine #vegetarian #veggie #sour #fizzy #dessert #mixup #sugar #classics #treats #confectionery #gummy #haribo #sour #cherry #bonbons #milk #bottles #dessert #dessertgram #pouch #chocolate #onthego #vegan #veganfood"
6,#poetryofinstagram #poetsofig #selflovequotes #scars #narrowboat #canalboat #tinyhome #deepthoughts #vegan #selflovejourney #mentalhealthawareness #poemsdaily #writersofinstagram #prints #art #goodquotes #quotes #dailyquotes #anxiety #depression #smallbusiness #animals #happy #sad #selfhelp #poem #poetry #artprint
2,"Yall! I can't even begin to tell you what's coming! My side business has our convention Feb 18-20 and will be launching 21 new products! Whaaat?! Yes! 
If you've been even remotely thought about joining, now is the time!

Our CEO has said we're going to quadruple this year! ğŸ¤¯ Not to mention, there are bonuses and promotions you honestly don't want to miss! ğŸ¤‘

How much does it cost to join? What if I want to just try the new or existing products? What if I just want to order products? Whatever the case, I can help! Plus, I'll have samples!! ğŸ‘ 

Don't sit this one out,  we are blowing up!
People are feeling better, paying off debt and making life long friends.

Oh and did I mention, my mentors will help you succeed?

Let's do this friends! I'm ready to run with you!ğŸƒâ€â™‚ï¸ğŸƒâ€â™‚ï¸ğŸƒâ€â™‚ï¸ğŸƒâ€â™‚ï¸

#naturalproductsthatwork
#vegan #plantbased
#tryanyproductforaweek
#youwillseeabigdifference
#moneybackguarantee
#notaboutthemoney 
#productstohelpwithanxiety 
#itisabouthelpingothersgethealthy 
#vitaminsforladiesandmen 
#vitaminsprays
#fullspectrumhempoil 
#hemphoney
#kidsvitaminline
#weightlossproducts 
#empowerwomen
#workforwhatyouwant
#income #bossbabe
#pumpkin 
#pumpkincookies
#levelup"
44,"â™¡âœ¨New Video Editâœ¨â™¡
-
-
â˜• @aidanrgallagher â˜•
-
-
-
Â°[sigueme  para mas]Â°
ğŸ‘‰@aidan.x.fans_ ğŸ‘€
-
-
-
Â°~ #theumbrellaacademy #five
Â·ğŸ‹
 #amazing #beauty #crazy 
Â·ğŸ‹
#funny #inspiration #love 
Â·ğŸ‹
#motivation #art #camera 
Â·ğŸ‹
#model #photo #photography
Â·ğŸ‹
#beautiful #fashion #vegan 
Â·ğŸ‹
#stophate #stophateaidan 
Â·ğŸ‹
#aidansarmy #aidansarmyforever ~Â°"
0,"New Faith in Nature Hair Mask - deeply nourishing and natural way to revitalise and hydrate your hair and scalp. 

#fairhinnature #hairmask #shampoo #conditioner we stock #vegan #vegitarian and #glutenfree #wholefoods and #healthyfood please #shoplocal and #staysafe ğŸ™"
20,"LUNE ET SOLEIL ğŸŒ ğŸŒ 
The response to these was overwhelming! And I get it, theyâ€™re beautiful! Which one is your fave?? 

#vegan #sustainable #candles #handmade #supportsmallbusiness #shoplocal #amsterdam #crueltyfree #ccataleyacreations #shopsmall
#candlemaking #soywax #moonandsuncandle #mooncandle #charity #netherlands #luxembourg #torsocandle #michelangelo #sculpturecandle",Oh where did you get this mold ??? I want to use this for my EpoxyğŸ˜ğŸ˜ğŸ˜ğŸ˜ğŸ˜,I love the white with purple oneğŸ¥°!!!!
3,Our pink #himalayansalt is now BACK IN STOCK and available only on @amazon check link in bio â¤ï¸ğŸ™ŒğŸ» #organic #organicfood #organicskincare #detox #relax #stressless #health #wellness #healthy #amazon #amazonuk #pinksalt #himalayan #himalayansalt #pink #salt #february #food #vegan #veganfood #vegetarian #glutenfree #glutenfreefood
4,Bestelle eine auserlesene Auswahl fuÌˆr Dich â¤ï¸ğŸ‘ğŸ½ğŸŒˆ www.aurasfairandstyle.ch #konsumwandel #saveouranalogworld #sustainablefashion #organic #local #vegan #fashionblogger #bio
15,"Garlic mushroom, spinach and pea risotto ğŸš 
.
.
Accompanied with a tomato and red onion balsamic salad  with fresh basil 
.
.
A reminder of warm summer days! ğŸŒ±ğŸŒ
.
.
.
#vegan #veganuary #veganfood #veganrecipes #veganuary2021 #veganuk #vegangroups #veganlife #veganflavours #vegansofig #plantbased #plantbasedfood #plantbasednutrition #plantbaseddiet #plantbasedrecipes #risotto #veganrisotto #mushrooms #spinach #peas",Oh wow! It's mouthwatering! ğŸ¤¤ğŸ’š
7,"Microwave meal for lunch today. Not feeling great just needed something quick and easy. Still tasty though ğŸ¤¤
â€¢
â€¢
â€¢
â€¢
Recipe by: Amyâ€™s Kitchen 
â€¢
â€¢
â€¢
#vegan #glutenfree #recipes #lunch #meals #sandwich #toastie #veganandglutenfree #gf #gfandvegan #gfanddf #veganmeals #veganfood #veganlife #wholefood #recipes #homecooked #vegancooking #veganbread #glutenfreecooking #veganrecipes #breakfast #snowday #coldmornings"
12,"Choc chip cookie dough oats ğŸªğŸªğŸª

Okay ngl I think I really did something beaut hereğŸ’«

Quick lil disclaimer that I had non-vegan products left over from before Veganuary that I am gonna use cos I hate waste 

In the bowlâ­ï¸
-40g oats 
-180ml water 
-splash of plant milk 
-25g @myproteinuk vanilla whey (add in off the heat once the porridge is cooked) 

On topâ­ï¸
-1/2 a @myproteinuk cookie dough lean protein bar 
-20g dark choc 

ğŸ’«Iâ€™m tracking calories +macros atm but know it can be triggering for some people to see, so if you want to know them just DM me :) 

#oats #oatsforbreakfast #breakfast #oatmeal #porridge #proats #plantprotein #vegan #vegansofig #myprotein #teamsmallspoon #ooofoats #overnightoats #foodie #health #allfoodsfit #ditchthediet #foodfreedom #oatmealporn",Oh wow delish!ğŸ˜,Hi! We're a startup social media application about to launch soon. We hope that you can take time and support our account. Can we get a follow back? Let's support each other! We can't wait to start sending #gyfts to you soon! Thanks!
7,"what's your favourite way to use honeycomb? Will be posting a photo later today of what mine was used for!!
Ps... It's #vegan ğŸ¤­
-
-
#amateurbaker #bakingasmr #honeycomb #homemadehoneycomb #veganbaking #homebaking",Look forward to it later on please tag meğŸ™ğŸ¾ğŸ‘ğŸ½. I actually never had honey comb before. Besides the  ame brand cereal ğŸ¤”ğŸ˜†ğŸ¤¦ğŸ¾
2,"Some healthy fats an probiotics for a happy gut ğŸ¥‘

GF-Toast with avocado-smash and lime juice, topped with some fermented beets from @completeorganics ğŸ‘ŒğŸ¼

#vegan #glutenfree #veganrecipes #healthyfood #fermentedfoods #probiotics #probioticsfood #healthyfats #breakfastideas #nutritioncoach #gutfood"
142,"Layering is key in this weather! â„ï¸ğŸ’™ Our long awaited Bottle Green Sweatshirts are now back in stock! ğŸŒ
ğŸ“¸ _smella_
.
.
.
#elephants #elephant #elephantsofinstagram #wildlife #animals #ethical #eco #organiccotton #recycledfashion #organic #veganfashion #recycledpolyester #sustainable #vegan #veganlife #wildlifephotography #animal #instagood #instamood #photooftheday #picoftheday #bestoftheday #instastyle #instadaily #yorkshire #sheffield #southyorkshire #conservation #plasticfree"
0,"I'm invited you to be my guess on tonight to know more about Arbonne Healthy and Wellness. If you looking to make some extra income to help to pay a bill this might be for you. Take a look at www.arbonne.earnings.com
#Arbonne #Healthylivinginsideandout #vegan #plantbased #livehealthy #businessopportunity #liveyourbestlife"
2,"Palak Paneer â¤ï¸ğŸ˜ (cottage cheese)

This is made from homemade Paneer so tempting and tasty ğŸ˜ğŸ¤¤

I choose Palak Paneer over any other paneer dish ğŸ˜ğŸ˜â¤ï¸ 

Are you the same? ğŸ˜ƒ Because that's not normal ğŸ˜…

#palakpaneer #paneer #paneer #paneerprotein #palak #palakchawla #palakpaneerchawal  #paneerchawal #paneerrecipes #food #foodphotography #foodie #foodporn #foodstagram #foodblogger #foodlover #foodgasm #foodpics #indianstreetfood #indianstreetfoods #indianhomemadefood #vegan #vegetarian #vegetarianrecipes #northindianfood #northindiancuisine"
9,"ğŸŒŸGIVEAWAY TIMEğŸŒŸ

Who wants FREE CINNAMON ROLLS!!!

Kaycee & I have been SO GRATEFUL for all of the support we have received so far with our Cinnamon Roll Adventure! 

We have made over 300 Rolls for you guys just in this first 10 days they have been for sale! It has truly been an incredible experience.

We are going to be sending ONE LUCKY WINNER an order of our Cinnamon Rolls for FREE!!

âœ¨How to Enterâœ¨
	1.	Follow @raw.man.dan & @raw.vegan.healing
	2.	Like this post
	3.	Tag at least three friends who would enjoy some FREE Cinnamon Rolls!

*Share this post to your story and TAG ME for extra entries!*

ğŸŒŸOne Lucky Winner will be announced on Valentineâ€™s Day this Sunday!ğŸŒŸ

*We can only ship to the USA(and territories of the US!)- but ANYONE can enter! If someone outside of the states wins they can choose someone from the states to receive them in their place*

Good Luck Everyone!! 

#cinnamonrolls #cinnamonbuns #guiltfree #sweettooth #giveaway #giveawaycontest #rawvegandessert #healthytreats #guiltypleasure #vegandessert #giveaways #giveawaytime #walnut #cinnamon #free #sweettreats #sweettooth #glutenfree
#rawvegan #rawveganlove #rawveganblogger #rawveganlife #rawveganlifestyle #vegan #veganlife #veganblogger #veganlifestyle #happy #healthy #govegan #bake",ğŸ˜‹ğŸ˜ğŸ˜‹ğŸ‘ğŸ½Wow this looks good. Actually never seen pastries made this way..closest I've seen was Panera bread( its restaurant franchise in phadephia & surrounding areas)
3,"#DadJokes. ğŸ¤·ğŸ½â€â™‚ï¸

âŒšï¸ğŸ½
#daughtersarethebest #Love my #Babies 

My #BabyPrincess
 
#Gorgeous
#DaddyLovesYou 
#Cute #Girl 
#Special
#occasion

#Daddy
#Girls
#Food #HealthyEating
#TeamDaddy
#Father 
#Daughter  #3
#DaddyLovesYou

#Proud
#Daddy
#Girls
#TeamDaddy
#Father #Pride
#Family
#Babies
#Healthy
#LifeStyle
#Happy
#Beautiful
#Cute

#Vegan

#Healthy
#LifeStyle

#FitDad
#Vegan
#Gym"
27,"Honey roasted Aubergine, butternut squash and sweet potato on a bed of garlic infused lentils served with an avocado, rocket, spinach and pecan salad and finally topped with some coriander, pomegranates & toasted pine nuts. 

This is super quick, easy and omg SO delicious! 
.
.
.
.
.
.
.
.
.
.
.
.
.
.
.

#vegetarian #vegan #food #healthyfood #foodie #plantbased #foodporn #veganfood #healthy #instafood #foodphotography #glutenfree #homemade #yummy #foodstagram #healthylifestyle #vegetarianfood #foodblogger #vegetarianrecipes #delicious #organic #veggie #veganrecipes #indianfood #dinner #vegetables #lunch #healthyeating #govegan"
4,"ğŸšš Delivery day with my little helper ğŸ’—

#tropic #tropicskincare #natural #naturalskincare #naturalbeauty #naturalmakeup #vegan #veganskincare #veganbeauty #veganmakeup #tropicambassador #tropicleader #crueltyfree #carbonneutral #greenskincare #greenbeauty #lovetropic #tropictimeout #healthyskin #beautifulskin #safeinpregnancy #ecobeauty #sustainable #sustainablebeauty #recycle #teachtheunreached #refillable #chemicalfree #mylittlehelper #deliverday"
1,"Hemp: the little plant with big benefits
ğŸŒ¿ğŸŒ±ğŸŒ¼

CÃ¡Ã±amo: la pequeÃ±a planta con grandes beneficios

Hanf: die kleine Pflanze mit groÃŸen Vorteilen

We are still doing deliveries all around the island. ğŸ™ğŸ¼ğŸŒ±â˜ºï¸

722-200-749
Info@rooted-health.com

#cbdoil#cbd#cbdmallorca#mallorcaisland#organic#organichemp#cannabissativa#healthylifestyle#vegan#naturopathy#planthealing#plantmedicine#flowers#floweressence#bachflowers#cbdwellness#organiccbd#fullspectrumextract#skincare#anxiety#mentalhealth#supportlocalbusiness#mallorcaliving"
7,"Ab heute gibts 3 neue Pasta bei unsğŸ’š Orecchiette Vollkorn, Orecchiette al Peperoncino und Fricielli tricolore von @soleegusto Die Pasta sind natÃ¼rlich und veganğŸ’š#abfuellerei #abfuellereibasel #unverpackt #unverpackteinkaufen #pasta #orecchiette #fricelli #natÃ¼rlich #natural #organic #madewithlove #italien #italy #nachhaltig #sustainable #zerowaste #vegan #veganfood #smallproducers #supportyourlocalsbasel #supportsustainablebusinesses #buylocal #basel #switzerland"
7,"Pick your favourite 10 sweets via the â€œYou Chooseâ€ bag on the website ğŸ’šğŸŒ±ğŸ¬ğŸ­
.

Head over to our website to order your bag now! Link in Bio ğŸ¬ğŸ­ğŸŒ¿ğŸŒ±
.

#littlesuckers #sweets #sweet #UK #halal #vegan #vegans #sour #fizzy #mixup #classics #treats #confectionery #gummy #cherry #vegetarian #veg #bonbons #plant #bottles #dessertgram #pouch #onthego #picknmix #random #vegangirl #wearelittlesuckers #veganbeauty #veganpicknmix #plantbased"
19,"â€œDONT PLAY WITH FOOD, MUM USED TO SAYâ€
.
Iâ€™m so nice that I give you some idea how to eat your cake for Vâ€™day ! YOU WELCOME!
.
VEGAN MODERN ENTREMET:
-gÃ©noise
-crunchy hazelnut 
-hazelnut praline 
-vanilla chantilly
-beetroot marshmallow 
GF and Plant based !
Shoot by me too ! Iâ€™m soo naughty ğŸ˜ˆğŸ˜‰ğŸ’“!
.
On this Instagram I will begin to post more fun stuff still relayer to food but a bit more quirky like me.
.
This shoot is something that I wanted to do for a little bit of time! And would like to do more project around food and body ! Japanese inspiration of eating on the body part ! 
.
Pic by me on my iPhone ğŸ“² 
Food by me in my council flat ğŸ¡ 
Body by the sublime @pupperbitch. My little muse â¤ï¸.
.
.
Ouppssss.... I spilled it ğŸ˜ˆ!
.
.
.
.

#foodphotography #foodporn #food #foodie #foodstagram #foodblogger #instafood #foodlover #yummy #delicious #foodgasm #homemade #foodies #instagood #foodiesofinstagram #foodpics #healthyfood #tasty #dinner #love #cooking #veganfood #dessert #dessert #foodstyling #bhfyp #instagram #foodblog #vegan #plantbased",ğŸ–¤âš”ï¸ğŸ–¤âš”ï¸ğŸ–¤ I would die for @irritatinggoods â¤ï¸ğŸ‘¼ğŸ»â¤ï¸ğŸ‘¼ğŸ»
4,"FREE plant based cooking & nutrition classes every Thursday on Zoom with our resident vegan chef @terrifirmston 
Zoom in and learn some fantastic plant based recipes along with some great nutrition advice and a few potent herbal remedies!
Link in bio on Instagram or in our pinned post on Facebook!
#plantbased #healthy #cooking #veganchef #freeclasses #nutrition #wellness #vitality #wellbeing #mentalhealthmatters #mentalheath #nutrients #maketheconnection #vegan #zoom #powerfulpositivechange #trc #resonancecentre"
17,Warm misua soup with tvp balls and patola. Simple and comforting. ğŸ’šğŸŒ±,#Vegan #plantbased #veganfood #vegansofig #plantbaseddiet #plantbasedpower #whatveganseat #poweredbyplants #veganfoodshare #govegan #veganfoodie #veganlife #veganism #vegansofinstagram #healthyfood #veganlifestyle #letsveganph #veganrecipes #veganph #vegansofmanila #manilavegans #travelingveganph #vegansoup #tvprecipes #misuapatola,Love this! ğŸ˜ğŸ’š
3,"Macro de los esmaltes @wildandmild_beauty  de la colecciÃ³n #illusioneffect disponibles en @elyt.es  Este es  el 01 #mindreader 
Usa mi cÃ³digo para un 15% de descuento!!

#crueltyfreemakeupbrands #crueltyfreeğŸ° #nailpolishaddicted #crueltyfreenailpolish #nailpolishcommunity #nailpolishlove #vegan #nailpolish #nailpolishaddict #crueltyfreebeauty #crueltyfreecosmetics #nailpolishjunkie #nailpolishswatch #crueltyfreeproducts #nailpolishes #nailpolishaddicts #crueltyfreenails #nailpolishmaniac #crueltyfreebrand #nailpolishop #elyt #nailpolishbrand #wildandmild"
8,"I love my mum ğŸ¥º she's randomly surprised me with these @thechocolatierofficial vegan salted peanut butter chocolate truffles! They are so salty and peanutty and the texture is so good! I miss her alot. Shout out to our mums, dads, siblings, grandparents, guardians etc who just get us â¤ï¸",#vegan #plantbased #veganfood #vegetarian #crueltyfree #food #glutenfree #healthy #veganlife #healthylifestyle #govegan #foodie #foodporn #vegansofig #veganrecipes #love #veganism #instafood #natural #whatveganseat #veganfoodshare #yummy #dairyfree #homemade #veganchocolate #chocolatelover #chocolat #vegansofmanchester,That's so kind of her! Enjoy them! Thanks for sharing ğŸ˜ŠğŸ™ğŸ’š,Omg! Love that ğŸ˜
11,We are drawing the lucky winner from our Vegan Food Pimp Hamper Draw!!,#vegan #plantbased #veganfood #vegetarian #healthyfood #crueltyfree #food #sanctuary #animalsanctuary #healthy #veganlife #healthylifestyle #govegan #foodie #foodporn #vegansofig #veganrecipes #love #veganism #instafood #vegano #natural #whatveganseat #fitness #veganfoodshare #health #yummy #jacobsridge #homemade #bhfyp
2,Tout feux tout femme by @polanka.flowers,#bodycandle #candle #sexy #love #apollon #freyja
32,Heard of sulforaphane before? Swipe to find out more â©â©â©â©,"#vitaminb12 #vitamins #health #diet #fat #fatlosstips #nutritionfactsorg #facts #exercise #motivation #fitness #eatclean #vegan #wellness #weightloss #organic #crossfit #fitnessmotivation 
#sugar #healthyliving  #healthy #healthyfood #weightloss #gym #plantbased #wellness #workout #fit #food #lifestyle #fitnessmotivation #vegan #protein #eatclean #exercise #cleaneating"
1,"Tilgul ğŸ¥°ğŸ’! Sesame and jaggery bites ! Sweet Indian snack for quick energy and warmthğŸ¥°ğŸ–¤âœ¨âœ¨âœ¨ğŸ˜Œ... Indian festivals are about celebrating the season, eat good food n connect with people around you , rejoice in togetherness... Sankranti or Makar Sankranti is one of those festivals... Is celebrated in winters n hence we eat these sweet warm superfood snack/candy/bites by distribution to neighbours , friends n family, we express gratitude ğŸ–¤âœ¨âœ¨... We also fly some colourful kites (or own way to get some sunshine in those winters!)ğŸªğŸªğŸªğŸªğŸªğŸŒ¥ï¸â˜ï¸â˜ï¸â˜ï¸â˜ï¸Made them again today for a quick bite anytime in the dayğŸ˜ŒğŸ’ğŸ¥°ğŸ˜€...

You may add ur fav nuts...#superfood #sesame #jaggery #sankranti
#midday #snack #workfromhome #youarewhatyoueat #holisticlife #cleaneating #vegan #glutenfree #plantbased  #selflove #selfcare #mindfulness
 #healthyfood #healthylifestyle
 #mumbai
 #healthyeating 
  #holisticnutrition
 #youarewhatyoueat
  #goodmorningpost
#instagood
 #indianfood
#instafood 
#india #worldfood 
#snackideas #insta"
179,"Here's your daily reminder to drink more water! ğŸ’¦

I drink at least one of these 2.2L bottles of water a day. The difference in my body, skin and hair since increasing my water intake is insane. 
How much water are you getting a day?","Wow, your nails look so gorgeous and healthy!",ğŸ˜ stunning dm us your pictures for promotions ğŸ”¥ğŸ”¥,"I really like all your postsğŸ’, just send me your pictures and videos, we will promote ğŸ’¯ğŸ˜‡ it on a largeğŸ”¥ network of 10 million, I am waiting",Wow! ğŸ˜ love it! ğŸ’ªğŸ‘,"All thanks to @dralligoeremedy for what he has done for me, he cured me from herpes virus with the herbal mixture, and i ordered from him, now I'm perfectly okay no more herpes again you can contact him for any kind of disease ğŸŒ¿ğŸƒğŸŒ¿ğŸƒ",#fitness #mothernature #workout #herb #fitnessmotivation #motivation #bodybuilding #training #health #spiritual #veganskincare #naturalproduct #glutes #nature #healthy #veganfitness #healthylifestyle #personaltrainer #muscle #bootybuilding #gymmotivation #holistic #exercise #fitnessmodel #fitspo #fitnessgirl #holistic #wellness #yoga #vegan
1,"Donâ€™t fancy fruits? There is always something for everyone. ğŸ¥° Crunchy bites. ğŸ¤¤ğŸ˜‹
.
.
.
 #plantbasedfood #supportlokal #snackright #foodmatters #plantbasedsnacks #plantbasednutrients #plantbasedsnacksforkids #healthysnacksforkids #healthysnacks #plantbased #vegan #vegetarian #snacks #fitness #wellness #homemade #zerowastemalaysia #healthylifestyle #zerowaste #ChineseNewYearGifts #fitnessfood #wellnessfood #festivegifts #chineseNewYear #minimalism #ecoliving #gifts #artisan #corporategifts"
10,"Temporarily back on our menu: the Dutch Weed Burger by @thedutchweedburger ğŸ” ! 

Served with a side of fries on a green Dutch weed bun with lettuce, tomato, pickle and their iconic fresh and creamy weed sauce. ğŸ˜ ğŸŒ± 

Plantbased & delicious this unique burger is made with seaweed from the Oosterschelde, and is sure to pleasantly surprise you from the first to the last bite.

Happy to have this one back? We sure are âœ¨

#plantaardig #veganistisch #vegannederland #plantaardigeten #veganbrabant #vegannl #vegantilburg #vegan #plantbased #supportyourlocal #dutchweed #dutchweedburger #tilburg #delivery #takeaway #focusfoodbar",Wow ğŸ‘ğŸ½ğŸ˜®ğŸ‘ğŸ½scrolling by I thought this was a big Mac. What city is you store located
3,"ğŸ“£ FREE HOT MEALS TODAY @ THE LOCKON 6-6:30pm ğŸ“£

February continues with a pumpkin and potato curry (ğŸŒ±) served between 6-6:30pm from The Lockon 11-12 Fair Street. Either collect in person or inquire about our FREE DELIVERY SERVICE!

To sign up, donate our volunteer with our project, check out the links in our bio ğŸ§¡

#food #vegan #free #cambridge #community #charity #nonprofit #delivery"
3,"Admissible evidence is very important because fairness and justice is not afforded to everyone. You need to be able to provide the strongest case possible in hopes of actually winning your case. When it comes down to the justice system when you are in litigation the coolest head prevails and the best lawyer wins. Maintain your composure, bring Admissible evidence and hire a great attorney. 

#vegan #vegas #baby #girldad #boymom #heal #love #litigation #divorcedwomen #divorceddad #custody #hire #narassist #attorney #hireattorney #lawyer #womenempowerment #femaleboss #girlpower #divorce #healing #journal #travelkids #blendedfamily #family #pain #ceo #mompreneur #daddy #dad"
4,"Smoked salmon, poached egg, smashed avocado on sourdough toast ğŸ‘Œ

#supplements #fitness #bodybuilding #nutrition #gym #health #workout #protein #healthylifestyle #vitamins #fit #preworkout #motivation #fitnessmotivation #healthy #wellness #fitfam #muscle #gymlife #supplement #weightloss #energy #vegan #diet #training #supplementsthatwork #gains #wheyprotein #lifestyle #bhfyp"
2,"Baseball tees for the win as we move through Feb! ğŸ‰âœŒğŸ½
Bag this little puppy over at PreLovedGarms.com ğŸ›¼ğŸ¦…",#sustainable #ecofriendly #sustainability #zerowaste #sustainableliving #sustainablefashion #organic #handmade #recycle #environment #vegan #nature #plasticfree #gogreen #fashion #design #reuse #slowfashion #green #climatechange #savetheplanet #natural #ethicalfashion #love #vintage #style #ethical #ootd,"I'm from fight for save the planet awareness jewelry firm, I know youâ€™re perfect to be a company rep. Please reach out to the manager for details. Have a peep on my insta."
20,"Zero-Waste, Lockdown-Friendly Date Ideas ğŸ’’ğŸ’—â â 
â â 
That is right, Valentines Day will be celebrated very differently this year, however this does not mean it has to be any less romantic! â â 
â â 
Swipe for a few fun, cute, and cosy date ideas if you are struggling for plans ahead of Valentines Day. And they are all, of course, zero-waste and lockdown friendly ğŸ™ŒğŸ¼â â 
â â 
Stay sassy, stay safe, and stay home ğŸ’—â â 
â â 
â â 
ğŸŒâ â 
ğŸŒ±â â 
ğŸ’â â 
#sustainable #sasstainable #reusable #reusablecutlery #bamboo #ethicalfashion #ethicallymade #ethical #vegan #plantbased #plasticfree #environmentallyfriendly #recycleâ  #selflove #valentinesday  #loveâ â ",What lovely ideas â¤ï¸â¤ï¸,This is fab â¤ï¸
17,"Oh yes â£ Tacco Salat
Nach meinem Kolloquium wollte ich mir nach Ewigkeiten mal wieder einen Taco Salat gÃ¶nnen ğŸ™Œ 
Ist zwar etwas anders ausgefallen als das Original, aber who cares? ğŸ˜Œ

Die Bowl besteht aus Ruccola als Basis, getoppt mit Avocado, Kidneybohnen, Tomaten und Taccos und natÃ¼rlich Soja-Hack aus Sojaschnetzeln (Passierte Tomaten +GewÃ¼rzmischung) & Creme Vega ğŸŒ¶
â€¢
â€¢
â€¢
#tacos #tacosalat #vegan #vegandeutschland #veganfood #foodporn #foodphotography #happy #lunch #happyday #mexicanfood #yummy #delicious #instadaily #tbt #latergram #goodvibes #veganfoodlovers",Oh lecker ich liebe tacco salatğŸ˜
3,"Did you know that you could have VEGGIES, HERBS ğŸŒ¿, and SPICES all mixed intoÂ your daily beverages with just ONE scoop??? Then MYCO VEGGIE is for YOU! ğŸ‘‰ğŸ˜Š

-Fiber
-Helps Metabolism/Weight Loss
-Has a calming effect on the body
-Packed with micronutrients
-Allows body to receive it's daily vegetable intake

Email: Anthonydxn77@gmail.com
Facebook: @DXNTony
TikTok: @superfoods4you
Instagram: @superfoods_4_you

#mycoveggie #ganoderma_lucidum
#ganocelium #dxn #holistichealth
#supernutrition #superfoods #healthylifestyle  #happylife
#dreambig #vegan #ganoderma
#fitnessmotivation #happy #happylife #world #international #mushrooms #healthyfoodie #healthandwellness #wellness #fit #healthyfoodie #foodie #greatestofalltime #vegetarian #vegetables #immunesupport #losangeles #eathealthy #germanyğŸ‡©ğŸ‡ª #usağŸ‡ºğŸ‡¸"
4,"VANILLA CUPCAKES â™¡

Made these like a year ago but hey ho who doesn't love a good cupcake ğŸ˜…

Vegan sponge (using @bbcgoodfood recipe) topped with a light and airy vanilla butter cream, caramel sauce and oven dried apple slices ğŸ

>> for the apple slices thinly slice your apple and lay on a baking tray lined with baking paper
> cook in oven at a low temp of 80-100Â° for 40 mins, flipping a couple times until crisp

#cupcakes#cake#vanilla#vanillacupcake#vegan#vegancake#veganbaking#yummy#tasty#foodporn#foodie#foodieinsta#recipe#bbcgoodfood#baking#recovery#icing#lockdown"
41,UsNe KaHa BoHoT He TeRe JaiSe MeRe KaHa bRAND Hu MeRe LaL CoPy Tu HoGi....#picoftheday #photooftheday #instagood #london #landscape #illustration #insta #cats #wanderlust #nike #newyork #nyc #vegan #bts #blogger #bodybuilding #blessed #breakfast #healthy #happiness #training #throwback #trip #kids
6,"A delicious Chicken Biscuit Potpie, swipe right for ingredients and directions on how to make this mouthful meal!!!

#eat #followme #amazing #chef #smile #breakfast #foodpics #dessert #igers #girl #travel #fitness #likes #style #cake #foodiesofinstagram #friends #photography #yum #vegan #pizza #bestoftheday #delivery #nature #summer #happy #chocolate #sweet #fun #instafollow"
0,"The only valid milk this month, so many better alterivites to cow's... #februdairy #febudairy #waitrose #sainsburys #teamdairy #vegan"
1,"Stunning âœ¨ğŸŒ¿ğŸ”.
Sausage rolls with gherkins, ketchup and mustard may be my new favourite lunch. @richmond_foods vegan sausages are elite & even the non-vegan fam love these!

ğŸ¤¤ğŸŒ­

#vegan #plantbased #foodie #newvegan #veganideas #easyveganmeal #lunch #yummy #tasty #igfoodshare #foodporn #veganfoodporn #tryvegan #veganfebruary #tastyandvegan #vegansausageroll #vegansofig #germanvegan #whatveganseat"
85,"IT'S THE TIME OF THE YEAR AGAIN!
.
I'm doing a discount on my wannado designs for my birthday week. ğŸ‘‰ğŸ» Swipe to see the first 10 sheets of flash that are available! 
Just send me a DM or email to barawskitattoos@gmail.com if any of them catches your fancyğŸŒ¹
.
.
TrabajarÃ© en @the_old_way_tattoo durante el mes de Febrero! Para reservar tu cita envÃ­ame un MD o barawskitattoos@gmail.com ğŸ“¥
.
 âš’ï¸ @gypsystables âš’ï¸
.
.
#london #neotradsp #neotraditionaleurope #brighttattoo #neotraditionaltattoo #neotradeu #neotrad #neotraditionalworldwide #neotraditionalspain #vegan #londontattoo #londonart #tattooartist #vegantattoo #vegantattooartist #catlovers #cattattoo #berlintattoo #neotradtattz #londontattooartist #neotradicional #ntgallery #soho #uktattoo ##uktta #uktoptattooartist",Lovely I can't chose one! ğŸ˜,Every time I see the drawings u do of cats I want another one done! How many cat tattoos are too many...
5,"What a beautiful sunny day! â„ï¸â˜€ï¸
We are so lucky to have this view from our workshop here in North Queensferry.
Have an awesome day! 
Marie x

#stockupdate #lemonverbena #sweetorange #cedarwood #ylangylang #lavender #coconut  #lemongrass #soap #soapmaking #handmadesoap #scottishsoap #northqueensferry #valentines #ecofriendly #artisansoap #vegan #vegansoap #biodegradable #northqueensferry"
3,"(Scroll to the bottom for EnglishğŸŒ±)

ã‚¢ãƒ¼ãƒ¢ãƒ³ãƒ‰ãƒŸãƒ«ã‚¯ã®ä½œã‚Šæ–¹ã‚’ã”å­˜çŸ¥ã§ã™ã‹ï¼Ÿ
å®Ÿã¯ã€å¸‚è²©ã•ã‚Œã¦ã„ã‚‹ã‚¢ãƒ¼ãƒ¢ãƒ³ãƒ‰ãƒŸãƒ«ã‚¯ã€ã‚¢ãƒ¼ãƒ¢ãƒ³ãƒ‰ã‚‚æ°´ãŒã‚ã‚Œã°ã€å®¶åº­ã§ä½œã‚‹ã“ã¨ãŒã§ãã‚‹ã‚“ã§ã™âœ¨

ã‚¢ãƒ¼ãƒ¢ãƒ³ãƒ‰(ç„¡å¡©ãƒ­ãƒ¼ã‚¹ãƒˆ)250gã«å¯¾ã—ã¦ã€800mlã®æ°´ã‚’æµ¸æ°´ã•ã›ã¦ã€ã²ã¨æ™©(12æ™‚é–“ä»¥ä¸Š)ç½®ãã¾ã™ã€‚

ãã®å¾Œã®å·¥ç¨‹ã¯ã¾ãŸæ˜æ—¥ã®æŠ•ç¨¿ã§âœ¨
ã“ã®ã¾ã¾ãƒ©ãƒƒãƒ—ã‚’ã‹ã‘ã¦ã€å†·è”µåº«ã¸â€¦æ˜æ—¥ãŒæ¥½ã—ã¿ã ãªã€œï¼

Do you know how to make almond milk?
You can make ready-made almond milk using almond and water.
Get the 250g almond in the 800ml water for 12 hours.
I will show you the next process at tomorrow post.
I'm looking forward to drink it!

#vegan 
#begetarian 
#flexitarian 
#savetheearth 
#almond 
#almondmilk 
#ãƒ´ã‚£ãƒ¼ã‚¬ãƒ³ 
#ãƒ™ã‚¸ã‚¿ãƒªã‚¢ãƒ³ 
#ãƒ•ãƒ¬ã‚­ã‚·ã‚¿ãƒªã‚¢ãƒ³ 
#ã‚¢ãƒ¼ãƒ¢ãƒ³ãƒ‰ 
#ã‚¢ãƒ¼ãƒ¢ãƒ³ãƒ‰ãƒŸãƒ«ã‚¯ 
#èº«ä½“ã«å„ªã—ã„
#ç’°å¢ƒã«å„ªã—ã„ 
#åœ°çƒã«å„ªã—ã„"
3,"2/11 (Thur) Lunch Box Special 11 am - 3 pm
ğŸŒ±#VEGAN Cabbage Carrot Thoran
ğŸŒ±#VEGAN Dal Palak
ğŸŒ±#VEGAN Subji Kadai
- Chicken Tikka Masala
- Chicken Mappas
All lunch box served with Basmati Rice & Naan
A-la-carte menu available from 11:00 am - 8:00 pm
http://www.Indigo-Bistro.com/
232 Spencer St, Manchester, CT"
14,"Thursday already ğŸ˜® This weekâ€™s #throwbackthursday is from 2019 - this had a lovely seasidey/rockpool fragrance and was one of three limited edition spring specials.  I really like this colour combo ğŸ˜ğŸ˜

.
.
.
.
.

#handmadesoap #coldprocesssoap #cpsoap #soapshare #vegan #vegetarian #artisansoap #soapmaker #soapmaking #makingsoap #luxurysoap #plantbased #cocoabutter #vegansoap #sebon #seboncymraeg #snowdonia #eryri #skinlovingsoap #busnessbach  #zerowasteuk"
21,"ÎœÎµÏƒÎ¿Î³ÎµÎ¹Î±ÎºÎ¬ Î±ÏÏÎ¼Î±Ï„Î± ÎºÎ±Î¹ Î³ÎµÎ¼Î¬Ï„Î· Î³ÎµÏÏƒÎ· ÏƒÎµ Î±Ï…Ï„Î®Î½ Ï„Î·Î½ Ï„Î¬ÏÏ„Î± caprese.
.
Raw vegan Î¼Î¿Ï„ÏƒÎ±ÏÎ­Î»Î±|Ï€Î­ÏƒÏ„Î¿ Î²Î±ÏƒÎ¹Î»Î¹ÎºÎ¿Ï|Ï„Î¿Î¼Î¬Ï„Î±|ÏÏŒÎºÎ±|ÎºÏÎ­Î¼Î± Î¼Ï€Î±Î»ÏƒÎ¬Î¼Î¹ÎºÎ¿Ï…|Î»Î¬Î´Î¹ Î²Î±ÏƒÎ¹Î»Î¹ÎºÎ¿Ï 
.
.
.
ÎœÏ€Î¿ÏÎµÎ¯Ï„Îµ Î½Î± ÎºÎ¬Î½ÎµÏ„Îµ Ï„Î·Î½ Ï€Î±ÏÎ±Î³Î³ÎµÎ»Î¯Î± ÏƒÎ±Ï‚ Î¼Î­ÏƒÏ‰ @efoodgr & @wolt.greece 
.
.
ğŸ›µ #delivery #takeout #efood #woltgreece  #healthyhabits 
_______________________________________ .
.
#YiAthens
#rawvegan 
#rawfood 
#veganlife
#veganfood 
#healthyfood 
#vegangreece 
#greekvegan 
#plantbased 
#glutenfree 
#dairyfree 
#sugarfree 
#yiglyfada 
#athensvegan 
#veganathens 
#veganfoodshare 
#vegansofig 
#veganism 
#vegano 
#instafood 
#foodie 
#govegan 
#healthylifestyle 
#vegan"
17,"@jadeholberrymakeup using the bronze glitter shade from our ultimate trio. can we just appreciate how amazing her makeup looks?!?ğŸ‘ğŸ¼ğŸ˜

the ultimate trio is still on discount for Â£10! shop from the link in the bio to grab your glosses now ğŸ¤

#lipgloss #makeup #makeupoftheday #veganmakeup #vegancosmetics #veganandcrueltyfree #lipglossbusiness #lipglossuk #lipglossaddict #lipglosslover #lipglosspopping #veganlipgloss #makeuplooks #makeuplook #makeupinspo #makeuplooks #vegan #crueltyfree #smallbusiness #smallbusinessuk #smallbusinesssupport",Promote it on @origins_of_beauty._
9,"Meet #3 of your 4 mentors ğŸ§  AND cocktail #2 recipe drop below ğŸ‘‡ğŸ‘‡ğŸ‘‡âœ¨ {swipe for dreamy cocktail pics}

Amber (@amberbloodmixology) is Head Mixologist at @plates_london. Her passion for creativity & education means that youâ€™ll leave our event with an arsenal of new skills to create your own concoctions. She also works closely with the Plates co-foundersÂ on all digital events and brings that sunshine energy that we all so desperately need right now! ğŸ˜˜ğŸ¸â˜€ï¸ğŸŒˆ

AND sheâ€™ll be teaching us how to make her Hibiscus & Rhubarb Collins - ingredients below ğŸ‘‡ 

[Get the official @mindcleanse2021 event organic ingredients delivered to your door ğŸŒ± link in bio to secure dinner & drinks (serves 4!!!) delivered, plus the private event zoom link, for ONLY Â£45 ğŸ¤© TICKETS SELLING OUT FAST, BE QUICK TO AVOID DISAPOINTMENT]

Hibiscus & Rhubarb Collins ğŸ’š (organic, plant-based, premium)
- 35ml @franklinandsons hibiscus & rhubarb tonic 
- 100ml hibiscus & berry tea
- 25ml citrus & yuzu cordial

Franklin & Sons make some of Amberâ€™s favourite crafted tonics, mixers & sodas. You can always rely on their products to elevate a drink to a whole new level!

Thank you to our wonderful mentors and sponsors for dedicating their resources to our amazing cause. ALL PROCEEDS GO TO @mindcharity ğŸ’™ So youâ€™re helping the mental health of your loved ones and strangers alike when attending our event.

#mindcleanse2021 #mindcharity #empowerment #inclusivity #alcoholfree #mindfulness #plantbased #plantbasedcooking #vegan #fundraiser #nonalcoholic #mixology #yoga #mentalhealth #veganchef #affirmations #depression #selfcare #selflove #sleep #mindful #wearewarriors #spiritual #trust #universe #mentalhealthawareness #mentalhealthmatters #mentalhealthsupport"
15,SOAP BARS ğŸ§¼ğŸ§¼ğŸ§¼ğŸ§¼ğŸ§¼#naturalsoap #handmadesoap #skincare #vegansoap #skincareroutine #vegan #nontoxic #soapmaker #skinlovinggoodness #sheabutter #ecofriendly #essentialoils #handcrafted #madewithloveâ¤ï¸ #proudlymadeintheturksandcaicosislands #turksandcaicossoaps #turksandcaicossoapandcandlecompany #islandlifeğŸŒ´ #providenciales #gracebay #islandnaturals #brambleon #artisansoaps #locallymade #soapstories #bathrime #ï½“ï½ˆï½ï½—ï½…ï½’ï½”ï½‰ï½ï½…ğŸ’¦ğŸš¿
12,"Have you ordered for the weekend yet? We have spots left on Friday, Saturday & Sunday and remember we have some specials weâ€™re running on Sunday - itâ€™s highly advised to pre book to avoid disappointment as weâ€™ve weekly sold out, so what you waiting for? #treatyoself",#ldskitchen #veganfood #bristolvegans #plantbased #comfortfood #bbqfood #veganbbq #plantbasedbbq #foodwithsoul #vegancomfortfood #plantrevolution  #plantbasedroast #veganchicken #bestofbristol #vegan #plantbasedchicken #veganfoodporn  #bristoluk #bristolfoodie #veganfoodie #plantbasedfoodie #bristolfoodie #bristolfood #plantbasedfoodporn #veganuk #plantbaseduk #foodie #whatveganseat,oooh this looks like the most perfect  dishğŸ”¥ğŸ”¥ğŸ”¥ğŸ”¥ğŸ”¥
23,"Ginger, miso, sesame tofu on rice noodles with steamed greens, lotus root and little chillies from my garden ğŸŒ¶","â€¢
â€¢
â€¢
â€¢
â€¢
#vegan #veganrecipes #eats #homemade #veganfoodshare #plantbased #comfortfood #veganfood #vegancooking 
#wholesomefood #foodblog #homecooking"
1,"Sharing my love for these amazing products is so easy and enjoyable. The fact that they help improve your skin and are not detrimental to our precious planet is an added bonus!
If you would like to know more please click on the link in my bio or message me ğŸ’šğŸŒ¿",#vegan #natural #tropicskincare #tropicambassador #crueltyfree #nonasties #awardwinningskincare #ethical #greener #empowered #healthier #hastingsoldtown #lovetropic #carbonneutral #naturalskincareproducts #freebiesuk #serums #skincaresupplements #hastingspier
7,"*
#aloha #ayurveda #yogi #soundhealing #healing #singingbowls #earthsound #healingsounds #vegan #yoga #energyhealing #alignment #rise #vibration #vibrations  #music #â¤ï¸#loving #spiritual #spiritualawakening #beherenow #manifestation #manifest #alive #silence #blissful #balance #scorpiolife #keepitreal"
14,"Nuvola tonda con broccoletti in doppia consistenza, filetti di alici fritte, bufala affumicata e peperone crusco ğŸŒ¶  Buon pranzo ğŸ˜
.
.
.
#healthylifestyle #health #photooftheday #delicious #dinner #foodblogger #eeeeeats #breakfast #vegan #foodphotography #motivation #yummy #foodie #healthyfood #homemade #travel #love #tasty #foodlover #yum #eat #foodgasm #foodpics #foodporn #instafood #fashion #foodstagram #healthy #photography #food"
9,"Matchafever 

Matcha Oat Latte 
Auf dem Haferschaum ist etwas rotes Antioxidanspulver, Spirulinapulver, Kurkuma.. das schmeckt richtig gut

#veganessen
#vegan #vegandeutschland #health #healthysnacks #veganlife #veganlifestyle #gesundheit #gesund #foodinspiration #foodstyling #FoodArt #food blog #foodblogger #foodlovers #glutenfrei  #eatclean #cleaneating #plantbased #bio  #healthyeating #healthylifestyle #food  #vegansofig  #instafood 
#Matchafever #matcha #hafer #oat #zuckerfrei"
2,Click the Link in my bio for more info on how to add more health and wealth to your life.,#momsindubai #momsinnewyork #momsintheusa #healthymoms #healthyfood #healthylifestyle #fitness #fitnessmotivation #vegan #veganlifestylecoach #healthyvitamins #plantbased #plantbaseddiet #plantbasedvegan #plantbasedvitamins #×˜×‘×•× ×™× #×××”×•×ª #×›×•×©×¨×™×©×¨××œ #×‘×¨×™××•×ª #×—×™×™××‘×¨×™××™× #×××”×•×ª #workonlinefromhome #×¢×‘×•×“×”××”×‘×™×ª #×¢×‘×•×“×”××•× ×œ×™×™×Ÿ #×“×¨×•×©×™××¢×•×‘×“×™× #hireringnow
204,"Eat more colour, thank me later.",Beautiful!!!! It looks so delicious!,"We'd like to work together, Send us a messageâ¤ï¸ğŸ”¥",This looks AmazingğŸ’š,the best ğŸ˜,"Keep smashing it ğŸ‘ love to see it â¤ï¸, follow me for more inspiration ğŸ™Œ",DM for shoutout @_weightloss_transformation,#fitness #mothernature #workout #herb #fitnessmotivation #motivation #bodybuilding #training #health #spiritual #veganskincare #naturalproduct #glutes #nature #healthy #veganfitness #healthylifestyle #personaltrainer #muscle #bootybuilding #gymmotivation #holistic #exercise #fitnessmodel #fitspo #fitnessgirl #holistic #wellness #yoga #vegan
90,"Day 4 - Food
*Vegan dinner: @wagamama_uk ğŸ¤¤
*vegan lunch: @southseacoffee ğŸ˜‹

#vegan #veganfood #animallovers #ukfood #uk #angleterre #portsmouth #wagamama #veganfortheanimals #pasta #vegetalien #vegetarian #vegetarien",Ã‡a a l'air trop bon ! ğŸ˜ğŸ˜,Iâ€™ve heard so many great things about Wagamama!! Hope to try it one day!!
10,"Hi everyone ğŸ§¡ Yoga and meditation create peace in my heart and my day becomes more peaceful ğŸ§˜
.
.
.
.
#yoga #yogapractice #yogaposes #yogalove #yogainspiration #yogaeverywhere #yogaeverydamnday #yogaeveryday #yogaday #love #fun #instagood #peace #peaceful #yogatÃ¼rkiye #yogaturkey #yogaturkiye #asana #asanapractice #instalike #likeforlikes #like4likes #yogaaddict #yogaflow #flexibility #flexibilitytraining #flexiblegirl #flexible #vegan #keÅŸfet"
94,"Type 'Yes' if you agree 
FollowğŸ‘‰@SpiritualSea

.
.

#enlightenment  #metaphysical  #namaste  #spiritualawakening #spiritual #yoga #alchemist  #consciousness #knowledge #deepdiver #onelove #universe #soul #thirdeye  #awake #vegan  #alchemy #spiritual 
 #sadhguru 
#peace 
#quotesoftheday 
#positivevibes #oshoquotes 
#mindfulness #awakening 
#meditation 
 #awareness #higherconsciousness",Good day everyone I'm here to give a testimony about this great man called @drgoodwill37 he helped me to restore my broken relationship. My husband left me for months i cried for days I was devastated and shattered but on one faithful day I was scrolling through Instagram and a lady starts to testify about doctor Donald so I contacted him and he helped me within just few days to restore my relationship. now my husband loves me far more then I can even imagine thank you so much @drgoodwill37 I really appreciate
12,#throwbackthursday to that time I found my inner Tarzan! Who wants to be my Jane? ğŸ˜‰ #vegan,Can I be your John?
2,"I am a hussy @vinostockbridge
ãƒ»ãƒ»ãƒ»
The wine buyer fell in love with this beautifull Fontessa  #prosecco #rosÃ©  and it landed just in time for #valentines 
#vinowines #vinostockbridge #valentinesgift #vegan #vegeterian #shoplocal #independentwineshop #supportsmallbusiness #sparklingwine #edinburgh #stockbridge"
