135,So I never tried this before but I was keen to try something new and heathy! It turned out great! Green plantain fried in sesame seed oil tasted almost like fried potatoes!,"I love plaintains! You can also cut thicker pieces and as you fry them, squeeze them flat with a fork, they taste even more like potatoes that wayâ¤ï¸ğŸŒ¿","#cookingwithlove #cooking #baking #love
#foodart #photographer #foodlover #recipes #deliciousfood #foodblogger 
#instadaily #instagram #photooftheday
#lunch #lunchtime #herbs #firstposts #shadiscuisine #vegeterian  #healthy #healthyeating #healthydiet #organic #organicveggies #vegetarian #freshveggies #freshfruits #homecooking #yummy #foodoninstagram"
102,My this weekâ€™s farmers market haul!,"#cookingwithlove #cooking #baking #love
#foodart #photographer #foodlover #recipes #deliciousfood #foodblogger 
#instadaily #instagram #photooftheday
#lunch #lunchtime #herbs #firstposts #shadiscuisine #vegeterian  #healthy #healthyeating #healthydiet #organic #organicveggies #vegetarian #freshveggies #freshfruits #homecooking #yummy #foodoninstagram"
109,Happy quarantineoween!,"#cookingwithlove #cooking #baking #love
#foodart #photographer #foodlover #recipes #deliciousfood #foodblogger 
#instadaily #instagram #photooftheday
#lunch #lunchtime #herbs #firstposts #shadiscuisine #vegeterian  #healthy #healthyeating #healthydiet #organic #organicveggies #vegetarian #freshveggies #freshfruits #homecooking #yummy #foodoninstagram"
120,Can never get enough of salad! Topped with chopped chives from garden!,Itâ€™s so important to fuel our bodies with good food! Enjoy your day!,Salad is the besttt,Hey go check out my most recent recipe!!ğŸ¤©ğŸ¤©,"#cookingwithlove #cooking #baking #love
#foodart #photographer #foodlover #recipes #deliciousfood #foodblogger 
#instadaily #instagram #photooftheday
#lunch #lunchtime #herbs #firstposts #shadiscuisine #vegeterian  #healthy #healthyeating #healthydiet #organic #organicveggies #vegetarian #freshveggies #freshfruits #homecooking #yummy #foodoninstagram"
127,"Butternut squash soup topped with sage
Soup is a simple comforting food in Autumn ğŸ‚",Sage is a great idea,"Butternut and Sage, 2 of my favourites! ğŸ”¥","Awesome! ğŸ˜ Love your blog, letâ€™s support each other. Keep being an amazing vegan ğŸŒ±","#cookingwithlove #cooking #baking #love
#foodart #photographer #foodlover #recipes #deliciousfood #foodblogger 
#instadaily #instagram #photooftheday
#lunch #lunchtime #herbs #firstposts #shadiscuisine #vegeterian  #healthy #healthyeating #healthydiet #organic #organicveggies #vegetarian #freshveggies #freshfruits #homecooking #yummy #foodoninstagram",Ooohhh this looks like it would hit the spot ğŸ™ŒğŸ‘
109,"Tea time! Quality time!
With artisan orange Rooibos tea

Persian Danish Pastries Recipe:  https://youtu.be/gvcB-lP5DRM","#cookingwithlove #cooking #baking #love
#foodart #photographer #foodlover #recipes #deliciousfood #foodblogger 
#instadaily #instagram #photooftheday
#lunch #lunchtime #herbs #firstposts #shadiscuisine #vegeterian  #healthy #healthyeating #healthydiet #organic #organicveggies #vegetarian #freshveggies #freshfruits #homecooking #yummy #foodoninstagram",Omg this looks amazing ğŸ¥°â¤ï¸
83,"Kiss! 

Persian Danish Pastries ğŸ˜ 

Recipe:  https://youtu.be/gvcB-lP5DRM","#cookingwithlove #cooking #baking #love
#foodart #photographer #foodlover #recipes #deliciousfood #foodblogger 
#instadaily #instagram #photooftheday
#lunch #lunchtime #herbs #firstposts #shadiscuisine #vegeterian  #healthy #healthyeating #healthydiet #organic #organicveggies #vegetarian #freshveggies #freshfruits #homecooking #yummy #foodoninstagram",Omg this looks amazing ğŸ¥°â¤ï¸
130,Tada: Kale salad done! #healthyeating,"#cookingwithlove #cooking #baking #love
#foodart #photographer #foodlover #recipes #deliciousfood #foodblogger 
#instadaily #instagram #photooftheday
#lunch #lunchtime #herbs #firstposts #shadiscuisine #vegeterian  #healthy #healthyeating #healthydiet #organic #organicveggies #vegetarian #freshveggies #freshfruits #homecooking #yummy #foodoninstagram"
101,"Kale Salad in process  # 2 ğŸ¥— 
Love the colors! â™¥ï¸","#cookingwithlove #cooking #baking #love
#foodart #photographer #foodlover #recipes #deliciousfood #foodblogger 
#instadaily #instagram #photooftheday
#lunch #lunchtime #herbs #firstposts #shadiscuisine #vegeterian  #healthy #healthyeating #healthydiet #organic #organicveggies #vegetarian #freshveggies #freshfruits #homecooking #yummy #foodoninstagram"
113,"ğŸ¥— I should make this my quote, Lol!
â€œIt canâ€™t get any easier than salad!â€ A colorful pallet of healthy ingredients! Voila!

I added ranch for dressing or you can use yogurt and lime juice to be healthier!",Mm charming,New healthy food. Follow MeğŸ˜,"#cookingwithlove #cooking #baking #love
#foodart #photographer #foodlover #recipes #deliciousfood #foodblogger 
#instadaily #instagram #photooftheday
#lunch #lunchtime #herbs #firstposts #shadiscuisine #vegeterian  #healthy #healthyeating #healthydiet #organic #organicveggies #vegetarian #freshveggies #freshfruits #homecooking #yummy #foodoninstagram"
113,"To donate to my Heart Walk fundraising go to

https://www.facebook.com/donate/293106854702443/?fundraiser_source=external_url

Cinnamon buns baked past Sunday for fundraising heart-walk â¤ï¸ it went successful thanks much to my coworkers for their support!",If you're interested in upping your social game check out my website ğŸ˜ƒ,Cinnamon buns are one of my favorite things to bake~! â˜ºï¸,"#cookingwithlove #cooking #baking #love
#foodart #photographer #foodlover #recipes #deliciousfood #foodblogger 
#instadaily #instagram #photooftheday
#lunch #lunchtime #herbs #firstposts #shadiscuisine #vegeterian  #healthy #healthyeating #healthydiet #organic #organicveggies #vegetarian #freshveggies #freshfruits #homecooking #yummy #foodoninstagram"
123,"Sunday Funday!
Great source of nutritions",How yummyğŸ˜,"#cookingwithlove #cooking #baking #love
#foodart #photographer #foodlover #recipes #deliciousfood #foodblogger 
#instadaily #instagram #photooftheday
#lunch #lunchtime #herbs #firstposts #shadiscuisine #vegeterian  #healthy #healthyeating #healthydiet #organic #organicveggies #vegetarian #freshveggies #freshfruits #homecooking #yummy #foodoninstagram"
80,Home-made Spaghetti ğŸ This one makes me feel hungry!,"#cookingwithlove #cooking #baking #love
#foodart #photographer #foodlover #recipes #deliciousfood #foodblogger 
#instadaily #instagram #photooftheday
#lunch #lunchtime #herbs #firstposts #shadiscuisine #vegeterian  #healthy #healthyeating #healthydiet #organic #organicveggies #vegetarian #freshveggies #freshfruits #homecooking #yummy #foodoninstagram"
75,"Another Vegan/Vegetarian Dish, very easy to make: Spiced Zucchini and Carrots mix and noodles. ğŸœ",Delicious,"#cookingwithlove #cooking #baking #love
#foodart #photographer #foodlover #recipes #deliciousfood #foodblogger 
#instadaily #instagram #photooftheday
#lunch #lunchtime #herbs #firstposts #shadiscuisine #vegeterian  #healthy #healthyeating #healthydiet #organic #organicveggies #vegetarian #freshveggies #freshfruits #homecooking #yummy #foodoninstagram"
87,"My first post is going to be my favorite of all times soup: ""Butternut Squash"" topped with home planted basil ğŸŒ¿ 
Write in the comment if you like me to write the recipe.","#cookingwithlove #cooking #baking #love
#foodart #photographer #foodlover #recipes #deliciousfood #foodblogger 
#instadaily #instagram #photooftheday
#lunch #lunchtime #herbs #firstposts #shadiscuisine #vegeterian  #healthy #healthyeating #healthydiet #organic #organicveggies #vegetarian #freshveggies #freshfruits #homecooking #yummy #foodoninstagram",Omg this looks amazing ğŸ¥°â¤ï¸
16,"Lavash Sandwiches! Roll up sandwich is simple and easy meal which can be prepared with minimal preparation. I made Tzatziki sauce at home, and added some salad and toasted cheese over thin flat whole grain lavash! It came out extremely yummy and easy to go meal for the day. Watch out recipe on my YT channel. #homecooked #homecook #bread #sandwich #lavashbread #vegeterian #reelsinstagram #reel"
5,"TREAT YOURSELF AT COZUMEL â€¼ï¸
DINE-IN TAKE-OUT CURBSIDE 
#margaritas #beers #appetizers #seafood #vegeterian #guacamole #nachos #tacos #burritos #wieats #wimexican #supportlocal #greenbay #ashwaubenon #depere #suamico"
24,"VEGANS PAY ATTENTION TO YOUR PROTEIN SOURCESâ€¦â£
â£
If your goal is body re composition, you need sufficient protein intake (2-3g per kg of lean body mass) and some sort of progressive resistance training to stop the catabolism of muscle mass.â£
â£
Now, all proteins are made of building blocks called amino acids, BUT not all proteins contain all the amino acids you require.â£
â£
There are some amino acids that the human body can't manufacture and these amino acids are called the essential amino acids because you have to consume them through your diet.â£
â£
These include:â£
â£
Histidineâ£
Isoleucineâ£
Leucineâ£
Lysineâ£
Methionineâ£
Phenylalanineâ£
Threonineâ£
Tryptophanâ£
Valineâ£
â£
Animal proteins (eggs, whey, red meat, fish, poultry) all contain every single one of these essential amino acids, so they're called complete proteins.â£
â£
Plant proteins are a little different.â£
â£
Each plant that you eat has a different amino acid profile. For example, grains and cereals are extremely low in lysine. â£
â£
Grains and legumes are called complementary proteins because when you combine them, you get all of the essential amino acids. â£
â£
So here are some complete protein combinations to play around with;â£
â£
ğŸ£ Lentils + riceâ£
ğŸ Hummus + pita breadâ£
ğŸšPeas + Riceâ£
ğŸ¥œ Tofu + sesameâ£
ğŸŒ® Beans + Almondsâ£
ğŸŒ° Whole wheat toast + nut butterâ£
â£
** Remember with these duos comes added calories from carbohydrates and fatsâ£
â£
If you need help setting up your diet, hit the link in my bio for your FREE consult of send me a DM","#vegan

#vegeterian

#plantbased

#weightloss

#fatloss

#nutritioncoach

#melbournenutrition
#protein
#mps
#mpb
#getjacked
#surplus
#bulking
#hypertrophy
#getabs
#girlswithabs
#getlean
#growmoremuscle
#muscles
#girlswithmuscle
#girlswholift
#strongnotskinny
#onlinecoach
#strengthcoach
#transformationcoach
#eatmoreprotein
#diethacks",Great post! Now i'll go back to enjoying not being vegan. ğŸ¤˜ğŸ¾ğŸ¤˜ğŸ¾ğŸ¤˜ğŸ¾,DM for your permanent blue check ğŸ”µâœ…
16,"Mediterranean Bowl with Falafels ğŸ˜‹
.
.
.
.
.
.
.
.
.
.
.
.
#eatlocal #eathealthy #health #healthy #604foodie #604now #freshii #freshiicordova #eatenergize #mediterranean #falafel #vegeterian"
10,"How beautiful by @littlekalegirl 

â€¢

â€¢

â€¢

#detoxwater #plantbase #vegansofig #vegansharefood #whatveganseat #veganfood #vegeterian #govegan #veganfoodporn #veganism #crueltyfree #glutenfree #organic #lemonwater #infusedwater  #vegansofinstagram #spawater #wholefoods #breakfast #fruit #raw #flattummy #vegangirl #veganlife #rawvegan #cleaneating #veganlifestyle #bestofvegan #lemonwater #veganlifestyle #healthydrink #801010",this is sooo pretty! ğŸ˜ğŸ˜
6,"We perform yoga for the peaceful mind & vegan food helps you survive a peaceful life with a calm mind. It amplifies the influence of unhelpful feelings in your mind.

For collaboration, you can call us on :-
+61 2 4236 0269

#restaurant #multicuisinerestaurant #vegan #veganfood #vegeterian #glutenfree #indianfood #candlelight #candlelightdinner #lunch #dinner #healthyfood #health #tastyfood #foodie #food #southindianfood #foodblog #foodblogger #veganrestaurant #anandagreenkitchen #anandawellnessretreat #jamberoo #newsouthwales #nsw #australia"
7,"Throwback to one of our first Detox Retreats in Pocono mountains â›° 5 times a day we provide delicious organic vegetarian freshly cooked foods ğŸ¹ğŸ¥®that help your Body, Mind & Spirit to detoxğŸŒ±Additionally we season our meals with high quality therapeutic grade essential oilsğŸ’§ @doterra to add a unique flavor and support the purification of your body systems from inside outğŸ’š #retreat #poconomountains #poconoretreat #detox #detoxretreat #detoxification #yoga #meditation #vegeterian #organic #organicmeal #essentialoils #purification #yogaretreat #retreatnyc #newyork #yoganyc #mind #spirituality #body #evolution"
11,"Oriental brekkieğŸ²ğŸ¥¬ğŸ¥’ â¤ï¸ğŸ’›ğŸ¥šâœ¨

#healthy #healthyfood #healthylifestyle #healthyliving #healthyeating #healthyinspiration #healthyinspo #healthymeal #healthyrecipe #healthybreakfast #foul #oriental #eggs #foulmedames #tomato #eggplant #olives #arugula #vegeterianfood #vegeterian #vegeterianbreakfast #nutriousanddelicious #nutrious"
10,"Veggie ğŸ”&ğŸ¥—ğŸŒˆ

#healthy #healthyfood #healthylifestyle #healthyliving #healthyeating #healthyinspiration #healthyinspo #healthymeal #healthyrecipe #healthylunch #veganlunch #veggies #salad #veggieburger #veganburger #hummus #vegeterianfood #vegeterian #vegeterianlunch #wholesome #delicious #deliciousfood #nutriousanddelicious #nutrious"
116,"Potimarron rÃ´ti, fÃ©ta et origan, houmous, et petites tortillas, le tout homemade ! 

Homemade roasted pumpkin, feta cheese and origano, hummus, flour tortilla

#homemade #apero #pumpkin #roasted #feta #cheese #origano #hummus #tortilla #vegeterian #dinner #potimarron #dip #instagood #instafood #foodpic #foodlover #foodaddict #foodphotography #foodgasm #foodislife #foodporn #foodoftheday #foodstagram #foodie #yummy #delicious #miam #goodfood #picoftheday"
11,"ğŸ³ğŸğŸ…ğŸ¥•ğŸ¥’ğŸ’šğŸ–¤ğŸ¥œğŸ“âœ¨

#healthy #healthyfood #healthylifestyle #healthyliving #healthyeating #healthyinspiration #healthyinspo #healthymeal #healthyrecipe #healthybreakfast #toasttuesday #healthytoast #eggtoast #egg #almondbutter #jam #peanutbutterandjelly #gourmet #gourmetbreakfast #wholesome #chiaseeds #veggies #vegeterian #vegeterianbreakfast #vegeterianfood #nutriousanddelicious #nutrious"
22,"Bo-ca-dil-lo:  handcrafted sandwich on a freshly made baguette.  Todayâ€™s bocadillo consisted of panela cheese, lettuce, tomato, onion, avocado and jalepeÃ±o.  A fruit salad with granola, coconut and honey on the side.

#lunchdelivery #vegeterian #lunchbox #sandwich #torta #goodeats #cvesd #chulavistaeducators",It was delicious!
34,"Romanesco textures, puffed quinoa cereal with the Parmesan foam was texture city #gourmet #chef #pro #homemade #instachef #foodporn #finedining #creativity #passion #cheflife #stuttgart #germany #foodart #artonaplate #schorndorf #chefstagram #friends #pasta #vegeterian"
25,"ğŸ’šğŸŒ¸ Having a busy & stressful day? Mildly wind down your body and mind with a bottle of NudeHerbs Relax filled with 6 grams of freshly BREWED ancient herbs and flowers. 
Thanks @henriettad_ for this beautiful shot â˜˜ï¸ğŸŒº
. 
Find a NudeHerbs stockist nearby (VIC, QLD, NSW): Link in Bio",#Drinkswithbenefit #australianmade #australia #queensland #victoria #newsouthwales #melbourne #sydney #healthyfood #healthyfoodshare #veganfood #veganlife #stress #relaxtea #immunesystembooster #herbst #gymmotivation #vegeterian #functionalfoods #insomnia #wellnessjourney #veganfood #veganlife #veganrecipes Â #vegan
276,"ğŸ“Heavenly Desserts, Stratfordâ£
ğŸ¥œ Pistachio mochi (Â£4.95)â£
ğŸ¥¥ Sumatran coconut mochi (Â£4.95)â£
ğŸ¥­ Passionfruit and mango mochi (Â£4.95)â£
â£
Finally given in to the TikTok craze!! The normal packets are annoyingly hard to find in supermarkets but there a lot of oriental shops that have stocked up on the full size packet so hopefully Iâ€™ll manage to get my hands on the other flavours that @littlemoonsmochi have soon ğŸ¡ğŸ¡. â£
â£
Iâ€™m not a fan of normal mochi at all so I was abit surprised to have savoured them all. The texture overall is a soft and chewy dough - almost like marshmallows but abit more softer. The gelato ice cream was so velvety and creamy with a hint of sourness (in the mango and passionfruit ones). â£
â£
I canâ€™t wait to get my hands on the other flavours! Which ones have you tried and whatâ€™s your favourite? ğŸ¨â£
â£
â­ï¸ 9/10â£
#tasnimxeats â£",I really want to try ğŸ˜¢ğŸ˜¢,Yummy ğŸ˜,Hmmmm the pistachio one ğŸ˜‹ğŸ˜‹,Love these! Coconut and chocolate are my fave ğŸ˜,Still need to try these ğŸ˜,Tried none as canâ€™t get anywhere ğŸ˜‚ğŸ¤£,"Coconut, hazelnut, mango...my faves!!","So yum, especially the mango and passionfruit one ğŸ¤¤",Creamy coconut is my favourite but neeeed to try mango and passion fruitğŸ˜ğŸ˜ğŸ˜,"Almost couldnâ€™t recognize this and took a double take!ğŸ˜‚ time to get my hands on revise, been awhile",#littlemoonsmochi #mochi #icecream #icecreammochi #gelatomochi #desserts #sweets ## #japanesemochi #japanese #lowcalories #londoneating #foodie #foodpic #halalfoofblogger #foodlover #vegeterian #tiktok #halalfood #london #foodphotography #foodies #yummy #glutenfree #instadaily #littlemoons #mango #passionfruit #coconut #pistachio,Still waiting to get my hands on them!!ğŸ¤©ğŸ¥²,I need to get my hands on them!!,The pistachio is my favv ğŸ˜,Aww hope this was a paid promo
62,"VALENTINES TREATS

Still looking for a gift for your loved one (or for yourself) this valentines?

We have lots of great zero waste gift ideas in store.

These LOVE HEARTS have got to be some of my favs. Theyâ€™re completely sugar free, made using only 4 natural, high quality ingredients. 

And for an added bonus - theyâ€™re handmade here in Bath by @lunarlovechocolate ğŸ™ŒğŸ¼

â™¥ï¸ Sugar free
â™¥ï¸ Vegan
â™¥ï¸ Gluten free
â™¥ï¸ Natural Ingredients 

Share the love this Valentines! 

Normally I am really not into these â€˜Hallmark Holidaysâ€™ but I think we all need to give (and receive) a little love this year! 

#zerowastebath #zerowastebristol #zerowaste #zerowastelife #zerowastehacks #zerowastelifestyle #zerowasteliving #zerowastelivinguk #sustainableliving #sustainability #plasticfree #plasticfreeliving #vegan #veganfood #veganfoodie #veganfoodshare #vegeterian #vegeterianfood #vegetarianrecipes #wholefoods #organic #organicfood #healthylifestyle #healthyfood #bathfoodies #bristolfoodie #shoplocalbath #plasticfreebath shoplocalbristol #plasticfreebristol #glutenfree",Yummy!! These look so good â¤ï¸
19,"my favourite kind of dinner, can never go wrong with roasted veg ğŸ¦‹ 

this is @aldiveganuk Plant Menu vegan burger which tastes exactly like meat itâ€™s kinda creepy... 
Roasted cauliflower, parsnips and sweet potato in olive oil, garlic and paprika ğŸ§„ and ofc my favourite, peas. ğŸŒ± 

stay healthy âš¡ï¸

#stayhealthy #staysafe #eatplants #healthyliving #helathyeating #healthyfood #vegan #vegeterian #veganfood #veganrecipes #veggies #easyhealthymeals #healthymeals #tastyvegan #healthymeals ##veggierecipe #veganburger #vegandinner #veganuary #veganstudent #roastedveggies #studentathlete #healthyonabudget #veganstudentmeals #buddahbowl #cookingathome #healthuk #waleshealth"
3,"ÎœÏ€ÎµÏ‚ ÏƒÏ„Î¿ #efood, Ï€Î¬Ï„Î± Ï„Î¿ Ï†Î¯Î»Ï„ÏÎ¿ 1+1 ÎºÎ±Î¹ Î²ÏÎµÏ‚ 1+1 Ï€ÏÎ¿ÏƒÏ†Î¿ÏÎ­Ï‚.

Î‘Î½ Î¸Î­Î»ÎµÎ¹Ï‚ ÎºÎ±Î¹ Î¬Î»Î»ÎµÏ‚ funÎ„s offer ÎºÎ¬Î½Îµ ÎºÎ»Î¹Îº ğŸ‘‡
https://box.gr/shops/neaiwniafundasianfood

ÎˆÎ»Î± ÎºÎ±Î¹ ÎµÏƒÏ ÏƒÏ„Î·Î½ Ï€Î±ÏÎ­Î± Ï„Î¿Ï… #fundasianfood.

#neaionia #love #irakleio #filadelphia #perissos #delivery #takeaway #asianfood #noodles #wok #teriyaki #chicken #beef #vegan #vegeterian #salad #baobuns #delicious #Î•Î»ÎµÏ…Î¸ÎµÏÎ¹Î¿Ï…Î’ÎµÎ½Î¹Î¶Î­Î»Î¿Ï…6 #healthyfood #sataynoodles #fresh #baobuns #bao #foodie"
10,"How delicious does this look âœ¨

â€¢

â€¢

â€¢

#detoxwater #plantbase #vegansofig #vegansharefood #whatveganseat #veganfood #vegeterian #govegan #veganfoodporn #veganism #crueltyfree #glutenfree #organic #lemonwater #infusedwater  #vegansofinstagram #spawater #wholefoods #breakfast #fruit #raw #flattummy #vegangirl #veganlife #rawvegan #cleaneating #veganlifestyle #bestofvegan #lemonwater #veganlifestyle #healthydrink #801010"
3,"Superb Immunity Booster! 
Ideal for those with diabetes! 
Not a drug but works more than a drug! 

#stemcell #immunity #stemcelltherapy #plantbased #vegeterian #halal #natural #wellness #healthylifestyle #beauty #luxurylifestyle #health #eat #fruit #herbs #fitness #ginger #alternativemedicine #noadditives #healthproducts #diabetes #mlm #networkmarketing #passiveincome"
7,Iâ€™ve had fantastic reviews from this!!! Do you want white teeth?! #dental #teethwhitening #whiteteeth #pearlywhites #review #instasmile #whitening #home #fmworlduk #thatsmile #healthandbeauty #tooth #dentist #cheap #need #smiling #crueltyfree #smilesmilesmile #dentalcare #designer #fmteeth #teethwhitener #products #buynow  #worldwide #business #motivation #vegeterian #treatyourself #sales,Dm @marvin_tamale for shoutout
11,"Ø·Ø±Ø²ØªÙ‡ÛŒÙ‡ Ú©Ø¯Ùˆ Ù¾Ù„Ùˆ
#Ú©Ø¯ÙˆØ­Ù„ÙˆØ§ÛŒÛŒ #Ú©Ø¯Ùˆ #Ú©Ø¯Ùˆ_Ù¾Ù„Ùˆ #Ú©Ø¯Ùˆ_ØªÙ†Ø¨Ù„ #Ú©Ø¯Ùˆ_Ø­Ù„ÙˆØ§ÛŒÛŒ #ØºØ°Ø§ÛŒ_Ø³Ù†ØªÛŒ #ØºØ°Ø§ÛŒ_Ú¯ÛŒØ§Ù‡ÛŒ #ÙˆÚ¯Ø§Ù† #ØºØ°Ø§ÛŒ_ÙˆÚ¯Ø§Ù† 
How to make pumpkin mixed with rice
#pumpkin #rice #vegeterian #vegeterianfood #vegan #veganfood"
232,"If you could only pick between jeans or leggings for the rest of your life.. what would you pick? I actually LOVE jeansğŸ¤”also, how cute is this @lovestitchclothing cardigan! You can wear it with jeans and leggings ;) #mylovestitch #lovestich @lovestitchclothing #ad 
.
.
.
.

#eatwithmae #food #foodie #seattle #bellevue #blog #blogger #review #restaurant #ascend #smallblogger #newblogger #washington #foodreview #vegeterian
#seattle #bellevue #kirkland #blog #blogger #newblogger #support #smallblogger #washington #iphone #ios #ios14 #seattleblogger",I love this outfitğŸ‘ğŸ˜,This whole outfit!â¤ï¸â¤ï¸ love it!,I would probably pick leggings!,Such a cute cardigan ğŸ¤ğŸ¤love your jeans and bag btw,Ah both but leggings lol,I love this entire look,I would definitely go with leggings,I love how jeans look but my body would hate me if I didnâ€™t pick the comfortable leggings ğŸ˜‚ğŸ˜,Leggings for sure....but this is a cute outfit that looks comfortable!,I would choose leggings! I love to be comfy all the time,tough choice but I think I'd have to go with leggings for that stretchy comfort :),I'd probably choose leggings. Relaxing in jeans just isn't comfy haha,"this is hard, but I probably leggings! Nothing beats the perfect jean though!!",Leggings for sure :) but im a shorts person,Love this outfit!
67,"We have been sourcing VALENTINES treats for the past 4 weeks! ğŸ§¡
We are super EXCITED for this weekend and can't wait to make it extra SPECIAL for everyone!
Lots of chilled vibes and cosy nights... what are your Valentines plans this year??",#valentines #galentines #love #lockdown #cheese #charcuterie #meats #vegeterian #vegan #platter #graze #plattersforgraze #gourmet #luxe #food #eat #produce #fresh #local #homegrown #taste #experience #onlythebest #hull #leeds #york #sheffield #yorkshire
12,"Cauliflower goulash with peas & pilau rice!

#healthy#dinner#veggie#vegeterian#veg#vegeterianfood#veggiefood#vegfood#vegan#veganfood#cooking#easycooking#likeforlike#l4l#lfl#f4f#rice#vegetables#studentcooking#studentmeal#unicooking#cookingidea"
24,"The VurgerCo's Buffalo Vurger - 8/10
Seitan is not Satan
Full Review: 
https://www.kzmvburgers.com/2021/02/08/the-vurgercos-buffalo-vurger-8-10
Â·Â·Â·Â·Â·Â·Â·Â·Â·Â·Â·Â·Â·Â·Â·Â·Â·Â·Â·Â·Â·Â·Â·Â·Â·Â·Â·Â·Â·Â·Â·
#kzmvburgers #review #burger #food #foodie #junkfood #quirky #london #uk #beef #beer  #cheese #supportlocalbusiness #gourmet  #chicken #seitan #satan #beyondmeat #vegan #vegeterian",It is quite good for a vegan chicken burger. Have you tried seitan?
14,"MAIN COURSE ğŸ”
.
Ahead of valentine's day we want to give you the perfect loved up menu â™¥ï¸
.
Think nuggets made with plants arenâ€™t delicious? Think again @raisedandrooted have them crispy, with a meaty texture on the inside. Itâ€™s a ton of flavor in every nugget, all made from the goodness of plants âœ”ï¸
.
Have you tried them? Raised & RootedTM is all about plant protein thatâ€™s nutritious and delicious. Whether youâ€™re a vegetarian, flexitarian, carnivore or just looking to eat healthier, these new veggie nuggets are amazing. Theyâ€™re crispy on the outside, and tender on the inside with a meaty texture made from pea protein. Our advice? Keep these stocked in the freezer for Valentine's Day ğŸ”ğŸ’š
.
Whether itâ€™s their blended patties or plant-based nuggets, they're bringing the power of new sources of protein to everyone. Because who doesnâ€™t love nuggets? ğŸŒ¯ğŸ—ğŸŸ
.
#foodies #eats #plantbasednutrition #veganbrands #govegan #glutenfreelife #nuggets #vegeterian #flexitariandiet #plantstagram #proteina #peaprotein #healthydinner #fastfood #veggieburger #goodfood #patties #foodiefinds #veganchicken #burger #valentines #easyrecipes #dinnerideas #plantbasednutrition #nutritionblogger #foodgawker #foodiefeature #instafoods"
12,"It's time to make your valentine feel special with relishing valentine special dishes and heart filled ambience at Flavors
Pre-booking is on for our lounge space.
#valentines #ValentinesDay2021 #seasonsoflove
Follow us on Instagram www.instagram.com/flavorspatna
Call at 9334467212 or 9334467208 or scan the QR code or order on #swiggy or #zomato.
.
#Flavors #Restro #Cafe #Lounge #multi #cuisine #restaurant #patna #bihar #chickenspecial #muttonspecial #vegeterian #vegrestaurent #meat #indian #chinese #mocktails #PizzaDhaba #TheLondonShakes #LalajiDilliWale #ChaatDiHattiC"
17,CalifoÌrnia weed growers. #brazilianrich#art#zynga#chessmasters#realestateinvestor#stockmarketinvestor#boss#surfer#vegeterian#dreamer#winner#mindcontrol#thegreenparanoia#westcoastgreengames#sanfrancisco#california#bocaraton#miami#jericoacoara#riodejaneiro#415#305#954#561#control#kitesurfer#indigolibrasalquimista#hawaiilifestyles#weedgrowers
132,"A fun snack box filled with lots of love and hearts because love is in the air and today is our remote learning day with my daughter which means we need extra love, patience and a lot of hard work ğŸ’˜ğŸ’ª
â €â €â €â €â €â €â €â €â €â €â €â €
â €â €â €â €â €â €â €â €â €â €â €â €
In our @yourminimalproducts bento:
â €â €â €â €â €â €â €â €â €â €â €â €
â€¢Hard boiled Egg
â€¢Cucumber and bell pepper
â€¢Blueberries
â€¢Cherry tomato roses
â€¢@naturesbakery heart
â€¢Watermelon puzzle (cutter from @thelunchpunch) 
â €â €â €â €â €â €â €â €â €â €â €â €
â €â €â €â €â €â €â €â €â €â €â €â €
Happy Wednesday ğŸ’˜
â €â €â €â €â €â €â €â €â €â €â €â €
â €â €â €â €â €â €â €â €â €â €â €â €
â €â €â €â €â €â €â €â €â €â €â €â €
â €â €â €â €â €â €â €â €â €â €â €â €
â €â €â €â €â €â €â €â €â €â €â €â €
â €â €â €â €â €â €â €â €â €â €â €â €
#valentineslunchbox #valentinesfoodideas #valentines #easyhealthykids #lunchboxreboot #lunchboxideas #bento  #healthybites #eattherainbow #packedlunch #snackideas  #snackbox #kidsfoodideas #kidfriendly #kidsapproved #remotelearning #comidaparaniÃ±os  #loncherasaludable #loncheradivertida #vegeterian #wholefoods #funfood #foodart #edibleart #foodartist #itstheprettythings",Such a beauty! Feel so loved! â¤ï¸â¤ï¸,Such a sweet lunchâ¤ï¸,So perfect for V day! â¤ï¸,You are so creative â¤ï¸â¤ï¸â¤ï¸,What a beautiful lunch!!,Lots of heart. So gorgeous â¤ï¸,Sooooo perfect! â¤ï¸â¤ï¸â¤ï¸,First time seeing cherry tomato rose. Looks so cute,Your snack boxes are absolutely adorable! ğŸ’•,Love this!!,Love this all! So many ways to use â¤ï¸â€™s.,This brights up my morning! Love all the colors â¤ï¸,Oh my this is so cute! Love it â¤ï¸,I LOVE how you did the watermelon puzzle pieces!!,"Lookinâ€™ like a snack ğŸ˜ğŸ˜„ love that watermelon idea, saved!!",Such a delicious and cute looking lunch,Those cherry tomato flowers ğŸ˜,Gorgeous ğŸ˜ğŸ˜,Great snack idea,A great lunch to fuel her up for remote learning! ğŸ˜,This is so pretty,This is amazzZZINGGG â¤ï¸,Beautiful my friend ğŸ˜ğŸ˜ğŸ˜,The jigsaw watermelon is adorable xx,This is such a cute box!,I love the puzzle pieces!!,This is adorable
6,Open from 5pm #simplyindulge #vegan #vegeterian #burgers #pizza #wings #wingwednesday #veganwings #milkshakes #thorntonheath #croydon #takeaway #deliveroo #justeat #ubereats
4,CalifÃ³rnia weed vibes.. we got the best... #brazilianrich#art#zynga#chessmasters#realestateinvestor#stockmarketinvestor#boss#surfer#vegeterian#dreamer#winner#mindcontrol#thegreenparanoia#westcoastgreengames#sanfrancisco#california#bocaraton#miami#jericoacoara#riodejaneiro#415#305#954#561#control#kitesurfer#indigolibrasalquimista#hawaiilifestyles.
10,Open from 5pm #simplyindulge #vegan #vegeterian #burgers #pizza #wings #wingwednesday #veganwings #milkshakes #thorntonheath #croydon #takeaway #deliveroo #justeat #ubereats
7,"Citrus water ... ğŸ¤¤

â€¢

â€¢

â€¢

#detoxwater #plantbase #vegansofig #vegansharefood #whatveganseat #veganfood #vegeterian #govegan #veganfoodporn #veganism #crueltyfree #glutenfree #organic #lemonwater #infusedwater  #vegansofinstagram #spawater #wholefoods #breakfast #fruit #raw #flattummy #vegangirl #veganlife #rawvegan #cleaneating #veganlifestyle #bestofvegan #lemonwater #veganlifestyle #healthydrink #801010"
16,DRINK YOUR GREENS ğŸ™ŒğŸ½ Fill yourself up with juices with our Monthly Juice Subscription ğŸƒOrder yours via WhatsApp 2366-5289 ğŸ“²,#veganÂ #vegeterianÂ #veganoÂ #vegetarianoÂ #coldpressedÂ #juicecleanseÂ #organicÂ #rawÂ #superfoodÂ #rawveganÂ #highvibefoodÂ #eatcleanÂ #eatlocalÂ #plantbasedÂ #plantpoweredÂ #soulnutritionÂ #guatemalaÂ #vegansofigÂ #vegeteriansofigÂ #cleanseÂ #healingÂ #healthyeatingÂ #wellnessÂ #cleaneatingÂ #guatefoodiesÂ #foodiesguateÂ #glutenfreeÂ #veganguateÂ #rawvegan
42,"General Taos noodles with edamame ğŸ”¥ sweet, spicy, and tangy with sesame seeds ğŸ”¥",#Vegan #collegevegan #studentvegan #plantbased #plantbaseddiet #fromtheearth #veganinspo #vegansofIG #vegansofinstagram #whatveganseat #veganrecipes #healthyeating #foodblog #balanceddiet #veganfoodie #foodblog #veganfood #vegeterian #foodblogfeed #BFhealth #plantbasednutrition #delcovegan #phillyvegan #noodles #ricenoodles #vegannoodles #vegandinner,This was yummy i can attest!,Omg Iâ€™m gonna make this tonight,@plant_based.plate youâ€™re making me want to make the jump ! #doesntlookvegan,This looks yummy!!ğŸ˜,yummm this looks like it hit the spot!
18,"Winter Veggie Stew... thatâ€™s how Iâ€™m rolling on this Wednesday morning.

#wednesday #homecooking #homemade #veggiestew #wintervegetables #winterveggiestew #wintervegetablestew #vegeterian #vegeterianfood #vegeterianrecipes",Make money @shannon_investments
2,Dia finalizado em 2 horas ... 4000 mil reais . Ou 400 dollars ...showing one more time that money and time is not all that hard. Try. #brazilianrich#art#zynga#chessmasters#realestateinvestor#stockmarketinvestor#boss#surfer#vegeterian#dreamer#winner#mindcontrol#thegreenparanoia#westcoastgreengames#sanfrancisco#california#bocaraton#miami#jericoacoara#riodejaneiro#415#305#954#561#control#kitesurfer#indigolibrasalquimista#hawaiilifestyles.
15,"Healthy vegetables Couscous

#couscous#breakfast#homefood#homecooked#gharkakhana#desikhana##indianfooduk#indiancuisine#indianfood#healthyfood#indiansnacks#indianfoodlondon#vegeterian#foodphotography#foodcoma#instafood#foodiesofinstagram#indianfoodbloggers#foodielife",Delicious ğŸ˜ğŸ˜
5,"The best muffins ever!!!!
Banana Blueberry Muffin ğŸŒ ğŸ«
Gluten free and packed with protein â™¥ï¸

@fengshuiflow  @rosycheeksss 

2 cups Organic Quinoa Flour
1 1/2 tsp Baking Soda
1 tsp Ground Cinnamon
1/4 tsp Sea Salt
3 Tbsp Unsalted Butter
2 Eggs
1 cup Milk
1/2 cup Maple Syrup
1 Banana smashed
1 cup Blueberries

Pre-heat oven to 375Â°F. Line a muffin tin with paper liners or grease well with butter or oil.
Mix dry ingredients in a bowl and set aside. Melt butter in a saucepan on low heat.
In a large bowl add eggs and beat together. Add milk, melted butter, maple syrup and smashed banana to eggs and mix well. Add dry ingredients to wet ingredients and gently fold in blueberries.
Bake for 25 minutes until the tops spring back when lightly touched.

#glutenfree #bananablueberrymuffins #quinoa #quinoarecipes #quinoaflour #plantprotein #dosomethinggoodtoday #loveyourself #loveyourbody #vegeterian #vegeterianandglutenfree #plantbased #mindfulness #mindbodysoul #mindbodyspirit #fengshui #fengshuilifestyle #fengshuiconsultant"
2,Pro player... R$ 4000 por dia . #brazilianrich#art#zynga#chessmasters#realestateinvestor#stockmarketinvestor#boss#surfer#vegeterian#dreamer#winner#mindcontrol#thegreenparanoia#westcoastgreengames#sanfrancisco#california#bocaraton#miami#jericoacoara#riodejaneiro#415#305#954#561#control#kitesurfer#indigolibrasalquimista#hawaiilifestyles.
15,#coliflowerwings #spicysauce #bluecheesetruffle #vegeterian #simplebutdelicious
102,"Cozy vibes all around. â ğŸ¥°â 
â 
-OAT MALK IS MADE WITH-â 
ğŸƒWaterâ 
ğŸƒGluten-Free Oatsâ 
ğŸƒHimalayan Saltâ 
-AND IS-â 
ğŸ‘ğŸ¼USDA Organicâ 
ğŸ‘ğŸ¼Has 2g. of Proteinâ  per servingâ 
ğŸ‘ğŸ¼Gum-Freeâ 
ğŸ‘ğŸ¼#Glyphosate-Freeâ 
---â 
Starting your morning just became even simpler.â 
â 
ğŸ’™â 
â 
#MALKOrganics",#plantbased #dairyfree #oatmilk #plantmilk #eatmoreplants #onmyplate #eatsimple #brakfast #foodie #eatclean #natural #vegan #vegeterian #malk #oats #photography #organic #protein,The best ğŸ™Œ
36,ZUCCHINI LENTIL RAGU ğŸƒ Delicious plant based meal ğŸ¤©,#veganÂ #vegeterianÂ #veganoÂ #vegetarianoÂ #coldpressedÂ #juicecleanseÂ #organicÂ #rawÂ #superfoodÂ #rawveganÂ #highvibefoodÂ #eatcleanÂ #eatlocalÂ #plantbasedÂ #plantpoweredÂ #soulnutritionÂ #guatemalaÂ #vegansofigÂ #vegeteriansofigÂ #cleanseÂ #healingÂ #healthyeatingÂ #wellnessÂ #cleaneatingÂ #guatefoodiesÂ #foodiesguateÂ #glutenfreeÂ #veganguateÂ #rawvegan
18,#cake #love #redvelvet #homemade #eggless #foodblogger #foodlover #instagood #foodphotography #byme #simplefood #freshcollection #vegeterian #veganfood #pune #wagholi #wagholipune #love #foodie #foodies #photooftheday #picoftheday #india #maharashtra #gujarat
16,#cake #love #redvelvet #homemade #eggless #foodblogger #foodlover #instagood #foodphotography #byme #simplefood #freshcollection #vegeterian #veganfood #pune #wagholi #wagholipune #love #foodie #foodies #photooftheday #picoftheday #india #maharashtra #gujarat
8,"LEARN HOW TO TIME YOUR MEALS ğŸ‘‡

Timing is everything. Our body's have an internal clock which follows roughly the 24 hour day cycle (aka circadian rhythm).

There are periods of the day in which light exposure and temperature are higher, cortisol, alertness, coordination, etc. 

Knowing how to manipulate these each day and learning how to schedule your eating window around this will keep you lean, healthy and working optimally! 

If you want to learn how this is done and can be applied to you, please comment below or shoot me a DM. 

#foodforthought #timerestrictedeating #intermittentfasting #mealtiming #circadianrhythm  #foodismedicine #foodstagram #keto #paleo #vegan #vegeterian #lowcarblifestyle #healthydiet #nutritiontip #weighloss #musclebuilding #bodybuilding #bodycomposition #sportsperformance #sportsperformancetraining #athletics #exercise #exerciseintensity #dailyhabits #recovery #sleep #temperatureminimum #holistichealth #longevity #losangles"
13,"Itâ€™s Wednesday which means weâ€™re open and ready for youğŸ”¥ ğŸ”¥ ğŸ”¥ Check out our fiery offer available for online orders ğŸ”¥ ğŸ”¥ ğŸ”¥ 
#tobakillarney #tobarestaurant #toba2go #takeaway #collection #delivery #southeastasianfood #wok #wokcooking #fresh #healthy #glutenfree #vegan #dairyfree #vegeterian #vegeterianfood #freshfood #healthyfood #food #orderonline #specialoffers #killarney #restaurant #localsmallbusiness #supportlocal #staysafe #stayhealthy #lockdown"
40,Favourite salad#beets#cherry#tomatoes #salad #favourite #cheflife #chef #vegeterian #beautiful #instagood #instafood #instaphoto #instadaily #instalike #foodporn #foodblogger
2,Esse representa de com forcÌ§a. #brazilianrich#art#zynga#chessmasters#realestateinvestor#stockmarketinvestor#boss#surfer#vegeterian#dreamer#winner#mindcontrol#thegreenparanoia#westcoastgreengames#sanfrancisco#california#bocaraton#miami#jericoacoara#riodejaneiro#415#305#954#561#control#kitesurfer#indigolibrasalquimista#hawaiilifestyles.
4,Tattoo art vortex. #brazilianrich#art#zynga#chessmasters#realestateinvestor#stockmarketinvestor#boss#surfer#vegeterian#dreamer#winner#mindcontrol#thegreenparanoia#westcoastgreengames#sanfrancisco#california#bocaraton#miami#jericoacoara#riodejaneiro#415#305#954#561#control#kitesurfer#indigolibrasalquimista#hawaiilifestyles.
2,Samambaia de potencial.#wonderwoman. #brazilianrich#art#zynga#chessmasters#realestateinvestor#stockmarketinvestor#boss#surfer#vegeterian#dreamer#winner#mindcontrol#thegreenparanoia#westcoastgreengames#sanfrancisco#california#bocaraton#miami#jericoacoara#riodejaneiro#415#305#954#561#control#kitesurfer#indigolibrasalquimista#hawaiilifestyles.
5,Cali pro game... #brazilianrich#art#zynga#chessmasters#realestateinvestor#stockmarketinvestor#boss#surfer#vegeterian#dreamer#winner#mindcontrol#thegreenparanoia#westcoastgreengames#sanfrancisco#california#bocaraton#miami#jericoacoara#riodejaneiro#415#305#954#561#control#kitesurfer#indigolibrasalquimista#hawaiilifestyles.
2,Espelho.espelho meu. AlgueÌm fumando melhor que eu. #brazilianrich#art#zynga#chessmasters#realestateinvestor#stockmarketinvestor#boss#surfer#vegeterian#dreamer#winner#mindcontrol#thegreenparanoia#westcoastgreengames#sanfrancisco#california#bocaraton#miami#jericoacoara#riodejaneiro#415#305#954#561#control#kitesurfer#indigolibrasalquimista#hawaiilifestyles.
4,Quero saber quem eÌ vc.? #brazilianrich#art#zynga#chessmasters#realestateinvestor#stockmarketinvestor#boss#surfer#vegeterian#dreamer#winner#mindcontrol#thegreenparanoia#westcoastgreengames#sanfrancisco#california#bocaraton#miami#jericoacoara#riodejaneiro#415#305#954#561#control#kitesurfer#indigolibrasalquimista#hawaiilifestyles.,Dm me quick I have a lil sponsor offer ğŸ’¯
208,"â— My favourite Steamed Momos from @hotwheelsjodhpur ğŸ§¡â¤ï¸
.
Rating- â­â­â­â­ğŸŒ 
.
ğŸ“ @hotwheelsjodhpur
.
.
Follow @hungrymomoo
Follow @hungrymomoo
.
.
#hungrymomoo #food #foodphotography #foodie #yummy #hot #steamed #savoury #hot #tasty #cafe #india #instaforfood #instagram #instafoodie #foodofindia #eat #follow4follow #love #tibet #jodhpur #rajasthan #spicyfood #foodislove #vegeterian  #momolover #tibetian  #vegetables #fresh #momos",Sooo temptingâ¤ï¸â¤ï¸ğŸ˜ğŸ˜ğŸ˜®,Droolacious â¤ï¸â¤ï¸,Yummy and delicious ğŸ”¥,"WowğŸ˜ğŸ˜ looks fantastic.
Drooling over thisğŸ’“",That looks so deliciousğŸ˜,Look's so tempting and delicious..totally ğŸ˜ğŸ˜,WowğŸ˜this is so goodğŸ”¥ğŸ˜,Wow they look so yummy ğŸ”¥ğŸ”¥ğŸ”¥,That is awesome one ğŸ™Œ,Delicious,Want to have some ğŸ˜,Wow looks delicious ğŸ˜,Yummy yummy momos,So so temptingğŸ˜ğŸ˜,This looks absolutely delish ğŸ˜ğŸ˜drooling over it ğŸ™ˆğŸ¤¤ğŸ¤¤ğŸ¤¤,Aha I'm drooling over this rn â¤ï¸,Soo much temptingğŸ˜,This is so yummy,They are looking so delicious â¤ï¸,Wow looks so great,This looks so amazing ğŸ”¥ğŸ˜,Momos my favourite,this looks super delicious ğŸ˜ğŸ˜,These look so tasty ğŸ‘ğŸ˜ğŸ˜,Hot wheels momos are love ğŸ’•,Wow..this is so tempting ğŸ˜‹ğŸ˜‹ğŸ˜‹,My favorite ğŸ˜ğŸ˜ can't resist them,Momos look so tempting â¤ï¸,Love thisğŸ˜ looks so delicious ğŸ˜‹ I'm drooling here,This is super delicious ğŸ˜ğŸ˜‹,Wow.. They look amazing â¤ï¸
23,"STHLM Lager Eco ğŸº 
Made with Heritage malt and Hallertauer hops. Great biterness, w malty & fruity notes of pineapple. Sthlm Brewing Co. 
.
.
We still have amazing take away Valentineâ€™s boxes, send us an email if your interested! ğŸ’• 

. 
ğŸ“· : @jungfru_maria
#sajvva #plantbased #vegan #vegeterian #malmo #restaurant #MalmÃ¶town #malmofood #food #vegeterianfood #bestwaitress #dessert #cocktails #snacks #dinner #beer #wine #foodphotography #takeaway"
3,Mais pressaÌƒo no mental. 3000 reais por dia. #brazilianrich#art#zynga#chessmasters#realestateinvestor#stockmarketinvestor#boss#surfer#vegeterian#dreamer#winner#mindcontrol#thegreenparanoia#westcoastgreengames#sanfrancisco#california#bocaraton#miami#jericoacoara#riodejaneiro#415#305#954#561#control#kitesurfer#indigolibrasalquimista#hawaiilifestyles.
3,Quero um vc mais feliz... com mais dollars. #brazilianrich#art#zynga#chessmasters#realestateinvestor#stockmarketinvestor#boss#surfer#vegeterian#dreamer#winner#mindcontrol#thegreenparanoia#westcoastgreengames#sanfrancisco#california#bocaraton#miami#jericoacoara#riodejaneiro#415#305#954#561#control#kitesurfer#indigolibrasalquimista#hawaiilifestyles.
3,Happy days ahead nigros. #brazilianrich#art#zynga#chessmasters#realestateinvestor#stockmarketinvestor#boss#surfer#vegeterian#dreamer#winner#mindcontrol#thegreenparanoia#westcoastgreengames#sanfrancisco#california#bocaraton#miami#jericoacoara#riodejaneiro#415#305#954#561#control#kitesurfer#indigolibrasalquimista#hawaiilifestyles.
18,"Date with healthy lunch, clockwise from down - 

0ï¸âƒ£ Jawar bhakri
1ï¸âƒ£ Beetroot koshimbir/ raita
2ï¸âƒ£ Bhendi fry ( done in iron kadai )
3ï¸âƒ£ Chana dal amti

I include beetroot atleast twice a week and mostly as - beetroot koshimbir/ raita. It is a great source of iron and Vitamin C and my kids love it's color that it brings in their lunch.

Beetroot koshimbir/ raita

0ï¸âƒ£ Pressure cook beetroot, grate once its cooled.
1ï¸âƒ£ Mix curd, coriander leaves, salt and sugar (for taste)
2ï¸âƒ£ Temper it with tadka of Hing, mustard seeds, curry leaves on a heated ghee.

#recipepost #easyrecipe #recipeshare  #quickrecipe #quickrecipeideas
#lunchidea #lunchthali #lunchideasforwork #wfhlunch
#wfhlife #lunchideasforkids #quickrecipes123 #recipeoftheday #aajkakhana #lunchtodayğŸ´ #healthyliving #healthylunchideas #healthylunches #healthylunchbox #cleaneat #cleaneatingkids #vegeterian #vegeterianlunch #veglunch #maharashtrianfood #raita #koshimbir #beetroot #chanadal",I totally agree sometimes these little things keep us going.. great thaaliğŸ‘ğŸ¼ğŸ‘ğŸ¼
9,"...
.

Did you know our tempeh comes from @ArtoMoroTempeh? ğŸŒ±
.
Available for Takeouts â€¢ Curbside Pickups â€¢ Delivery by 352.Delivery â€¢ Online: http://app.byppo.com/sublimetacos
.
ğŸ  317 SW 4th Ave
Monday - Thursday 11AM-8PM
Friday - Saturday 11AM-9PM
Sunday 11AM-3PM
.
.
.
#SublimeTacos #Gainesville #DowntownGainesville #4thAveFoodPark #Tempeh #TempehTacos #TacoTuesday #Vegan #Vegeterian"
43,"Finished My Cravings With Some Italian Red Sauce Pasta.ğŸ˜‹ğŸ˜‹â¤ï¸
.
Do Share And Add To Story & Follow For More
.
#jalgaonkar #jalgaonfoodblogger
#jalgaon #jalgaonfood #jalgaonfoodies
#punefoodie #puneblogger #punefoodie #mumbai #mumbaifoodie #pasta #mumbaiblogger #redsaucepasta
#instafood #omnomnom #foodporn #food #foodie #organic  #healthyeats #goodeats #vegeterian #vegan #glutenfree #hungry #homemade 
#followï½e #f4f"
47,"Mummy- Beta aaj Tuesday hai non-veg mat khana
Me - Shwar maa ğŸ˜œ
Mummy - Mera raja beta.

""AFGHANI CHICKEN SHWARMA""

Juicy chicken meat, chopped and and cooked with the best spices. Then topped with mayonese , some salads and ketchup and wrapped up in a breadğŸ¤¤

I'm in love again.â¤ï¸
.
.
.
.
.
.
 
#foodie#delhifood#delicious#foodislife#foodielife#chicken#mutton#tasty#noida#ncr#delhilife#foodgasm#yummy#foodislove#nonveg#vegeterian#livetoeat #shwarma #afgani #chicken #foodies #nonveglove"
5,"Listen to the truth

#science #nature #facts #inteligente #articulates #health #diet #wisdom #quotes #dietritian #vegeterian #vegan #pescatarian #fish #seafoodlover"
2,MissaÌƒo cumprida 1000 reais por dia. #brazilianrich#art#zynga#chessmasters#realestateinvestor#stockmarketinvestor#boss#surfer#vegeterian#dreamer#winner#mindcontrol#thegreenparanoia#westcoastgreengames#sanfrancisco#california#bocaraton#miami#jericoacoara#riodejaneiro#415#305#954#561#control#kitesurfer#indigolibrasalquimista#hawaiilifestyles.
2,Eu soÌ quero os milhaÌƒo. #brazilianrich#art#zynga#chessmasters#realestateinvestor#stockmarketinvestor#boss#surfer#vegeterian#dreamer#winner#mindcontrol#thegreenparanoia#westcoastgreengames#sanfrancisco#california#bocaraton#miami#jericoacoara#riodejaneiro#415#305#954#561#control#kitesurfer#indigolibrasalquimista#hawaiilifestyles.
34,"I know what you must be thinking. â€œOranges on toast?? They must be running out of ideas â€œğŸ’¡ BUT believe me you gotta give this one a try itâ€™s ğŸ‘©â€ğŸ³ğŸ˜™ğŸ‘ŒI just LOVE ğŸŠ and anything with goats cheese so itâ€™s perf. Also the bright colors SLAYâœ¨ğŸ¤©

#dEATs sourdough, vegan cream cheese, navel oranges, honey cheÌ€vre, and toasted almond slivers

#toast #toastie #toasty #toasttuesday  #foodie #fdoe #yum #yummy #plantbased #vegeterian #gourmet #gourmettoast #foodporn #healthy #healthyeating #nourishtoflourish #breakfast #sourdough #mealinspo #foodinspo #healthylifestyle #healthymeals #lunch #breakfast #brunch #oranges #goatcheese"
2,The day start perfect. suas mosca. #brazilianrich#art#zynga#chessmasters#realestateinvestor#stockmarketinvestor#boss#surfer#vegeterian#dreamer#winner#mindcontrol#thegreenparanoia#westcoastgreengames#sanfrancisco#california#bocaraton#miami#jericoacoara#riodejaneiro#415#305#954#561#control#kitesurfer#indigolibrasalquimista#hawaiilifestyles.
25,"Feels like Spring â˜€ï¸ğŸŒ´ğŸŒ´ğŸŒ´
.
.
.
.
#brunchspot #santacatalina #palma #palmademallorca #healthyfood #placetobe #brunch #lunchtime #lunch #mallorcagram #pancakes #vegan #vegeterian #sucuk #sucuklove #smoothies #greenjuice #share #spreadlove #thesecretingredientisalwayslove",Greetings from the other side of the world ğŸŒ
11,"Pomegranate + Lime + Melon + Green apple  infused waterâœ¨ 

â€¢

â€¢

â€¢

#detoxwater #plantbase #vegansofig #vegansharefood #whatveganseat #veganfood #vegeterian #govegan #veganfoodporn #veganism #crueltyfree #glutenfree #organic #lemonwater #infusedwater  #vegansofinstagram #spawater #wholefoods #breakfast #fruit #raw #flattummy #vegangirl #veganlife #rawvegan #cleaneating #veganlifestyle #bestofvegan #lemonwater #veganlifestyle #healthydrink #801010"
95,"When creating this blog, I came up with the name Expedition Eats as a motivation to explore nolaâ€™s rich culture through the lens of its diverse eateries. And this expedition of flavors from @addisnola was exactly the type of experience I set out to find!
â€¢
â€¢
@addisnola serves authentic Ethiopian cuisine in a shared experience that fosters a sense of community and love! Addis offers an array of dishes sure to tame the wildest appetite, from vegetarian to lamb and everything in between. It might be easier to tell you what we didnâ€™t order, but pictured on our shared plate are chicken and shrimp tibs, doro wot, red lentils, collard greens, cabbage, and beets! The doro wot and red lentils were my absolute fave - thanks @eatenpathnola for the recommendations! And every meal is served with injera, a spongy flatbread that acts as your edible utensil.
â€¢
â€¢
Thank you Prince for making my first visit an unforgettable experience! This month and every month, itâ€™s so important that we continue to support Black-owned businesses and celebrate Black History.
â€¢
â€¢
â€¢
#followyournola #wherenolaeats #nolafoodie #nola #noplacelikenola #foodphotography #foodstagram #ethiopianfood #supportblackownedbusinesses #supportblackchefs #ethiopianeats #blackhistorymonth #neworleans #visitnola #instafoodie #foodblogger #nolalife #supportlocal #exploreneworleans #nolafood #neworleansfood #thisisnola #itsyournola #showmeyournola #vegeterian #gonola #eaternola #yelpnola",Iâ€™m glad you got to expand your eats! Canâ€™t wait to share an experience with ya,Nice!  We will be there on Friday. Canâ€™t wait.,ğŸ¤¤ğŸ¤¤ğŸ¤¤ love them!,I had one of my favorite date nights here,This was so so good!! Me- â€œwhy are my fingers so gross and yalls look so cleanâ€ also me â€œrealized Iâ€™m embarrassing and no one will want to eat with me again lolâ€,One of my favorite places in all of NOLA! ğŸ”¥,The best decision ever!!!,Never tried this place!!!,Very nice! We really enjoyed lunch there on our last trip to the city.,And youâ€™ve successfully made me hungry at 9am for Ethiopian ğŸ¤©
