6,"My super power ! ğŸ’ªğŸ’ª
#vita #vitamines 
#aloevera #aloe #sport antioxydant #antioxydants #sante #santeÌ #green #greenlife #bienetre #produitsnaturels #nutrition #mangersainement #vegeta #healthy #fitness#fitnessgirl #coach#coaching #diet #vege #vegetables #plants ##dietetique#greenbeauty #vegetarian#healthylifestyle #healthyfood"
15,"Orange tofu salad ğŸŠ 

Firm tofu 
Lettuce
Orange bell pepper
Cucumber
Sesame seeds

Dressing:
Juice of 1 orange
1tbsp chilli sauce 
1tbsp soy sauce

Fry the tofu and add half of the dressing for the last few minutes of cooking.	 Add to the salad with the other half of the dressing. 

#tofu #veganlunch #vegan #veganmeal #veganplate #plantbased #salad #vegansalad #lettuce #orange #veganrecipe #simplerecipe #healthyfood #lightmeal #lunch #tofusalad #meatfree #glutenfree #eggfree #chilli #spicy #fruit #plantbaseddiet #freshfood #vegetables #marinade #dinner #snack #plantfood"
2,The biggest one was over 600 grams ğŸ…ğŸ…ğŸ… #tomatoes #homegrown #sheepmanure #vegetables
4,#minestrone #soup #minestronesoup #sopa #vegetables #yococinolatino #lacocinadevictor #cocinacriolla #cocinapuertorriqueÃ±a #cocinasaludable #cocinalatina #fit #fitness #fitnessmotivation #fitnessjourney #food #foodporn #foodphotography #foodstagram #eat #eathealthy #eatclean #nutrition #puertorico #puertoricanfood #puertoricancuisine #caribbean #caribbeanfood #caribbeancuisine #latinfood,Love it â¤DM @thefitgains
9,"CNY DINNER
.
.
.
#chinesenewyear #homecooking #foodporn #food #foodphotography #foodstagram #foodie #foodgasm #foodlover #instafood #foodies #meal #homemade #instafoodie #delicious #tasty #tastyfood #eat #cook #recipe #fish #abalone #vegetables #seafood #dinner #broccoli #prosperity #instagood #dumplings #reuniondinner"
3,"Fresh Celery from my garden. Juicing Vegetables.
#Celery #CeleryJuice #CeleryJuiceBenefits #Gardening #GardeningLife #GreenThumb #SmallGarden #Gardening #FloridaLife #Vegetables #Veggies #Vegetarian #VeggiesForDays"
8,It's seed-starting time...,#landscapephotography #landscape #landscapedesign #gardening #gardenphotography #finegardening #lovetogarden #gardensofinstagram #gardenlove #garden #gardening #landscapearchitecture #luxury #luxurylifestyle #senseofplace #naturelovers #plantsomething #vegetablegarden #raisedgarden #vegetables #crops #seeds #seedstarting #cedar
0,"æ­£å› ä¸ºå¤§å®¶ä»Šå¹´åªèƒ½å±…å®¶è¿‡å¹´ï¼Œæ— æ³•åƒä»¥å¾€ä¸€æ ·ke sana ke siniåˆ°å¤„å»æ‹œå¹´ï¼Œå”¯æœ‰å¼€å¯ç‹‚åƒæ¨¡å¼ã€‚é‚£äº›çœ‹ä¼¼å°å°çš„å¹´é¥¼ï¼Œå…¶å®è•´å«è¶…æ ‡çš„çƒ­é‡å’Œæ²¹è„‚ï¼Œä¸€ä¸å°å¿ƒåƒå¤šå°±å‘èƒ–äº†ï¼æ–°å¹´ç¾é£Ÿæœ‰è¿›å°±è¦æœ‰å‡ºï¼Œåˆ«å¿˜äº†åœ¨äº«å—ç¾é£Ÿåï¼Œä¸ºèº«ä½“è¿›è¡Œå¤§æ‰«é™¤ï¼Œå°†æ¯’ç´ ã€è„‚è‚ªã€å®¿ä¾¿æ’å‡ºä½“å¤–ï¼Œæ¢å¤çªˆçª•èº«æã€‚

å¸®èº«ä½“å¤§æ‰«é™¤>>Nano Detox Enzyme
ğŸ’™ æ’æ¯’æ¸…èƒƒğŸ’™ å¹³è¡¡é…¸ç¢±å€¼ ğŸ’™ é¢„é˜²è„‚è‚ªå †ç§¯ ğŸ’™ æ”¹å–„ä¾¿ç§˜æ¸…ç†å®¿ä¾¿ 
âœ”ï¸ å«é‡ç”Ÿæ°´æœã€è”¬èœã€æµ·è—»ã€ç§å­å’Œæ ¹éƒ¨ç­‰219ç§æ´»æ€§é…µç´ 
âœ”ï¸ ä¸€æ¯ç›¸ç­‰äº7ä»½è”¬æœ
âœ”ï¸ æ¯æ¯ç›¸ç­‰äº30åˆ†é’Ÿè¿åŠ¨çš„ç‡ƒè„‚æ•ˆæœ
âœ”ï¸ æ¯æ¯ç›¸ç­‰äº7æ¯æ™®é€šçº¢é…’çš„ç¾å®¹ä¿å¥åŠŸæ•ˆ

Always easier and more effective with #NanoJapanmy

#madeinjapan #detox #fruits #vegetables #enzyme #toxin #cny2021 #cnycookies #kuehkapit #bakkwa #reuniondinner #loseweight #slim #caringpharmacyMY #caring2u"
2,With 3615 likes and 82 comments is today's top soup pic on Instagram! Congrats Niki Webster - Rebel Recipes of @rebelrecipes >>> #soupoftheday #soup #soups #recipe #stock #vegetables #bonapetit #gourmet #zuppa #food #instagood #healthyfood #warm #tasty #instagood
0,Thank you for your orders! PM us for your orders and inquiries or call/text 0908 608 2794! #Tuna #Salmon #Veggies #Fruits #Vegetables #VsOnlineCornerPH #OnlineShoppingPH #Online #OnlineShopPH #OnlineGroceryPH
6,"ÎœÎ¿Î² Î»ÎµÏ€Ï„Î¿Î¼Î­ÏÎµÎ¹ÎµÏ‚ ...!

#broccoli #garden #vegetarian #vegetables #perple #gardenersworld #vegetarianfood #instagood #mygarden #photooftheday #instaphoto #instadaily #photgraphy #photoobserve #myphoto #colorful #earth #earthfocus"
11,"Raspberry & Avocado Salad With Sweet Dressing ğŸ˜‹ 

My fave salad is definitely an avo one. This dressing is the best as its nice and sweet but balanced with the pomegranate juice. 
You can add anything additional to the salad such as cucumbers, peppers, croutons etc. But this is a simple version.

Ingredients:

â€¢	2 Avocados (skin removed and chopped into small chunks 
â€¢	Around 100g raspberry's (or as many as you like)
â€¢	6 Baby gem lettuce leaves (washed and dried)
â€¢	5 cherry tomatoes (Washed and cut in half)

Dressing:

â€¢	Â½ cup olive oil
â€¢	1 Â½ tbs agave
â€¢	2 tbs Pomegranate 
â€¢	1 tbs fresh lemon juice
â€¢	1 tsp wholegrain mustard
â€¢	Sesame seeds
â€¢	Dash of salt and Pepper

Method

1.	Lay down your baby gems and pop over the rest of the ingredients 
2.	Drizzle with dressing & serve immediately 

Hope you enjoyed this quick salad recipe. ğŸ¥— 

Don't forget to like and share ! ğŸ’šğŸ™",#salad #food #healthyfood #foodie #foodporn #instafood #healthy #foodphotography #lunch #plantbased #yummy #dinner #foodstagram #delicious #vegan #healthylifestyle #homemade #foodblogger #foodlover #vegetarian #veganrecipes #chicken #healthyeating #fresh #tasty #salads #plantbasedmeals #cooking #vegetables #vegan
5,"Lunch today noodles, salmon and mixed vegetables.

#healthyeating #healthylunch #weightloss #weightlossjourney #healthyliving #healthylifestyle #healthyfood #salmon #vegetables #noodles #lunchtime #lifestyleblogger"
15,"Oggi si puÃ²!

#happyness #happy #foodlovers #foodphotography #foodpassion #foodporn #foodstagram #lunch #lunchtime #ideas #fish #fishfry #restaurant #possible #catch #pranzo #pesce #almuerzo #mittagessen #vegetables #catchoftheday #gnam #diet #dejeuner #choppingboard #dietamediterranea  #enjoyyourmeal #hungry #mealplan #instafood"
4,"Edamame has all the right to be called a â€œSuper Food â€! â €
Simply put, edamame are the whole or immature soybeans. The mature soy beans take up a brownish colour, whereas the edamame are green. This fresh vegetable soybean seed has 35% protein and about 5% healthy fats making it a highly nutritious snack. Some studies also suggests that edamame contains 60% more calcium, and twice the potassium than green peas. â €
â €
Edamame beans add texture and give a protein boost to salads. It is also loved for its sweet nutty flavour. You can find them in our  Vegan Tofu, edamame & cucumbers salad , or Duck, edamame & cabbage salad!â €
Order this goodness now! @deliveroo @ubereats_uk @justeatukâ €â €â €â €â €
â €
.â €
#SuperFoodLove #SuperFoods #Vegetables #Beetroot #Beetrsalad #Londonhealth #SouthWestLondon #WW #WeighwatchersLondon #LondonBlogger #LondonFoodBloggers #Food #CleanEating #Vegan #VeganFood #SaladBarLondon #Tofu #VeganProtein #Edamame #SoyProtein #Soybean"
1,"Aran Group  Food - Dariy 
World leader in bag in box liquid packaging solutions.
ğŸ”— https://aran.co.il/1b
.
.
#liquid_eggs #food #dairy #edible_oil #fruits #vegetables #sauce #condiments #postmix #beverages #wine #water #bag_in_box #liquid_packaging #bio_diesel_from_seaweed #lamination #liquid_packaging_solutions #ibc #advanced_heat_lamination #aran_group #bib #aseptic_package #transport_liquid_foods #usa #canada #germany #intermediate_bulk_container #thermoflex #high_tech #fitments 
.
.
â˜ï¸ tel: +972-54-232-9918
ğŸ“§ email: jane@aran.co.il
ğŸ”— https://aran.co.il/1b"
3,"Simple changes can make big differences, starting with what you eat - eating more wholegrains, more fruit, and less sodium, which means less salt can all help reduce the risk of premature death and disability.

So how much should we be eating?

- There is currently no advice on what amount of wholegrains to eat in the UK but many experts in other countries say to aim for three servings a day (BDA)

- Evidence shows there are significant health benefits to getting at least 5 portions of a variety of fruit and vegetables every day. That's 5 portions of fruit and veg in total, not 5 portions of each (NHS)

- Adults should consume no more than 6g of salt a day (2.4g sodium) â€“ that's around 1 teaspoon (NHS)

#SeasonWithSense #HealthAdvice #BetterHealth #salt #salthabits #wholegrains #5aday #fruit #vegetables"
1,"...Our subscribers' dishes...
Thanks to this subscriber for the picture of her colourful plate ğŸ˜ğŸ˜‹ Sometimes a few good, well-prepared and seasoned vegetables are enough on their own ğŸ˜‰ğŸ‘

#mybubelly #meals #meal #food #menu #dishes #vegetables #healthyfood #healthy #diet #fertility"
17,"Avocado toast. ğŸ¥‘ğŸ³
My favorite breakfast. ğŸ˜Š
.
.
.
.
.
.
.
.
.
.
@lidlromania
#creative #art #hobby #food #healthyfood #healthy #protein #carbohydrates #lemon #salt #pepper #breakfast #toast #avocado #avocadotoast #egg #friedegg #home #wood #natural #breakfast #balance #bread #foodphoto #foodphorography #vegetables #healthyfat
#mutimiteszel #hungariangirl #magyarlany #fooddiary"
5,"#ChineseNewYear is tomorrow, do you have everything you need to prepare some nice #Chinese #snacks #starters or #meal?

#thaisupermarket #asiansupermarket #asian #dumplings #hotpot #radish #angbao #chives #vegetables #roastduck #crispypork #london #localbusiness #staranise #orange #yearofox"
7,"Green basil, Gigante.

#seeds #vegetables #vegetableseeds #greenbasil #basil #seedsbasil #seedsgreenbasil #agrobussines #agrolife #agricultural #agricultrelife #agriculture_global #agricultureworldwide #sotoseeds"
4,"Vegan Satay Sweet Potato & chickpea Curry, Coconut Rice #vegan#vegetables#dysoncorrale#chefjoecroan"
2,It's harvesting time. Fresh vegetables all year round from our state of the art greenhouse in Akumadan. #Vegetables #vegan #cucumber #bellpeppers #gogreenğŸ’š
5,"@iam_morrisday  pulling celery to juice.
#GrowYourOwnFood #Celery #CeleryJuice #CeleryJuiceBenefits #Vegetarian #SmallGarden #Garden #GreenThumb #Juicing #JuicingForHealth #Florida #Gardening #GardeningLife #FloridaLife #SpringGarden #Vegetables #Veggies"
9,"Our chicks are a week old! This is an indigenous breed known as â€˜Kaveriâ€™ which is excellent for free range backyard poultries! Would you prefer antibiotic free hens? Comment below.

For more information-
Visit our google Location -
https://goo.gl/maps/xmyR9SyapKub6QMS9

Or whatsapp us on - 91589 89257

#radhafarms #farm #farmers #farmer #chicken #farmhouse #hens #fruits #vegetables #fruits #animals #village #villagelife #poultry #sustainable #intercropping #cabbage #soil #soilgrown #leaves #organicfarming #organicproducts #organicgardeningmethods #organic #nature #organicgardening"
7,"Kale invasion ğŸ¥¬
.
.
.
.
#kale #winterwonderland  #kaleinvasion #vegetarian #vegetarisch #vegetables #vegetablegardening #frost #vitaminc #vitaminclub #hiking #picoftheday #winter"
0,"Knives outğŸ”ª Those veggies never stood a chanceğŸ¤·â€â™‚ï¸
.
.
.
.
#JPcooks #JPkitchen #cooking #chef #veggies #vegetables #recipes #food #instafood #foodporn #knives #cookware #kitchenware #lunch #recipes #yum #tasty"
4,"Our products are on the @mir24tv channel ğŸ‡¹ğŸ‡²ğŸ…ğŸ˜‹

#Turkmenistan #ashgabat #agroproducts #exporter #vegetables #food #healthyfood #vegan #vegetarian #foodporn #healthy #tomatoes #foodie #instafood #organic #veggies #fruit #delicious #healthylifestyle #greenhouses #fresh #veganfood #dubai #russia #kazakhstan #kyrgyzstan"
6,"EAT THE RAINBOW ğŸŒˆ

We are invested in the health and wellness of you and your littles ones. Incorporating cold pressed, largely organic, fruit, vegetables and other high nutritional value ingredients is what makes our products unique.

Our products DO NOT contain any of the major food allergens such as peanuts, tree nuts, eggs, wheat (gluten), dairy or soy â€¼ï¸

Each flavour is nutrient dense and therefore makes for the perfect healthy snack on its own or addition to a meal.
.
.
.
.
.
#shoplocal #investinhealth #eatwell #thehealthylife #balancedeating #balance #icelollies #superfoods #dragonfruit #immuneboosting #organic #organicproduce #vegetables #childrenshealth #rainbownutrients #rainbow #eattherainbow #noallergens #allergenfree #noadditives #womeninbusiness #capetown #shoponline #supportlocal"
2,"One of my favourite types of meals to make in the thermomix are an all in one dish!

I was lucky enough to be able to show a new @thermomixaus customer this All-in-one chicken dinner this week.

While your making gravy in the bowl.
*Sweet potato is steaming in the simmering basket ready to mash.
*Broccoli,cauliflower & carrots are steaming in the varoma
*Sauce covered chicken is steaming in the varoma tray!

Healthy,delicious & everythings cooking at once!

Any recipes using your varoma increase the capacity of your thermomix so much.

Would love to show you how to make the most of a thermomix & introduce you to what itâ€™s capabilities are!

Look at this delicious recipe I found on CookidooÂ®: All-in-one chicken dinner https://cookidoo.com.au/recipes/recipe/en-AU/r538065

#thermomixconsultant #thermomix #thermomixaus #thermomixaustralia #cookidoo #thermomixrecipes #cookingfromscratch #dinner #healthydinner #healthydinnerideas #deliciousdinner #gravy #vegetables #chicken #sauce #steaming #steamedfood #familydinner"
8,"It smell like summer â˜€ï¸
What is better like a vegetable salad ? 

Quinoa, mint, sweet potato, tomato, lime, corn, pomegranate. 
Served with a soy sauce and a touch of paprika. Enjoy ! 

ğŸ‡«ğŸ‡·
Ã‡a sent lâ€™Ã©tÃ© â˜€ï¸
Quoi de mieux quâ€™une salade ? 
Quinoa, menthe, patate douce, tomate, maÃ¯s, grenade. 
Servi avec une sauce soja salÃ©e et une touche de paprika. 

 #healthylifestyle #healthyfood #healthy #healthyeating #healthyliving #sii #intestinirritable #lowfodmap #lowfodmapdiet #lowfodmaprecipes #lowfodmaprecipes #lowfodmapvegan #receipe #receipes #vegan #veganrecipes #veganfood #vegansansgluten #glutenfree #glutenfreefood #glutenfreerecipes #vegetables #vegetarianrecipes #vegetarian #vegerianfood #ibs #ibsdiet #salad #quinoasalad #buddhabowl #quinoarecipes"
9,"Knives outğŸ”ª Those veggies never stood a chanceğŸ¤·â€â™‚ï¸
.
.
.
.
#JPcooks #JPkitchen #cooking #chef #veggies #vegetables #recipes #food #instafood #foodporn #knives #cookware #kitchenware #lunch #recipes #yum #tasty"
3,"Involtini di verza con riso al curry, ed Ã¨ subito India ğŸ¤£
.
.
.
#foodpics #foodphotography #foodblogger #foodie #green  #italianfood #italy #dinner #lunch #recipe #recipeoftheday #recipes #fooddiary  #diet #healthyrecipes #healthyfood #cooking #love #homesweethome #veganfood #cooking #chef #vegetables #greens #rice #curry #spices"
7,"I went from a carb burner to a fat burner!

I used to eat sugar and carbs everyday and now I fill my diet with protein, fat and carbs from vegetables. 

It has made all the difference in my inflammation and my blood sugar levels. I also have more energy and my mood is more stable. 

These are just a few of the many benefits of reducing your carb intake.

If you are diabetic, pre-diabetic, insulin resistant or just want a plan to help you reduce carbs, I am the health coach for you!

I can teach you how to eat low-carb without feeling deprived.

Send me a direct message or you can click the link in my bio that will take you to my website. From there you can sign up for a free, no pressure discovery call with me. 

I will share with you my approach and price. I will also listen to your concerns and guide you on what I think would help you. 
.
.
.
.
.
.
.
.
.
.
.
.
.
.
.
.
#carbburner #fatburner #carbs #carbohydrates #fat #protien #sugar #diet #vegetables #inflammation #bloodsugar #bloodsugarlevel #benefitsofalowcarbdiet #reduceyourcarbs #diabetic #diabetes #type2diabetes #insulinresistance #prediabetic #dontfeeldeprived #discoverycall #freecall #healthcoach #healthcoaching #healthandwellnesscoach #healthandwellnesscoaching #sugaraddictioncoach #carbaddiction #sugaraddiction"
13,"Well, This is for the french fry lovers ğŸ‘€
French Fry Mayo Burgerâ€¼ï¸ğŸŸ
- Order now -

#veggieburger #burger #vegan #vegetarian #veganburger #veganfood #foodporn #foodie  #veggiefood #brooklynsoulfood #cheeseburger #veganlife #bhfyp #food #instafood #healthyfood
#burgers #whatveganseat #healthy #foodstagram #vegansoul #vegetables #vegano #tummies #ordernow #buylocal #yumyum",french friesssss wowwğŸ˜ğŸ˜
17,"HÉ™rvaxtÄ±nÄ±z xeyr
@book.mall 

#azerbaycanğŸ‡¦ğŸ‡¿Â #tÃ¼rkiyeÂ #chefÂ #steakÂ #chefsspecialÂ #restoranÂ #restaurantÂ #metbexÂ #yemeklerÂ #mutfakÂ #yemekreseptleriÂ #tomatoÂ #cucumberÂ #sousÂ #millimetbexÂ #pepperÂ #meatÂ #etÂ #meatloverÂ #chikenÂ #vegetablesÂ #tÉ™rÉ™vÉ™zÂ #specialÂ #cheflifestyleÂ #boranboranliÂ #spectacularÂ #foodÂ #kitchenÂ #magichandsÂ #delicious"
11,"...Stavi malo boje, malo crvene
crvene k'o ljubav Å¡to ne prestaje
pa onda malo Å¾ute, za sunÄan dan
a za vedro nebo boju znaÅ¡ i sam...

#lunch #lunchtime #lunchideas #meat #vegetables #salad #colors #colorful #garlic #oliveoil #spices #harissaspicestore #kÃ¼tahya #healthylifestyle #healthyfood #healthyeating #foodphotography #foodie #foodstagram #foodlover #food #photo #photography #mojsamsunghr #sreÄ‡uÄinemalestvari"
4,#travelphotography #winteriscoming #preparationsforwinter #vegetables #dry #photography #food #foodphotography #kemaliye #kemaliyeeÄŸin
5,"Total  for below - LKR 2800

Shrimp Fried rice - LKR 1200
Chicken with cashew nuts - LKR1000
Steamed mixed vegetable - LKR600
With chili paste 

Delivered by @pickmefoodlk 

â€”â€”â€”â€”â€”â€”â€”â€”â€”â€”â€”â€”â€”-

Food - 4/10ğŸŒŸ
Presentation - 3/10ğŸŒŸ 
Spice level - 0/10 (except for chili paste)

Halal certified 

â€”â€”â€”â€”â€”â€”â€”â€”â€”â€”â€”â€”â€”â€”â€”â€”
ğŸ™‹â€â™€ï¸ MY POV 

The Steamtown shrimp rice plenty of small prawns were there but I felt nice to be a bit undercooked

Boneless fried Chicken and cashew nuts was good. It was not spicy And it had its own vegetables. 

Steamed vegetables had a variety of vegetables which was unique, crunchy 

Loved the fact that they used lots of black mushroom and seaweed 

.
.
.
.

FUN FACT ğŸ‘‰ ğŸ‘©â€ğŸ’» 

Wheat is the staple crop of Northern China, and you will find an abundance of wheat-flour products in the form of noodles, dumplings, steamed buns, stuffed buns, and pancakes. Rice is also eaten in the north, but is definitely secondary to wheat

.
.
.
.

#chinesefood#prawnfriedrice#chicken#cashew#vegetables 
#reviewgalore2020

#musttryreviewgalore2020"
0,"Hope you welcome us with the same warmth like we plan for you! 
Looking forward to serve you. ğŸ˜Š
- Cartjolt âš¡

#jammu#vocalforlocal#startupindia #startupbusiness#grocery#groceryshopping#grocerydelivery#homedelivery#fruit#fruits#vegetables#cartjolt"
15,"fishcurry mokhamas with #tenga 
.
.
.
.
.
#fish #curry with #peppers #smallfish
#meatdish #fishdish #bengalifish #bangladeshifish #bellpeppers #greenpeppers #spicycurry #veg #vegetables #colour #vibrant #vibrantcolors #mycooking #homecooking #chef #bengalifood #homecooked #deshi #halalfood #halal #bengalifood  #lockdown #isolation #covid_19  #alhamdulillah"
8,"CHOOSE HAPPYâ¤ï¸

HAPPY WORLDâ¤ï¸

THINK. BUILD. SEE. FEEL. BE. HAPPYâ¤ï¸

HAPPY HUGSâ¤ï¸

HUGSâ¤ï¸

HUG A TREEâ¤ï¸

#love #hugs #happy #lightworker #evolve #smile #peaceful #exercise #healthyfood #health #walk #yoga #meditation #laugh #family #friends #positivevibes #raiseyourvibration #spirituality #spiritual #angel #water #choosehappiness #flowers #plants #trees #animals #nature #vegetables #fruit"
17,"Beetroot harvest! Comment below!

For more information-
Visit our google Location -
https://goo.gl/maps/xmyR9SyapKub6QMS9

Or whatsapp us on - 91589 89257

#radhafarms #farm #farmers #farmer #znbf #farmhouse #differentvegetables #differentfruits #vegetables #fruits #animals #village #villagelife #beetroot #sustainable #intercropping #cabbage #soil #soilgrown #leaves #organicfarming #organicproducts #organicgardeningmethods #organic #nature #organicgardening"
5,"SCRAMBLED TOFU EGGğŸ˜Š 
#nofilter â˜ºğŸŒ±â˜ºğŸŒ±â˜ºğŸŒ±â˜º

Good morningğŸ™ˆ
Today, I had this delicious plate for breakfastâ˜º It has been the first time I made this dish and I love it!!! 
For the scrambled Tofu I squeezed to water out of the tofu (100g). Then, I cut an red onion (20g) which I fried in a pan. I usually do not use oil, because I do not really notice a difference, but you can use oil if you want to. When the onion is brown, shred the tofu with your hands and add it to the onion. Add some spices (I used curry, curcuma, salt, pepper and nutmeg). After 3 minutes, add 20g soy yoghurt to the tofu mix and heat it up for 2 more minutes. Thats it! Enjoy itâ˜º
#vegan#veganism#veganismus#health#healthy#gesund#plant#plantbased#glutenfree#glutenfrei#veggie#vegetarisch##veganwassonst#veganuary#veganwerden#veganleben#veganesessen#veganundgesund#keintierleid#veganeernÃ¤hrung#vegancooking#veganfÃ¼ralle#veganpower#plantpower#plants#vegetables#scrambledtofu#tofuegg#tofuei",Those veggies look so good and fresh! Thanks for sharing ğŸ˜ŠğŸ™ğŸ’š
8,"311
---
ç•‘ã®å°æ³¢
---
#nature #green #wave #fujifilm #fujifilmxe2 #photo_jpn #japan #naturephoto #vegetables #photo #photography #naturelover"
2,"#Sheratonn #Insalatiera #DecoÌ€ Turchese
A soli â‚¬18,00 + spedizione
.
.
.
#salad #bowl #food #foodlover #vegetables #sheratonn #arredamento #arredamentointerni #arredarecasa #arredareconstile #arredamentomoderno #homesweethome #homedecor #home #house #kitchen #kitchendesign #livingroom"
19,"(Re)connaissez-vous tous les produits des eÌtalages ? ğŸ¤” ğŸ’­ 

ğŸ“¸@niangao_fanny
ğŸŒAboisso, CÃ´te d'Ivoire
Via @leguide225 

.
.
.
.

#afrique #cotedivoire #localmarket #streetmarket #westafrica #cotedivoiretourisme #cityguide #togo #africanfood #foodlover #bio #freshfood #meat #abidjan #foodblogger #foodphotography #Foodblogafrica #instafoodgram #foodphoto #tourism #foodfood #yearofreturn #congo #healthylifestyle #instafoodgram #foodphoto ##nigeria #ghana #travelguide #vegetables #healthyfood"
1,"Stay healthy with fresh Avocadoes, order now on Nandeen application with free delivery services
.
Ø­Ø§ÙØ¸ Ø¹Ù„Ù‰ ØµØ­ØªÙƒ Ù…Ø¹ Ø§Ù„Ø£ÙÙˆÙƒØ§Ø¯Ùˆ Ø§Ù„Ø·Ø§Ø²Ø¬ ØŒ Ø§Ø·Ù„Ø¨ Ø§Ù„Ø¢Ù† Ø¹Ù„Ù‰ ØªØ·Ø¨ÙŠÙ‚ Ù†Ø§Ù†Ø¯ÙŠÙ† Ù…Ø¹ Ø®Ø¯Ù…Ø§Øª Ø§Ù„ØªÙˆØµÙŠÙ„ Ø§Ù„Ù…Ø¬Ø§Ù†ÙŠØ©
.
Ø¨Û• Ø¦Û•Ú¤Û†Ú©Ø§Ø¯Û†ÛŒ ØªØ§Ø²Û• ÙˆÛ• ØªÛ•Ù†Ø¯Ø±ÙˆØ³Øª Ø¨Ù…ÛÙ†Û•Ø±Û•ÙˆÛ• , Ø¦ÛØ³ØªØ§ Ø¯Ø§ÙˆØ§ Ø¨Ú©Û• Ù„Û•Ú¯Û•Ù„ Ø®Ø²Ù…Û•Øª Ú¯ÙˆØ²Ø§Ø±ÛŒ Ú¯Û•ÛŒØ§Ù†Ø¯Ù†ÛŒ Ø®Û†Ú•Ø§ÛŒÛŒ
.
.
#nandeen #deliveryinerbil #freedelivery #deliveryservice #food #fruit #vegetables #pickles #nadirpickles #grocery #grocerydelivery #fastdelivery #yellow #hawlerdelivery #hawler #erbil #nandeendelivery #avocado"
6,"Pick one, relax and EnjoyğŸ˜‹#dshosgrill #lunchtime #food #rice #vegetables #",Ofada stew please
16,"Galactogogue recipes may help the increased production of breast milk. If you are already producing enough, fair warning - do not have these.â €â €â €â €â €â €â €â €â €
â €â €â €â €â €â €â €â €â €
1) Measure out 10gms (Can increase later if needed) of palm jaggery/karupatti and lightly warm it with fresh pressed coocnut milk. Do not boil. The jaggery must be crushed and heated on low flame until it melts. Use this recipe as needed, initially daily and then you could taper it out as the amount of breastmilk increasesâ €â €â €â €â €â €â €â €â €
â €â €â €â €â €â €â €â €â €
2) Roast 2-3 tsps bajra flour in 1-2 tsps ghee, after about 20-30 seconds, slowly add milk continously stirring without lumps. Add jaggeryâ €â €â €â €â €â €â €â €â €
â €â €â €â €â €â €â €â €â €
3) Roast garlic and add to kanji and vegetables daily especially in the first 10-12 days after deliveryâ €â €â €â €â €â €â €â €â €
â €â €â €â €â €â €â €â €â €
#postpregnancyâ €â €â €â €â €â €â €â €â €
#food  #easyrecipeâ €â €â €â €â €â €â €â €â €
#weightlossâ €â €â €â €â €â €â €â €â €
#motherhoodâ €â €â €â €â €â €â €â €â €
#newjourneyâ €â €â €â €â €â €â €â €â €
#lifestyle â €â €â €â €â €â €â €â €â €
#foodhabitsâ €â €â €â €â €â €â €â €â €
#production â €â €â €â €â €â €â €â €â €
#milkâ €â €â €â €â €â €â €â €â €
#vegetables â €â €â €â €â €â €â €â €â €
#recipeâ €â €â €â €â €â €â €â €â €
#mothercareâ €â €â €â €â €â €â €â €â €
#newmotherâ €â €â €â €â €â €â €â €â €
#newborn â €â €â €â €â €â €â €â €â €
#bengalurunutritionistâ €â €â €â €â €â €â €â €â €
#mumbainutritionistâ €â €â €â €â €â €â €â €â €
#pregnancynutritionâ €â €â €â €â €â €â €â €â €
#postpregnancyhealthâ €â €â €â €â €â €â €â €â €
#motherjourney",promote it on @_weightloss_transformation
24,"Out of the box freshness ğŸŠ
ğŸ“¸ @trifidmedia x @foodcrowduae",#dreamteam #trifidmedia #production #media #fun #happy #socialmedia #uae #dubai #lol #instagram #film #daily #instagood #instadaily #art #fresh #fruits #vegetables
636,There are a lot of people who must have the table laid in the usual fashion or they will not enjoy the dinner.,#vegan #veggie #vegetarian #food #healthyfood #vegetarisch #foodporn #instafood #foodie #veganfood #healthy #foodblogger #yummy #plantbased #veggiefood #vegano #veganlife #homemade #foodphotography #healthylifestyle #foodstagram #veggies #delicious #vegetables #foodlover #lunch #fitfamnl #fitdutchies #fitness #fitfam
1,"Decisions, decisions ğŸ¤”ğŸ˜…
.
.
#felix #bunnylove #girlbun #bunnyrabbit #minilopsofinstagram #petstagram #love #furkid #bunnylife #cuteness #somuchlove #littlefluffball #animallove #alfieandopal #blueeyedgirl #mylittlehoney #justlikehermum #greens #vegetables #herbs #fresh"
13,"Doesnâ€™t this pasta ğŸ meal look deliciousğŸ˜‹ ? Fully #vegetarian ğŸ¥¬ too! Eat or pass for you? Let me know in the comments!ğŸ¥¬ğŸ¥¦ğŸ¥‘
â€”
â€”
Make sure to follow @healthydiets_now for more!!
â€”
â€”
â€”
â€”
â€”
â€”
â€”
â€”
â€”
â€”
â€”
#healthy #healthyfoods #healthyfood #vegan #veganmeals #goodfood #delicious #fitness #diet #healthydiet #keto #ketodiet #healthyness #food #fitnessdiet #gooddiet #amazingfood #perfect #physicalhealth #relaxing #fruit #vegetables #meals #mealsonthego #taco #burrito #burger #pizza",Send your pic on @fitness_collage.ig,This looks delicious ğŸ˜‹ ğŸ™Œ
7,"Follow @jbauerfit to learn how to permanently transform your physique without giving up the foods or the lifestyle that you love. DM @Jbauerfit â€œREADYâ€ to learn how.
-
Full for minutes vs. Full for hours ğŸ´ğŸ’«*Swipe to see How To Stay Fuller for Longer and below for tips!
â €
â €
Itâ€™s no good feeling unsatisfied after eating... only to get hungry soon after & not be able to concentrate on work or school!ğŸ˜‹ğŸ™‡ğŸ»â€â™€ï¸
â €
â €
HOW TO STAY FULLER FOR LONGER!
â €
1ï¸âƒ£SOUP
Both healthy choices. However, choosing the Broccoli & Cheddar soupğŸ¥¦ğŸ§€ will be more filling as it is HIGHER in fat and is more calories. Eating healthy fats in your meal or a serving on the side (like nuts or cheese) will help you stay satiatedğŸ™ğŸ»
â €
â €
2ï¸âƒ£SALADS
Salads should be filling! Some lettuce leaves and a few cubes or cucumber isnâ€™t going to get you anywhereğŸ¥’ğŸ˜• Fill your salad with Good protein and fats - and use those non-starchy veggies to add VOLUME ğŸ™ŒğŸ¼
â €
â €
3ï¸âƒ£SNACKING
A lot of times, carbs by themselves arenâ€™t very fillingğŸ§ They give us a quick sugar boost (even with natural, healthier sugars like fruits) - but weâ€™re hungry again VERY shortly after!âŒ›ï¸ Add protein & fats to your snacks can help keep us FULLER for LONGER â² Try adding string cheese ğŸ§€, yogurt or skyr ğŸ¥£, or nuts ğŸ¥œ to your snacks & see if that makes a difference :)
â €
â €
4ï¸âƒ£BREAKFAST
Pair your proteinğŸ³ with additional filling foods like fat ğŸ¥‘ and non-starchy veggies (for VOLUME) to keep you full all morning long!â˜€ï¸
â €
â €
5ï¸âƒ£SMOOTHIES
RESEARCH shows ğŸ‘©ğŸ»â€ğŸ”¬ğŸ”¬that eating, or chewing food is more filling & satisfying than drinking! So eating your food will help you stay fuller for longer - instead of blending those same foods into a smoothie!ğŸ¥¤
â €
Hope you find these ideas useful!
Ideas all by @collegenutritionist
Hope you are having a nice week!
â¤ï¸
â €
#healthyfood #healthyeating #cheese #protein #nutrition #vegetables #weightlossjourney #diet #cleaneating #mealprep #recipe #paleo #healthychoices #snacks #iifym #bbg #calories #macros"
7,"I'm strengthening the kicking yoga postures. Also, today I used my legs while plowing in the garden.  I had muscle pain in my back thighs and calves. 
My leg muscles were calling for meat.
Beef steak.  Come with potatoï¼ˆfrom the gardenï¼‰and carrot salad, petit veil ï¼ˆfrom the gardenï¼‰hot vegetables, and Shogoin daikon radishï¼ˆfrom the gardenï¼‰ steak.  ARDBEG floating on PELLEGRINO.
#beafsteak#vegetables#ardbeg"
5,Working on wall paper  #wallpaper #homemade #unique #artwork #artworkoftheday #psychedelic #vegetables #colorful #artist #motheranddaughter #checosapassaqui
1,"The veggies and fruits that we get are well-maintained, hygienic, and kept refrigerated at all times.

From the store to your kitchen table, they continue to remain fresh and taste splendid after cooking.

Buy fresh and natural vegetables from Shree Thamanaa.

Please contact us: 78250 66948

Order Online: https://www.shreethamanaa.com/
Follow Us: 
https://www.facebook.com/ShreeThamanaa

https://www.instagram.com/shreethamanaa

#foodie #delivery #fresh #deals #covid #onlineshopping #dailyneeds #oneroof #shopping #freshfoods #healthygrocery #shoppingbag #marketbag #fruits #vegetables #organic"
33,"Honey roasted Aubergine, butternut squash and sweet potato on a bed of garlic infused lentils served with an avocado, rocket, spinach and pecan salad and finally topped with some coriander, pomegranates & toasted pine nuts. 

This is super quick, easy and omg SO delicious! 
.
.
.
.
.
.
.
.
.
.
.
.
.
.
.

#vegetarian #vegan #food #healthyfood #foodie #plantbased #foodporn #veganfood #healthy #instafood #foodphotography #glutenfree #homemade #yummy #foodstagram #healthylifestyle #vegetarianfood #foodblogger #vegetarianrecipes #delicious #organic #veggie #veganrecipes #indianfood #dinner #vegetables #lunch #healthyeating #govegan"
3,"Dondakaya (Tindora) Chutney Recipe is a very popular chutney recipe prepared from roasted tindora. It is also known as Dondakaya Pachadi. It tastes great with plain rice topped with ghee.
#tindora #indianfood #food #dondakaya #ivygourd #southindianfood #foodie #foodlover #vegetarian #homemade #foodporn #vegetables #comfortfood #foodblogger #foodphotography #foodstagram #tasty #indiancurry #cooking #grams #instafood #kovakkai #veggies #curry #rice #healthyfood #homemadefood #bhfyp"
4,"Did you know that you could have VEGGIES, HERBS ğŸŒ¿, and SPICES all mixed intoÂ your daily beverages with just ONE scoop??? Then MYCO VEGGIE is for YOU! ğŸ‘‰ğŸ˜Š

-Fiber
-Helps Metabolism/Weight Loss
-Has a calming effect on the body
-Packed with micronutrients
-Allows body to receive it's daily vegetable intake

Email: Anthonydxn77@gmail.com
Facebook: @DXNTony
TikTok: @superfoods4you
Instagram: @superfoods_4_you

#mycoveggie #ganoderma_lucidum
#ganocelium #dxn #holistichealth
#supernutrition #superfoods #healthylifestyle  #happylife
#dreambig #vegan #ganoderma
#fitnessmotivation #happy #happylife #world #international #mushrooms #healthyfoodie #healthandwellness #wellness #fit #healthyfoodie #foodie #greatestofalltime #vegetarian #vegetables #immunesupport #losangeles #eathealthy #germanyğŸ‡©ğŸ‡ª #usağŸ‡ºğŸ‡¸"
39,"Chicory, apple, celery, roquefort and walnut salad.
.
.
.
.
.
.
.
.
.
.
.
.
.
.
.
.
#chicory #roquefort #salad #tradition #frenchcuisine #gastronomie #cuisinefrancaise #platdujour #gastronomy #bistrot #food #walnuts #onthetable #bistrotparisien #foodporn #gourmet #gastronomiefrancaise #gourmand #cuisine #bistronomie #faitmaison #vegetables #culinary #restaurant #culinarie #bouillon #frenchfood #espritbistrot #instafood #brasserie"
4,"When People Say â€˜I Donâ€™t Agree with Those Productsâ€™

What Is It You Donâ€™t You Agree With? ğŸ¤·â€â™€ï¸
The #Fruit & #Vegetables in a Capsule? ğŸğŸ¥¦ 
The Fact we are Approved by the #FDA - #Sports #Nutrition? ğŸƒğŸ¼â€â™€ï¸ 
Bridging the Gap Between what we SHOULD #eat & What we DONT eat? ğŸ”ğŸ¥• 
#Inspiring #Healthy #Living around the #World for #Families? ğŸŒğŸ‘©â€ğŸ‘©â€ğŸ‘§â€ğŸ‘¦ğŸ‘¨â€ğŸ‘¨â€ğŸ‘¦ğŸ‘©â€ğŸ‘¦
Maybe You donâ€™t Agree with our #Farms where we #Grow our Fruit, Veg & #Berries .. & Pick them at the Right Moment? ğŸšœ 
How about the #Science Behind all our Products? ğŸ§¬ 
Or the Recommendations by Health Professionals? ğŸ‘©ğŸ¼â€âš•ï¸ 

I Know one thing for Sure ... ğŸ‘€ 

The Fact of the Matter is When Someone â€˜Doesnâ€™t Agreeâ€™ with Our Products thats Because they are just Uneducated about them ...

Could be Through no Fault of Their own ... ğŸ¤” 
Or Maybe itâ€™s just Ignorance âœ‹ğŸ¼ 

But our Products are THE MOST RESEARCHED Health & #Nutritional Products IN THE WORLD ğŸŒ 

The Likes of H&B Have Asked us to Put our Products in their #Shops ğŸ¬ & we Refused because we Like to Give our Customers a Tailored & 1-2-1 Experience with us ...

If You arenâ€™t Sure then Ask me ğŸ˜Š 
Us Reps are Normal Every Day People Just Like You ğŸ‘¯â€â™€ï¸ 
We are Just Wanting to be the #Best Advocates for a Product we Truly #Believe in & we Know Works â¤ï¸"
13,"Superfood Smoothie..
What do you put in your smoothies?
The good things with making your own smoothies you can add any fruit or vegetables you like, 
All your benefits in just one smoothie drink, 
I am adding coconut water because it has several nutrients and antioxidants so is a good source too add in your smoothie. 
Dates have at least 6 different vitamins ,
spinach, apples, cucumbers have again so many benefits,  vitamin K, vitamin A, vitamin C and folate, magnesium, iron and vitamin B2 
Chia seeds contain large amounts of fiber and omega-3 fatty acids, plenty of high-quality proteins and antioxidants so a little off this too. 
So get blending your fruit and vegetables too make a delicious smoothie too help keep you nice and healthy.

Ingredients ..
3 dates chopped 
Cup off spinach 
One red apple thinly sliced
One green apple thinly sliced
1/2 cucumber peeled and cut into small pieces 
300 ml coconut water 
1/2 Tbs Chai seeds 

Method ..
Place all ingredients in a high speed blender or @nutribullet and blend for around 60 seconds until you get a smooth and creamy texture, 
If it feels too thick add a little more coconut water, 
Taste your smoothie and if all ok pour into your glass and serve immediately,
Enjoy ğŸ˜Š 
#smoothies
#fruit
#vegetables 
#chaiseeds",".
.
#healthbenefits #healthyfood #healthy #benefitsandnutrients
#foodpics #foodphotography #foodlovee #foodpic #foodbloggers #foodgram #foodblog #foodie #deliciousfood #foodoftheday #foodiesofinstagram #foodadict #thefeedfeed  #foodporn #blogger #homecooking #yummy #healthycooking #thatsme"
2,"Countdown begins ! No more waiting.

5 Days to go!

Unravelling our Green Power house soon.
Order your freshness essentials from Krishi Basket and get it home delivered now!

We deliver Fresh Vegetables & fruits directly from the farm supporting our farmers.

Contact us to know more about us @961-1606-663, 961-1347-860. 

#farmtotable #farmtohome #farmtodoor #freshvegetables,#southbangalore #basavanagudi #farming #vegetables #fruitsandveggies #fruitsandvegetables #reasonablypriced #everydayfresh #healthyfood #healthyeating #healthyliving #healthyfood #nature #Agriculturelife #Farminglife #Farmersmarket #eatfresh #Freshfoodmovement #Newearthmovement"
0,Cooking with colour orange carrot noodles and peas with spring onion and chilli #foodprep #foodporn #food #carrots #peas #vegetables #healthyeating
0,": MINESTRONE

#cooking
#homemade
#food
#italianfood
#vegetables
#tomato
#minestrone"
9,"Follow ğŸ‘‰ @thagavalfactory
#photography #photooftheday #temple #nature #photographer #instagram #picoftheday #me #art #beautiful #photoshoot #naturephotography #plantphotography #ig #happy #instadaily #beauty #landscape #fotografia #india #sunset #smile #vegetables #realmeindia #lifestyle #photographylovers #macroshot #Thagavalfactory #realmex2 #tiruchengode"
2,"âœ¨Smile on our customer's faces is what inspires us. Thank you Ms. Dina Rashid for the support and we are so grateful for your kind words.

#happycustomer #customerreview #happycustomersmakemehappy  #feedback #happyclient #happyclientshappyme #organicfarming #organic #organicfood #farming #organicgardening #agriculture #farmlife #organicfarm #farm #assavorganics #garden #vegetables #food #farmer #organicvegetables #healthyliving #farmers"
5,"Il pranzo, quello sano. 
.
.
.
#foodie #foodstagram #food #foodphotography #foodporn #insalatadimare #vegetables #diet #healthyfood #healthy #healthylifestyle #lunchtime #officelunch #goodappetite #goodlunch"
3,"Fish ä¾¿ç•¶ğŸ±

#vegetables #cooking #japanesefood #japaneselunchbox #lunchbox  #lunchboxboy #cookingboy #å¼å½“ç”·å­ #healthyfood #healthyfoodshare #å¼å½“ã‚¿ã‚™ã‚¤ã‚¨ãƒƒãƒˆ #lunchboxdiet #bento #bentobox #beautyfood #dietfood #beauty #diet #healthy #samuraibento #å–®èº« #ç”Ÿæ´» #å¥åº·é£²é£Ÿ #è‡ªå®¶ç…® #å®¶å¸¸èœ #ä¾¿ç•¶ #ä¾¿ç•¶æ–™ç† #æ¸›è‚¥ #å¸¸å‚™èœ  #åŒæ€§å©šå§»"
0,"Health benefits of gooseberry ( AMLA ) : 

 - helps to fight the common cold 
- improves hair and skin 
- rich source of vitamin C 
- improves eyesight 
- burns fat 
- improves metabolism 
- builds immunity 

For customised diet plan call / whatsapp - 9871023135

#amla #gooseberry #healthyrecipes #diet #nutritionplan #nutritionistlife #instagramer #greens #india #vegetables #healthyrecipes #immunityboost #vitamins #minerals #activelifestyle #skincare #hair"
0,"We are opening tomorrow!
Visit Urban Greens for amazing inaugural week offers!!
#UrbanGreens #EatFreshLiveFresh #Vegetables #Veggie #Fruits #FreshVegetables #FreshFruits #HealthyLifestyle"
3,Zucchinis from the garden growing mad #foodprep #foodporn #food #zucchini #homegrown #vegetables
41,Raw beetroot burgers from yesterdayâ€™s family dinner. Grandmother thought they were very beautiful ğŸ˜,#rawfood #rawvegan #vegans #plantbased #vegannutrition #salad #goraw #fullyraw #greensalad #saladbowl #buddhabowl #nutrition #veganshares #plantbasednutrition #healthyfoodÂ  #veganmeals #veganfood #rawveganfood #rawveganfoodshare #foodshare #veganfoodshare #veganfoodie #vegetables #veggies #green #vegano #fullyrawsomeÂ #vegansofig #cleaneating,Good both for the eye and the palate!
58,"Spinach thalipith & methi thalipithğŸ˜
.
âœ…âœ…âœ…âœ…âœ…âœ…âœ…âœ…âœ…âœ…âœ…âœ…âœ…âœ…âœ…âœ…âœ…
ğŸğŸğŸğŸğŸğŸğŸğŸğŸğŸğŸğŸğŸğŸğŸğŸ
For more amazing food updates :
FOLLOW-
ğŸ‘‡ğŸ‘‡ğŸ‘‡ğŸ‘‡ğŸ‘‡ğŸ‘‡ğŸ‘‡ğŸ‘‡ğŸ‘‡
@a_garnished_bowl 
@a_garnished_bowl
@a_garnished_bowl
.
.
âœ…âœ…âœ…âœ…âœ…âœ…âœ…âœ…âœ…âœ…âœ…âœ…âœ…âœ…âœ…âœ…âœ…
ğŸğŸğŸğŸğŸğŸğŸğŸğŸğŸğŸğŸğŸğŸğŸğŸğŸ
Turn on the notification to never miss our updatesğŸ˜‡
ğŸğŸğŸğŸğŸğŸğŸğŸğŸğŸğŸğŸğŸğŸğŸğŸğŸ
#agarnishedbowl #thalipith #spinach #methi #food #foodie #foodphotography #foodporn #foodstagram #homemade #indianfood #healthyfood #vegetarian #homecooking #veggies #diabetes #delicious #trending #lunch #bhfyp #kakarakaya #organic #delicious #maharashtra #vegetables #instafood #homecookedmeal #bittergourds #periakrunch #spicy",Wow these are so beautiful,Wow served so well look so good ğŸ™ŒğŸ”¥,Delish ğŸ˜‹ and very tempting ğŸ‘Œ,Wow that's tempting
1,#farmse #farm #farmer #farmlife #freshproduce #fresh #affordable #quality #homegrown #natural #healthy #sustainable #vegetables #fruits #indianfarmers
11,Beet & Bean Burger ğŸ”!! #beetroot #blackbeans #veggiepatty #oats #plantbased #veggies #vegetables #baked #patties #burgers #glutenfree #vegan #homemade  #healthyfood #vegetarian #plantbased #herbs  #sfbayareaphotographer #bhushansphotography #travelgram #foodgram #foodjournal #travelbelly  #foodart #herbsforlife #yummy #foodporn #foodphotography #aboutthatfoodphoto #aboutthatphoto #ipreview via @preview.app,Thank you @dr_edialeherbs for curing me with your herbal products
7,"Starting my morning with a couple of slices of Wholemeal bread toasted and spread with this delicious Mandarin Marmalade made by @ravenspiritsltd. The perfect combination of Zest and Punch that marmalade should have! ğŸŠ ğŸ¥Š ...
.
.
.
#healthy #healthylifestyle #healthyliving #healthyfood #balance #wholesome #realfood #food #cleaneating #aberdeen #ukfood #aberdeenshire #aberdeenfoodie #scottishfoodie #foodblog #vegetables #colourfulfood #homecooking #cooking #recipe #marmalade #breakfast #coffee #breakfastideas #toast #toastandmarmalade",Yum this looks delicious! I love marmalade ğŸŠğŸ˜
5,"ğŸŒ±
#microgreens #cress #daikon #rose #radish #brocolli #mustard #bio #organic #seeds #micro #vegetables #herbs #vegan #vegetarian",Thank you @dr_edialeherbs for curing me with your herbal products
11,"Some perfectly packed organic broccolis going into your boxes this week ğŸ¥¦ 

Weâ€™re busy packing your boxes today ready for delivery in the morning ğŸšš 

Weâ€™ve had our best week ever since starting back in November and weâ€™re super excited ğŸ¥³ thanks to all our loyal and lovely customers - every order means so much to us! ğŸ’š 

you still have time to get your order in for delivery tomorrow ğŸ¥•ğŸ¥¦ğŸ§„ 

Thanks, 
The Roots Team âœŒğŸ¼ğŸ«",#roots #fresh #organic #smallbusiness #localbusiness #organicfruit #organicveggies #healthy #carlisle #shoplocal #supportsmallbusiness #fruitandveg #vegetables #food #veg #localproduce #homedelivery #vegbox #vegan #eathealthy #eatfresh #fruit #nutrition #cumbria #instafood #foodie #fruitandvegbox
6,"Heerlijk gezonde verse preisoep ğŸ¤ğŸ¥°

Perfecte lunch met heerlijke vitaminen!

#soup  #freshsoup #greensoup #vegetables #greenvegetables #vitamins #lunch #healthy #healthylunch #healthylifestyles #healthyfood #foodsofinstagram"
6,"DÃ©jeuner light ce midi...
.
#brocoli ğŸ¥¦ #pommedeterre ğŸ¥” #saumon ğŸŸ 
.
.
.
.
.
.
#light #lightfood #fish #vegetables #weightloss #pertedepoids #meufgeneve"
5,Steamed fresh veggies for #babybibi ğŸŒ¶ ğŸ… ğŸ¥” #bioveggies #philipsavent #lunchtime #babymeal #vegetables #healthyfood #healthylifestyle #healthyeating #healthybabyfood #foodie #foodiegram #healthyrecipes #healthyhabits #healthybaby #colors #colorsofgreece #bio #organic #nomealwithoutphilipsavent @philipsavent_gr
4,"Craving a little bit of comfort, but want the nutrition too? Our newest recipe on the blog may hit the spot. 

Kale Pepita Pesto Pasta - Pasta is the epitome of quick and simple comfort food. Give your regular kid-friendly butter noodles an upgrade with this allergen-friendly, nutrient-packed pesto pasta. With kale, pumpkin seeds aka pepitas, chickpea rotini, and peas, this easy weeknight meal will pack a healthy punch.

Link in Bio!",#yum #yummy #yumm #tasty #recipes #recipe #recipeoftheday #newpost #newblog #newrecipe #tasty #taste #eat #enjoy #allergyfriendly #allergyfriendlyfood #pasta #pastalover #pastatime #veggies #vegetables #healthy #healthyfood #lunchtime #comfort #comfortfood #kids #kidrecipes
5,"Pan-fried Trevally on ratatouille, topped with leftover tabouleh ğŸ˜†...a real cultural melting pot lol...500 cals
#food #dinner #eat #fish #trevally #ratatouille #tabouleh #foodpic #foodpics #lowcalorie #lowfat #lowcarb #loseweá»‹ght #diet #changeitup #keto #vegetables #cultura #yum #thursday #fresh #herbs #snack #photography #cooking #cook #homemade #cleaneating #clean #tag"
22,#lunch#vegetables#gegrildekikkererwten#jamboncru#yummy#oeufs#tomates#salades#frenchtoast#foodies#foodstagram#instafood#goedeten#healtyfood#chefslife#decorationculinaire#foodartblog#recettes#cuisiner#lovecooking#foodphotographers#homemade#passioncuisine#foodcolorğŸ¥°
2,"KaleraÌb, zemiaky, kÃºsky kuracieho masa  a olej#colewort#potatoes#oil#babymenu#cobudednestadeasjest#detskeprikrmy#foodfortoddlers#foodforbabies#manzelove_hrnce#dnesvarimpretadeasa#foodstagram#instafood#zdravoachutne#healthyfood#healthyrecipes#healthylifestyle#healthyrecipesforkids#vegetables#"
6,"Did you know?! 

Bees are the reason your Valentine's Dinner tastes so good. Without bees at least 400 agricultural species and foods wouldn't exist!

Also, without bees we wouldn't have beautiful flowers.ğŸŒ¹ğŸŒºğŸŒ¼
1 out of 6 of the world's flowering species wouldn't exist without bees! A single honey bee can pollinate tens of thousands of flowers a day, and an entire colony can effectively pollinate millions of flowers a day! ğŸ

#bees #honeybees #lovebees #pollinators #pollination #flowers #roses #food #plants #plantspecies #vegetables #veggies #dinner #romanticdinner #valentines #valentinesdinner #stvalentine",True story âœ”ï¸ ğŸ‘
0,"Covid-19 is still there, do not forget to take your vitamin C. Semo-C is one of the best vitamin C boosters available.
Order online at: www.dkmart.pk or Call us at: +92 317 1170037.

#DKMart #Fresh #BestQuality #Vegetables #Fruits #Grocery #Essentials #OnlineStore #OnlineShopping #Delivery #Karachi"
3,#chiken #vegetables #healthyfood
11,Reunion dinner 2021 #reuniondinner #happychinesenewyear2021 #poonchoi #prawns #abalone #chicken #mushrooms #vegetables #reuniondinner2021 #cny #igfood #foodie #foodheaven #instafood #food #foodphotography #foodporn #foodstagram #foodography #foodlover #foodaholic #foodisfuel #foodislife #foodpassion #foodvsco
12,"Dagens suppe: lÃ¸gsuppe med sprÃ¸de croutoner - 60,- tag den  med hjem og varm selv ğŸ˜›  #takeaway #onionsoup #coffee #vegetables #organicfarming #sustainablefish #farmshop  #coronalockdown #restaurantisydhavnen #freerange #landwein #naturalwine #cheese #hÃ¸ost #bisserupfisk #ryebread #focaccia #localproduce  #biowine #naturalwine #bÃ¦redygtig #sustainability #restaurantvandvid #localreataurant #floatingrestaurant #copenhagendining #teglholmen #sluseholmen #sydhavnen"
5,"A day for learning with the snow coming down fast! 

ğŸ¥¬
ğŸ¥¬
ğŸ¥¬
#farmersmarket #shoplocal #eatlocal #local  #foodie #vegan #food #handmade #biodiverse #market #farmlife #farm #buylocal #farmer #farming #supportlocal #healthyfood  #knowyourfarmer #eatfresh #healthy #fresh #smallbusiness #localfood #shopsmall #locallygrown #farmtofork #community #vegetables #tipperary"
16,"Day 11: mulch ğŸŒ±ğŸ’©ğŸŒ±
Here's a few ingredients for making great mulch or compost ğŸ’©ğŸ’©ğŸ’©. Great for composting, no dig beds, pots or fertilising the ground in any way.
#horses #compost #vegetablegarden #vegetables #workinghard #mates #progress #worms #poop #allotmentuk #compost #beverleycouncil #gardening #garden #kids #lockdownfun #homeschooling #excercise #rspb_love_nature #mulch #birdwatching #winter #green #ourfamily #growyourown #greenwaste #allotmentuk #allotment",That's a nice composter. I might have to convince my slave/brother to build me one! ğŸ˜‰
16,"ğŸ…ğŸ¥’Chopped Persian Cucumber Salad to power-pack your day ğŸ¤¤ by @cleanfoodcrush 6 servings
.
Follow us @veganfood_hub for more vegan recipe ideas ğŸ’šğŸŒ±
. 
.
ğŸ“‹Ingredients:
3 Tbsps extra virgin olive oil
3 Tbsps fresh lemon juice
sea salt and freshly ground black pepper, to taste about 1/4 teaspoon each 
1 lb. Persian cucumbers (or seedless cucumbers)
4 green onions
1 bunch Italian parsley 
1 lb. fresh ripe red tomatoes, mostly seeded

Instructions:

In a small glass bowl, whisk your olive oil, lemon juice, sea salt and pepper; set aside.

Gently scrub your vegetables then thoroughly rinse under cold running water. 
Slice cucumber in half lengthwise then dice into cubes as shown.

Chop your green onions and dice the tomatoes. I discarded most of the tomato seeds for this salad.

Remove most stems from parsley, then chop the leaves.

In a large salad bowl, gently combine diced cucumber, onions, tomatoes and parsley.

Drizzle your prepared dressing over the veggies and gently toss until evenly coated.

Refrigerate for at least 15 minutes to allow the flavors to blend.

Enjoy! â¤Rachel !!

ğŸ¥‘ğŸ… Get Our new 100+ Delicious Vegan Recipes For Weight Loss, Clearer/Smoother Skin and A Healthier Lifestyle. ğŸ‘‰ Link in BIO @veganfood_hub","#vegan #plantbased #healthy #health 
#eattherainbow #meatfree #dairyfree 
#weight #eatyourvitamins #vegetables 
#veganfood #vegan #govegan #veganaf 
#vegancooking #veganfoodshare 
#veganart #vegancomfortfood #veganonabudget 
#veganfoodshares
#vegan4life
#torontovegan
#slimmingworldvegan
#sejavegano
#recetasveganas"
2,"Chicken and vegetable quiche 
#chicken #vegetables #quiche #teasnacks #tastyfood"
10,"Awesome delivery from @riverford.

Organic produce at its very best, time to get to work in the kitchen on some of our new menu.

#bathurstarms #northcerney #Cheltenham #Cirencester #cotswold #cotswoldlife #pub #food #foodieÂ  #family #community #takeaway #valentines #valentinesday #loveisintheair #organic #fresh #fruit #vegetables #riverfordorganic",Those chillies would go well on our pizzas ğŸ• ğŸ˜
2,"2021.2.11ğŸŒ§
HAPPY NEW YEAR~~!!!ğŸ‰ğŸ‰
#happynewyear#thursday#evening#homemade#traditional#food#fish#chicken#meat#beef#vegetables#soup#spring#coming#tasty#delicious#my#daily#life#goodtimes#enjoy#instafood#instapic#foodporn#happy#day#time#yummy#sweet#"
49,"Japanese Cutlet Curry(#è±¬æ’å’–å“©é£¯ï¼›#ã‚«ãƒ„ã‚«ãƒ¬ãƒ¼)

When I was in Japan I loved this dish! The curry has a wonderful sweetness and the pork's outside is curnchy with the inside being very juicyğŸ˜‹ğŸ˜‹.

For the curry I just used vegetables (carrot, leek, oyster mushrooms, onion, just any vegetables in my fridge).
I used butter to fry all vegetables first, added the water and  brought it to the boil and cooked until they became soft. Then add the @sbfoods.official golden curry, use a low heat to let it cook for while. Then add the dark soy sauce. It gives a deep flavour and nice colour.

I baked the cutlet rather than frying. Firstly I marinated with sake, soy sauce, a pinch of sugar and cornflour. Then cover with pankon (or you can add pinch of salt then cover with flour, beat egg then cover with pankon), put it into the oven 200/220 degrees for 30 minutes. 
I really recommend frying the pankon with a little oil first to give it a nice colour.

What is your favourite curry?
.
.
.
.
.
.
.
.
.
.
.
.
.
.
.
.
.
.
.
.
.
.
.
.
.
#pork #curry #vegetables #cutlet #porkchops #porkchop #porkcutlet #freshvegetables #currylover #organicvegetables #japanesecurry #goldencurry #currystagram #porksteak #currysauce #curryandrice  #currylove #porkcutletbowl #instacurry #eatvegetables #porkfillet #myformosafood #ukfoodie #twfoodie #recipeshare #dinnertonight #dinnertime #easyrecipesathome",love these shots! i looove japanese curry ğŸ˜ğŸ˜ğŸ˜,Ohhh yes one o my favorite ğŸ‘ğŸ˜ğŸ˜ğŸ˜,This looks soooo good and so perfect! Making me hungry ğŸ˜®,Perfect japanese curry ğŸ¤© and love that egg ğŸ‘ğŸ‘ğŸ‘,Love Indian curryğŸ˜‹ğŸ˜‹,I love Japanese curry the most because it is delicious and the smell is not too strong. ğŸ¤¤ Your dish is so beautiful as alwaysâ¤ï¸â¤ï¸â¤ï¸
7,"Creamed mushrooms on toast, with spring onions ğŸ¤© I have been craving this allllll week and it didnâ€™t disappoint!! Iâ€™m actually enjoying not eating until 11am because Iâ€™m being a bit more indulgent when I do eat ğŸ˜‚ 

#postpartum #postpartumjourney #pregnancy #gestationaldiabetes #GDbaby #GDpregnancy #homecooking #weightloss #babyweight #diet #health #fitness #healthyeating #healthyfood #nutrition #food #instafood #dietplan #foodideas #breakfast #lunch #dinner #reducingtype2 #type2diabetes #fruit #vegetables #newyear #newgoals"
5,"It's not just the zucchini (courgette) itself you can eat. I eat the flowers and the younger leaves as well. The leaves are a little spiky raw but they taste good sauteed.  It's a great way of adding more leafy greens to your diet.
.
.
.
. 
.
.
.
#dietitian #rd #rd2be #growyourown #gardening  #foodfromhome #gardentofork #gardentoplate #harvest #harvesting #amateurgardener #climatechange #sustainable #sustainableeating #green #vegetables #plantbased #food #yum #nourish #diet #healthylifestyle #savethearth #sustainableeating #plantbaseddiet #zucchini #courgette #courgettes #courgetterecipes"
18,"Quick lunch ğŸ˜‹
Avocado toast & veggie stew. 

#Lunch #Avocado #AvocadoToast #Avocat #Vegetables #VegetablesStew #Kiwi #Legumes #Potager #Pomegranate #Goji #Raspberry #Blueberry #Kumquat #CreamCheese #Toast #Bread #RecetteSimple #RecetteFacile #Cuisine #InstaCuisine #Saveurs #FaitMaison #HomeMade #CuisineMaison #InstaMood #Recipe #FoodLover #Healthy #HealthyFood #FaitMaison"
3,"Healthy seeds for your dietary needs !
#sunflowerseeds #sunflower #sunflowers #sunflowerfield #chiaseeds #bees #girassol  #sunflowertheme #sunflowersunday #sunfloweraesthetic #flaxseeds #chiaseeds #hempseeds #healthyfood #pumpkinseeds #vegan #sunflowerseeds  #glutenfree #omega #garlic #flaxseed #sesameseeds #vegetables #seeds #cauliflower #greenbeans #frozenvegetables #mixedvegetables #PalmTree #naturaloils #Vitamins #Multivitamins"
15,Cook idea ğŸ’¡ #cooking #cookingathome #cookingtime #healthyfood #healthyeating #cookingwithlove #eggs #eggsğŸ³ #vegetables #eggfast #egggang #tomato #tomatoesğŸ… #sweetpeppers #chickpeas #mediterraneanfood #italianfood #foodporn #foodphotography #foodblogger #foodlover #foodstagram #foodpic #instafood #instafoodgram
4,"Love to try new veggies. #vegetables 
#califlower"
12,"My fridge ğŸ¥¦ğŸ¥¬ğŸ¥’ğŸ¥•ğŸŒ½ğŸ†ğŸ«‘ğŸ¥‘ğŸ ğŸŒ½ğŸ¥”ğŸ§„ğŸ§…ğŸ’šğŸ’šğŸ’š
.
.
.
.
.
#vegetables #myfridgeisfull #myfridge #healthylifestyle #healthyeating #lifestyle #greens"
5,"Healthy living. We find ways to save money. We no longer buy spinach, spring onion. Soon we wonâ€™t buy tomatoes and watermelon ğŸ¥°ğŸ¥°. #savemoney #healthylifestyle #healthyliving #vegetables"
1,"My morning brunch ... ğŸ˜‹ğŸŒğŸ±
#breakfast #lunch #rice #ricemeal #okra #vegetables #maling #luncheonmeat #meat #friedrice 
*No copyright infringement intended",Great brekkie right here! Happy Thursday!
11,"cheese & wonton fries ğŸ§€

#food #foodporn #foodie #instafood #foodphotography #foodstagram #yummy #instagood #love #foodblogger #foodlover #chef #chefstagram #chefstable #delicious #homemade #healthyfood #photooftheday #vegetables #foodgasm #foodies #tasty #cooking #instadaily #travelgram #travelblogger #restaurant #instagram #healthy #igersjp"
109,"This recipe of Torai ki sabzi is very popular in our otherwise meat-loving home.

Itâ€™s a simple recipe which can be cooked every once in a while to break the monotony of non-veg food.

You will find the video tutorial in the highlight under the name â€œMeatless Mealsâ€.

Hereâ€™s what you need:

1 kg torai, peeled and cut into cubes
1/2 cup cooking oil
1/2 tbs ginger garlic paste 
1 tbs red chilli powder 
1 tsp salt or to taste
1/2 tsp turmeric powder 
3-4 medium tomatoes, chopped
5-6 green chillies 
10-12 curry leaves 
Ginger for garnish

Method:
Heat oil in a pan and add your cut up torai to it. Add ginger garlic paste, red chilli powder, salt and turmeric powder and give it a good mix. Then add chopped tomatoes, chopped green chilies, and curry leaves. Give it a good mix again for about a minute, then cover the lid and on a very low flame let it cook for 15-20 minutes. Bhuno after 20 minutes for about 8-10 minutes. Garnish and serve!

This is my mumâ€™s recipe. Do try it and say a little prayer for her if you like it ğŸ’•

#cookingwithrida #meatlessfebruary #vegetables #torai #toraikisabzi",Ufff this looks zabrdast,This is looking super yum ğŸ˜ğŸ’›,"I make it ditto same, just an addition of kalongi and zeera with curry leaves ğŸ™Œ wouldnâ€™t make it any other way! Looks delish â¤ï¸",#pakistanifoodblog #pakistaniblog #karachifooddiaries #karachifoodblogger #cookingblogger #cookingblog #recipeblogger #kitchentour #desifoodlover #pakistaniblogs #easyrecipes #gharkakhana #pakistanifoodbloggers #islamabadfoodbloggers #dawndotcom #dawnnewstv #dawnnews,Love for turayi is eternalâ¤ï¸ looks so good,I love torai too! So simple and doableğŸ˜ love love â¤ï¸,This looks so good ğŸ˜,Yum so delicious Rida. I love torai ki subzi and the addition of curry leaves sounds amazing. Well definitely try it â¤ï¸â¤ï¸,Love torai yummmy,Looks sooo scrumptious!!! Gonna try it
10,"Chinese New Year Special - Spring Rolls

Happy Chinese New Year! ğŸ§§ğŸ‡ 
.
.
.
#springrolls #vegetables #chicken #chineserolls #asian #chinesenewyear #gonxifacai #malaysia #foodblogger #homecooking #foodie #indianmalaysian"
20,"ğŸŒ± Process  1 ğŸŒ± <<<>>> 
#vegetablegarden #vegetables #cheflife #2019"
2,"Good meals today - breaking another 36 hour fast ğŸ‘ #breakfast #lunch and #dinner all #lowcarb #noaddedsugar and full #vegetables for dessert a low carb homemade chocolate slice with a cacao cream on top (a little dry but still nice ğŸ˜‚)

#healthyeating #goodfoods #eatwell #fasting #intermittentfasting #healthy #healthyfoods #bigbreakfast #lowcarbslice"
13,baked vegetables ğŸ˜‹ğŸ˜‹â¤ï¸ homemade #foodphotography #foodporn #foodie #foodstagram #foodblogger #foodiesofinstagram #food #baked #bakedveggies #vegetarianrecipes #vegetables #homemade #cheese #cheeselover
44,"#Repost @senhor.uva

Did you know that our chef @stephaudet had a blossoming career in Canada before moving to Lisboa. âœˆï¸â˜€ï¸

Executive chef of multiple restaurants, founding member of the women's chef association, a published cook book under the belt and a long track record in consultation and education.

Starting over with a blank page can be scary sometimes, but also exciting and life changing.

Without taking risks, you never know what you can achieve. 

After taking the leap, she is happy as can be with her new life and career. Let's hope she can get back in the kitchen as soon as possible.

#reachforyourgoals
.
.
.
.
.
.
.
.
.
.
.
.
.
.
.
.
#lisboa #lisbonfood #lisbonfoodies #restaurant #winebar #winesofportugal #wine #food #chef #sommelier #cheflife #senhoruva #organic #healthyfood #farmtotable #local #localproduce #natural #naturalwine #naturwein #vinnaturel #vinvivant #vininaturali #vinhonatural #vegetables #eatlocal #nattywine #realfood"
6,"Been a while since I have posted something. Sorry fam! Tonight's dinner dish ğŸ¤¤
.
.
.
Calories: 459
Carbs: 17.5
Fat: 9.3
Protein: 69.2
Note: You also add in some rice which I did after the photo. 
#healthymeals #dinner #chickenmince #vegetables #macros #CalorieCounting #easyrecipe #healthylifestyle #homecooking #protein #trackingsmacros #nutrition #instarecipes"
5,DeÌjeuner en teÌ‚te aÌ€ teÌ‚te avec ma preÌ-ado ğŸ˜ŒğŸ¥° #pokebowl #bowl #vegetables #sushirice #katsufish #poissonkatsu #panko #babyspinach #carrot #corn #redcabbage #cucumber #soybeans #pickledginger #coriander #friedonions #homemadefood #instacook #instafood #foodstagram #lunch #instafamily #destockagesbordeaux
6,"I received a call yesterday from one of my most fervent cooking class participants. Even though it has been almost a year since I have conducted in person classes, when it came time for her to send thank you gifts to dear friends she thought of my cookbooks and asked if I would send out 3 sets. â€œOf courseâ€, was my answer to which she followed with, â€œwhen is your next book coming out.â€ It has been 5 years and I have started many, and obviously finished none. BUT the wheels are spinning and these are some illustrations done by my incredibly talented partner and husband that serve as my inspiration will be gracing the pages. For those of you familiar with me and the Optimal Kitchen, I donâ€™t think anyone will be surprised that the protagonist of my next book will be the all all mighty fruit and vegetable kingdom. May I remind everyone that fruits and vegetables are where we get all of our vitamins and minerals. And if you want to argue about the importance of nutrients in animal protein like beef, might I remind you that cow gets all the nutrients it needs to thrive from the grass. Plants give us everything we need, everything else is treat. #goodhealthstartswithgoodfood #eatlocal #eatyourveggies #eathealthy #eatclean #plantbased #plantbasedmeals #plantbaseddiet #fueledbynature #fuelyourbodyright #plantpowered #vegetables #fruit #eattherainbow",Go Heather! Canâ€™t wait! ğŸ¥‘ğŸ¥¬ğŸ¥¦ğŸŒ¶ğŸ¥•ğŸŒ½
6,Throw out a few apples ğŸ for the blackbirds at the moment they are struggling for food #gardentools #kitchengarden #allotmentlife #vegetables #apples #blackbirds @bto @rspb_love_nature  #gardeningtips,Just handed out fresh cookers to my impatient blackbird brood too!
2,"Lowest price shop to save your money on your all daily needs. ğŸ˜Š

Collect maximum points to win an exciting â€œBajaj Pulsar Bikeâ€ on your purchase.

For more info call â€” +91 9741883107

ABC IKON, Robertsonpet, Opposite Post office, Kollar Gold Field, Karnataka.

#VomantoMart #Mart #Discount #Offer #BestOffer #LowestPrice #WinBike #WinPulser #ShoppingMart #Shopping #GroceryStore #Grocery #ShoppingTime #Fruits #Vegetables #Men #Women #Kids #Toys #Karnataka"
5,"There is a huge variety of Vegan protein sources available for those following a plant based diet. Eating a combination of these foods daily can help provide complete protein and keep meals interesting. 

For more such information and weight loss secrets join our seminar. Text us on (link in bio) or DM us for all the information. 

#24FitAlive #Healthyliving

#vegandiet #fitness #weightloss #weightlossjourney #weightlosstransformation #healthy #weightlosstips #weightlossadvice #weightlossfoods #healthyfood #weightlossstories #healthtips #healthcoach #wellnesscoach #wellnesstip #fitnesswebinar #exercisesforweightloss #vegan #fruits #vegetables"
103,"Did you know that our chef @stephaudet had a blossoming career in Canada before moving to Lisboa. âœˆï¸â˜€ï¸

Executive chef of multiple restaurants, founding member of the women's chef association, a published cook book under the belt and a long track record in consultation and education.

Starting over with a blank page can be scary sometimes, but also exciting and life changing.

Without taking risks, you never know what you can achieve. 

After taking the leap, she is happy as can be with her new life and career. Let's hope she can get back in the kitchen as soon as possible.

#reachforyourgoals
.
.
.
.
.
.
.
.
.
.
.
.
.
.
.
.
#lisboa #lisbonfood #lisbonfoodies #restaurant #winebar #winesofportugal #wine #food #chef #sommelier #cheflife #senhoruva #organic #healthyfood #farmtotable #local #localproduce #natural #naturalwine #naturwein #vinnaturel #vinvivant #vininaturali #vinhonatural #vegetables #eatlocal #nattywine #realfood",We canâ€™t wait to see her again smiling behind that counter â¤ï¸ğŸ™ŒğŸ”¥,"Proud of you, sista!! ğŸ‘ŠğŸ¾"
11,"ğŸ
You are my fine-apple! 

#pineapple #brunch #easybreakfast #breakfastidea #brunchbuffet #brunchplate #healthyeating #lowcarb #foodadventure #foodblogger #foodartist #foodartblog #fooddecoration #fruitdecoration #fruitsalad #vegetables #fooddecor #colourfulfood #foodmood #fruitexplosion #foodvibes #foodporn #lowcarbliving #healthyfood #healthybreakfast #healthy #frÃ¼hstÃ¼ck #frÃ¼hstÃ¼cksideen #ananas #gesundesessen"
15,"Heute gibt es mal wieder gerettete Lebensmittel. Da ich vorher nie weiÃŸ, was in der TÃ¼te ist, Ã¶ffne ich sie immer gespannt und voller Vorfreude. Heute bin ich besonders glÃ¼cklich, denn ich liiiiiebe Brokkoli und Salat. Aber Ã¼ber den Rest freue ich mich auch â€“ vor allem, weil das leckere GemÃ¼se nicht in der Tonne landet.
â€¢
â€¢
Today I saved food from the garbage can again. Since I never know what is in the bag, I always open it curiously. Today I'm more than happy, because I loooove broccoli and lettuce. But of course I'm also happy about the rest - especially because the delicious vegetables are not thrown away.
â€¢
â€¢
#toogoodtogo #alnatura #biogemÃ¼se #lebensmittelretten #zerowaste #foodwaste #broccoli #brokkoli #letuce #salat #foodsharing #vegetables #paprika #pepper #weintrauben #grapes #pakchoi #reducefoodwaste #foodlover #surprisedinner #instafood #ichliebekochen #ichliebegemÃ¼se"
12,"â˜€ï¸Todayâ€™s breakfast - granola chunks with milk and fruits .
.
.
.
.
.
.
.
.
.
.
#vegan #vegetarian #vegetables #greenheaven #fruitsheaven #realcandy #greens #greencandy #loveyourgreens #loveyourtommy #realsugar #healthywaytoloseit #healthyway #sundmad #mad #sundt #godkombiantion #goodvibes #goals #bodygoals #ØµØ­Ø© #Ø§ÙƒÙ„_ØµØ­ÙŠ #ØµØ­ØªÙƒ#breakfast

#Ø´ÙŠÙ_Ø´Ø§Ù‡ÙŠÙ†_Ø¯Ø¹Ù…_ØµÙ†Ø§Ø¹_Ø§Ù„Ù…Ø­ØªÙˆÙ‰ #Ø¯Ø¹Ù…_ØµÙ†Ø§Ø¹_Ø§Ù„Ù…Ø­ØªÙˆÙ‰_Ø´ÙŠÙ_Ø´Ø§Ù‡ÙŠÙ† #Ø¯Ø¹Ù…_Ø§Ù„Ù…Ø­ØªÙˆÙ‰_Ø³ÙÙŠØ§Ù†_Ø§Ù„Ø­Ø³ÙŠÙ†ÙŠ"
19,"..for greens on your table, please visit and shop @pedrofarms..

#PedroFarms #SupportLocalPh #greens #vegetables #healthyfood #healthylifestyle #healthyeating #healthychoices"
7,"Fresh, crunchy and tasteful, our Giardiniera will charm you! ğŸ”ğŸ‡®ğŸ‡¹ğŸ˜"
34,"English below â¬‡ï¸
Prima â¡ï¸ Dopo
Il segreto della nostra giardiniera sono le verdure fresche a km. 0, che vengono subito lavorate a mano.ğŸ¥•ğŸ†
Proprio per questo motivo non Ã¨ sempre disponibile, amiamo darvi sempre il massimo rispettando la stagionalitÃ  e la freschezza dei prodotti â¤ï¸ğŸ‡®ğŸ‡¹

Before â¡ï¸ After
The secret of our Giardiniera is that the vegetables are fresh and km. 0.ğŸ¥¦ğŸ…
That's the reason why the Giardiniera is not always available, we love to respect the seasonality and the freshness of the vegetables â¤ï¸ğŸ”ğŸ‡®ğŸ‡¹"
39,"ğ™ˆğ™ğ™¨ğ™¤ ğ™ğ™–ğ™¢ğ™šğ™£ ğ˜½ğ™¤ğ™¬ğ™¡

I love ramen noodles. Add some miso broth, fresh veg and prawns and it's perfect.

This is so quick, easy and healthy. You don't even need to cook your veggies, although I did in this instance.

You can add any combination of veggies(cooked or raw), meats, broths, toppings. The possibilities are endless. 

The Recipe:
Make your miso broth, I added a an extra dash of light soy sauce, rice wine vinegar and siracha sauce to mine, place your noodles in it and cook them as per the instructions.

Meanwhile, if you want to cook your veg, heat a little vegetable oil and toasted sesame oil in a pan and add finely sliced garlic and ginger and cook it on a low heat. Don't let it burn. Add your veggies and cook them just enough to keep the crunch. I kept everything separate so I can arrange it nicely. Sprinkle the garlic and ginger over. I left the shredded carrots and spring onions raw. 

Place you're noodles in a bowl and pour in the broth. Arrange your veggies.

For the prawns (or other meat) Optional: In the same frying pan, or a separate one, heat a little oil and cook the prawns on a medium heat. Add soy sauce and some black pepper and cook them off. Add to the noodle bowl.

Sprinkle with white and black sesame seeds, fresh cut spring onions and eat!",Yummy minus the ğŸ¤ğŸ˜¬ğŸ˜¬ğŸ˜¬ğŸ¤©,That looks great ğŸŒŸPlease check out our profile ğŸ”ğŸ™Œ,What a lush ramen bowl ğŸ˜,So many yummy flavours,#ramen #ramennoodles #noodles #japanese #misosoup #miso #vegetables #prawns #japanesefood #foodphotography #foodporn #foodie #instafood #igfood #foodpost #foodblogger #foodpic #foodiegram #foodgram #foodgasm #food52 #food #foodstagram #instagood #tasty #foodiesofinstagram #soulfood #healthy #healthyfood #eeeeeats
9,"ğŸ¤¤LE BONHEUR FAIT MAISON ğŸ¤¤ 

Pour bien se rÃ©galer, il suffit de bons ingrÃ©dients de base... et des amis pour partager ! 

@reane_89 bday 

#food #instafood #foodlover #healthyfood #healthy #legumes #vegetables #fruit #canadianbuffet #potluck #color #colorfull #gourmand #birthday #peperoni #peperonimarinato #kartofellsalat"
10,"ğŸ«ğŸ¥ğŸŠğŸŒğŸğŸ‹ğŸ“ğŸ†ğŸğŸğŸ¥”ğŸ‘ğŸ¥­ğŸ§„ğŸŒ¶ğŸğŸŒ½ğŸ¥¬ğŸ¥¦ğŸ‡ğŸ’ğŸ‘

BOOKS NOW CLOSED FOR FRIDAY!!

SATURDAY DELIVERIES LEFT ONLY

Thanks again to everyone who has ordered, another great week at toddys.

Had to share this little snack Iâ€™ve just demolished in less than a minute ğŸ™„

Tried our hand at some homemade bread which wasnâ€™t a complete disaster, toasted with mozzarella cheese and spring onions 
ğŸ‘ŠğŸ½ğŸ‘ŠğŸ½ğŸ‘ŠğŸ½ğŸ‘ŠğŸ½ğŸ‘ŠğŸ½ğŸ‘ŠğŸ½ğŸ‘ŠğŸ½ğŸ‘ŠğŸ½ğŸ‘ŠğŸ½ğŸ‘ŠğŸ½ğŸ‘ŠğŸ½

For all enquiries 

Call or message 

07534366521

Email:toddysfruitandveg@gmail.com

Or visit our website 

www.toddysfruitandveg.co.uk
ğŸ¥•ğŸ¥­ğŸğŸ¥¬ğŸŒğŸ§„ğŸğŸ…ğŸ¥’ğŸŠğŸ¥ğŸğŸŒ¶ğŸ“ğŸ¥¥ğŸ’ğŸ‘ğŸğŸ‡ğŸŒ½ğŸ‰ğŸ‹ğŸ¥¦ğŸ†ğŸ¥‘ğŸˆğŸ’ğŸ¥¥ğŸ…ğŸ¥­
 
#food #goodfood #freshproduce #marketfresh #instafood #greengrocer #fruit #healthyfood #health #vegan #vegetables #naturalrainbow #boxdelivery #toddington #bedfordshire #buckinhhamshire #hertfordshire #freshfood #market #supportlocal #localbusiness"
44,"Vegan veggie pan full of joy ğŸ˜‚ with potato cookies mmm ğŸ˜
ğŸ’•ğŸ’•happy ThursdayğŸ’•ğŸ’•

#veggie #veggiefood #vegetarian 

.
.
.
.
.
.
.
. .  #foodlover #foodies #selfmade #allmine #healthy #healthyfood #awesome #perfect  #grandma #foodporn #foodgram #veggies #simple #easy #homemade #vegetables #meal #easyrecipes #yummy #delicious #vegan",Looks fantastic ğŸ‘ğŸ‘
75,"Valentineâ€™s Glass Vase 2 Ways: Bright Pink, Hypericum and Bananas Leaves or with Pink and White Striped Roses. Available in our store or for Curbside Pickup tomorrow. ğŸ’•ğŸ’•ğŸ’•
â£
â£
â£
â£
â£
#tonystips #bakery #russos #tonystips #fruit #vegetables #bread #bakery #familybusiness #tonyrusso #watertown #newton #boston #cambridge #organic #flowers #plants #cheese #apples #tlowers #local #whatsinyourmarket? #valentinesdays #plants #pink #love #bemine"
6,"âœ¨

#wellness #goodlife #aesthetic #sport #goals #lifestyle #quote #balance #wellbeing #vegetables #moodboard #nutrition #food #lemon #lemonwater #glow #yoga #strech #mobility #mobilitytraining #workout #vibes #pilates #juice #newbalance990 #newbalance"
8,#veggiefood #vegetables #veggiemeal #filledmushrooms #risotto #fetacheese #feta #veggie #yummy #selfmade #helthy #healthyfood #healthylifestyle #healthylife #healthyeating
18,"Honey Garlic Cauliflower Fry!
Link in Bio! #kalluskitchen27",#cauliflower #vegan #food #foodie #healthyfood #foodporn #instafood #foodphotography #vegetarian #broccoli #healthylifestyle #vegetables #keto #dinner #yummy #plantbased #homemade #foodstagram #lowcarb #veganfood #delicious #healthy #homecooking #glutenfree #carrots #cabbage #veggies #garlic #cauliflowerrecipes
1,"It's recommended that we wash fruit and vegetables before we eat them to ensure they are clean and to help remove bacteria from the outside.â €â €â €â €â €â €â €â €â €
â €â €â €â €â €â €â €â €â €
By washing in filtered water, youâ€™ll be able to reduce contamination that would otherwise come from the chlorine, fluoride, and other chemicals in our drinking water. With cleaner fruits and vegetables, youâ€™ll be able to enjoy them both raw and cooked, without worry. â €â €â €â €â €â €â €â €â €
â €â €â €â €â €â €â €â €â €
â €â €â €â €â €â €â €â €â €
â €â €â €â €â €â €â €â €â €
#ecowaterlife #ecowatersystems #ecowatereurope #vegetables #meatfreemonday #vegetarian #homegrown #cookingfromscratch #vegetablegarden #greenhousegrown #vegetables"
0,"130 for 2kg, free shipping cash on delivery available 

#vegetablestirfry #vegetablesgarden #plantslovers #plantslover #plantshopping #vegetableslover #terracegardens #vegetablesofinstagram #plantshelfie  #vegetablesoup #vegetables #terracegardenstories #plants #plantsagram #myterracegarden #terracegardening #plantsathome #plantsarefriends #plantsmakepeoplehappy #terracegardeningğŸ€ #vegetablesalad #plantshop #terracegarden #vegetablestew #plantsmakemehappy #vegetableseeds #vegetablestock #plantsinfocus #plantscout #plantsheal"
11,××¨×§ ×›×ª×•× #soup #food #foodie #foodporn #instafood #yummy #delicious #dinner #foodphotography #healthyfood #vegan #homemade #foodstagram #lunch #cooking #foodblogger #homecooking #soupseason #foodlover #chicken #vegetarian #comfortfood #noodles #healthy #tasty #souprecipe #healthylifestyle #vegetables #foodgasm
13,"https://youtu.be/3IR9kRVyiVA

Ingredients:
Peas  and Potato, Onion, Cabbage, Carrot, Capsicum, Paneer, Red chilli sauce, green chilli sauce, lemon juice, Mayonnaise, green chutney, chapati, Oregano, cheece, Spices

#Healthy  #NP_C #np_cooking_studio #Peas  #Potato  #vegetables  #recipe  #protein  #food  #recipe #yummy #instagram #foodpics #like #follow #breakfast #picoftheday #foodblog #photooftheday #foodpic #homemadefood #cookingtime #foods #eating  #indianfood #How to #Cook #tasty #recipe #Indian #food 

follow us on Instagram

https://www.instagram.com/invites/contact/?i=1nplut86vs4ql&utm_content=hs1ar30

follow us on Facebook

https://www.facebook.com/NPCookingStudio"
14,"Here we are! Ready, with the best quality Italian fruits and veg in Barnes! #italian #fruits #vegetables #london #barnes #shoplocal #byulocal @barnesdayout @la_sovrana_italian_az.agricola",Wow thatâ€™s amazing!!! Congratulations ğŸ‘ I wish I still live in Barnes ğŸ˜‚
22,"My day summed up âœ¨

I was so interested to see how my eating habits looked on a plate.

It's so easy to post things and represent how you 'want' your day to look, but I often have people messaging me, asking how I maintain the 'daily slog' of pointing and counting. Usually making reference to healthy eating and the upkeep of low calorie, fullfilling meals. 

I'll be honest, it's hard.

So I thought instead of posting one-by-one meals, I'd post my full day - yesterday I went on a 5k run (walked some because I'm a beginner to the sport) but I pushed myself! And so my body needed fuel. I had 3 substantial meals, all filing and healthily prepared, whilst still appealing to the eye! I didn't snack at all this day, nor did I feel the need to! - FYI snacking is okay, and sometimes you need it. I just felt satisfied with the food I'd eaten...

Look after the body that looks after you! âœ¨

#phenylketonuria #mentalwellness #fuelyourbody #positivemindset #wellnessjourney #lowprotein #vegetables #vegetarian #occasionalvegan #veganrecipes #metabolichealth #feelgoodfood #bodypositivity #foodforthesoul #foodphotography #lowproteincooking #pkufoodlovers #foodlover #mealideas #mindfulness #mindfuleating #foodforthesoul #mostlyplantbased #plantbaseddiet #plantbasednutrition #plantbasedfood",It all looks delicious! ğŸ‘
6,#losos#salmon#salmonlunch#lunch#lunchtime#lemon#salmonfish#fish#ryba#zelenina#vegetables#redpepper#tomato#cucumber#romainelettuce#lettuce#home#cooking#cookingtime#cookingathome#cook#cookingathome#cookingday#health#healthylifestyle#healthyfood#foodporn#food#foodtime
20,"TBT to 2010! The last picture of my proper allotment before with some reluctance, but quite a bit of relief I let it go.. It was a great 8 years, learnt loads, grew some amazing fruit and veg,  but keeping on top of a full sized allotment is no joke! 

Life just got too busy.ğŸ¤¦â€â™‚ï¸ğŸ¤£

I did leave 4 apple trees, an asparagus bed and a greenhouse for the next person to build upon, it was a just a muddy, couch grass mess when I started.

Back in 2002 you could just pick one up to rent(no waiting list) for Â£17.10 for the year.ğŸ¤—

â¡ï¸swipe to see my helpers and the original council receipts

I love the phrase ""use it or lose it""ğŸ‘ğŸ‘

#homegrown #allotmentgarden #greenhouse #growyourownfood #allotments #garden #vegetables #tbt",@kiwi_lea how much does @ollyt06 look like Otto here!,Use it or loose it - talking about my golf game....,I just checked out our local allotment waiting lists... thereâ€™s over 50 people on each of the 3 allotment lists and the people at the top have been waiting over 3 years ğŸ˜­ğŸ˜­
17,"Winter salad ğŸŒ¾ savoy cabbage, tomato, black beans, chickpeas, olives, chicory and princess beans
.
.
#vegetables #salad #leftovers #greenliving #veganlifestyle #vegetarianfood #eatyourgreens #homecooking #familytime #home #vegancooking #healthyliving #goinggreen #naturalfood #foodinspo #simplefood #vegetarianlifestyle #homecooking #eathealthy #goodstuff #veganfoodlover #instagood #veganfood #souptime #vegetarianlifestyle #goodfood #eathappy #healthyfoodporn #healthyliving #healthylifestyle #vegannutrition"
10,"// GROW // HAPPY CHINESE NEW YEAR FRIENDS! May your year ahead be smooth sailing and full of happiness and awesomeness! Cheers to a better year!

And we've got some fresh reunion dinner ingredients! (One of the common traditions during the lunar new year, to gather with family and friends for a meal.) Traded our fresh eggs for some young ginger and tang o! Thanks @corridorfarmers! Gotta love the sharing nature of the farming community. 

#cny #lunarnewyear #smoothsailing #smoothlikebutter #eggs #eggcited #ginger #vegetables #backyardfarm #twostrawhats #singapore #urbanfarmer #urbancommunity #farmerfriends #sgfarms",ğŸ”¥ Lit!!! Happy New Year @twostrawhats.farm
7,#food #knowledge #rightfood #quantity #life #lifestyle #nutrition #nutritionist #nutritionfacts #simple #fruits #vegetables #fish #chicken #butter #cereals #pulses #oil #milk #fat #fatloss #muscles #health #healthyfood #healthylifestyle #weight #weightgain #weightlossjourney #sportsnutrition #sports
0,"SIDE for today
#safronrice
#vegetables"
71,"VEGAN COOKING

Best FOod ?! 

Rice & Leek & Plantain 

Sauce : Coco milk & Curry & Turmeric 

La #gainance câ€™est aussi dans lâ€™assiette 

#cooking #healthyfood #healthylifestyle #healthy #vegan #veganfood #vegetarien #vege #vegetables #vegetarian #vegetarianrecipes #brooksrunning #brooksrunhappyteam #runhappyteam #runhappyathome #runhappyteamfr"
